customer_id,age,gender,region,tenure,monthly_charges,total_charges,contract,internet_service,support_tickets,satisfaction_score,payment_method,churn
C00001,23,Male,South,6,107.88,594.95,Month-to-month,Fiber optic,5,10.0,Bank transfer,No
C00002,62,Male,South,37,106.79,4079.77,Month-to-month,No,1,6.0,Credit card,No
C00003,55,Female,East,42,48.31,1768.7,Month-to-month,DSL,2,7.0,Credit card,No
C00004,43,Female,West,53,29.22,1535.94,One year,DSL,1,6.0,Credit card,No
C00005,42,Female,South,42,59.94,2560.25,Month-to-month,Fiber optic,1,10.0,Mailed check,No
C00006,66,Female,West,14,43.07,902.98,Month-to-month,Fiber optic,2,2.0,Mailed check,No
C00007,22,Male,West,27,70.52,1813.87,Month-to-month,Fiber optic,3,4.0,Credit card,No
C00008,57,Female,North,32,137.62,4385.59,Two year,Fiber optic,3,7.0,Electronic check,No
C00009,29,Female,Central,71,45.82,3506.36,Month-to-month,Fiber optic,3,5.0,Mailed check,No
C00010,23,Male,North,39,61.67,2316.88,Month-to-month,DSL,1,10.0,Electronic check,No
C00011,48,Female,West,46,108.39,5147.15,Month-to-month,Fiber optic,2,6.0,Electronic check,Yes
C00012,73,Male,East,53,83.56,4487.58,Month-to-month,No,3,2.0,Credit card,No
C00013,59,Female,West,27,30.05,778.2,One year,Fiber optic,0,7.0,Bank transfer,No
C00014,61,Female,West,70,43.59,3119.04,One year,Fiber optic,0,4.0,Electronic check,No
C00015,58,Female,West,49,132.55,6472.82,Month-to-month,DSL,2,5.0,Electronic check,No
C00016,62,Female,West,62,36.86,2585.32,Two year,DSL,0,1.0,Bank transfer,No
C00017,47,Male,Central,54,98.04,4994.16,Month-to-month,Fiber optic,1,9.0,Bank transfer,No
C00018,25,Female,West,45,116.12,5183.03,Two year,Fiber optic,3,5.0,Electronic check,No
C00019,65,Female,Central,3,55.53,128.62,Month-to-month,Fiber optic,2,9.0,Electronic check,No
C00020,43,Female,East,43,108.38,4640.24,Month-to-month,Fiber optic,0,5.0,Bank transfer,No
C00021,46,Female,South,10,44.54,607.46,Two year,No,3,10.0,Electronic check,No
C00022,39,Male,South,44,57.75,2473.94,Two year,No,1,4.0,Electronic check,No
C00023,28,Female,West,51,60.86,3177.67,One year,DSL,1,2.0,Mailed check,No
C00024,70,Male,East,40,139.59,5618.32,One year,DSL,1,5.0,Credit card,No
C00025,62,Female,North,23,49.68,1268.41,One year,No,2,1.0,Credit card,No
C00026,54,Male,South,5,39.86,178.72,One year,Fiber optic,2,9.0,Credit card,No
C00027,40,Male,Central,49,131.45,6489.38,Month-to-month,Fiber optic,1,10.0,Bank transfer,Yes
C00028,64,Male,West,51,43.62,2206.1,Month-to-month,DSL,2,3.0,Credit card,No
C00029,49,Female,West,35,126.12,4266.29,One year,Fiber optic,1,1.0,Bank transfer,No
C00030,43,Male,North,52,99.8,5429.46,One year,DSL,3,8.0,Bank transfer,No
C00031,43,Male,North,57,91.34,5092.05,Two year,DSL,4,7.0,Electronic check,No
C00032,30,Female,South,37,111.4,4050.03,Month-to-month,Fiber optic,2,8.0,Credit card,Yes
C00033,23,Male,Central,4,108.49,305.44,Month-to-month,Fiber optic,1,6.0,Electronic check,No
C00034,49,Male,East,63,37.71,2436.03,Month-to-month,DSL,1,6.0,Bank transfer,No
C00035,68,Male,West,34,139.94,4686.24,Two year,Fiber optic,4,3.0,Bank transfer,Yes
C00036,21,Male,East,49,133.32,6759.97,Month-to-month,Fiber optic,3,4.0,Bank transfer,Yes
C00037,66,Female,East,66,128.11,8535.35,Two year,Fiber optic,1,7.0,Credit card,No
C00038,65,Female,West,27,96.56,2565.59,Month-to-month,Fiber optic,4,10.0,Credit card,No
C00039,33,Female,Central,45,85.12,3693.94,Month-to-month,DSL,2,4.0,Bank transfer,No
C00040,54,Male,East,2,86.67,156.73,One year,Fiber optic,2,4.0,Electronic check,No
C00041,27,Male,East,64,26.72,1788.08,Month-to-month,No,2,6.0,Mailed check,No
C00042,61,Male,Central,5,82.44,405.32,Two year,DSL,1,1.0,Credit card,Yes
C00043,57,Male,South,39,96.73,3751.42,Month-to-month,No,4,7.0,Credit card,Yes
C00044,38,Female,,26,100.75,2466.43,Month-to-month,DSL,0,2.0,Bank transfer,No
C00045,21,Female,East,3,63.2,489.6,One year,Fiber optic,3,7.0,Bank transfer,No
C00046,73,Male,Central,34,79.2,2662.63,Two year,Fiber optic,4,9.0,Credit card,No
C00047,43,Female,East,68,98.18,6470.06,Month-to-month,No,5,10.0,Credit card,No
C00048,68,Female,West,13,74.26,804.12,Month-to-month,DSL,3,2.0,Bank transfer,Yes
C00049,56,Male,South,22,135.65,2932.68,One year,DSL,1,6.0,Credit card,No
C00050,62,Female,West,14,106.13,1777.54,Two year,Fiber optic,2,5.0,Credit card,No
C00051,61,Male,South,9,25.15,200.79,Two year,DSL,0,5.0,Bank transfer,No
C00052,29,Male,West,17,27.68,414.34,Two year,Fiber optic,2,7.0,Electronic check,No
C00053,38,Female,West,42,104.38,4510.66,Month-to-month,No,0,10.0,Bank transfer,No
C00054,44,Female,East,57,72.45,4267.3,One year,DSL,1,6.0,Electronic check,No
C00055,46,Male,East,50,121.54,6175.86,Two year,No,0,6.0,Bank transfer,No
C00056,20,Female,South,56,44.9,2544.38,Two year,DSL,4,7.0,Electronic check,No
C00057,49,Female,West,52,26.59,1217.03,One year,No,4,6.0,Credit card,No
C00058,26,Female,East,28,69.63,1836.99,One year,No,1,4.0,Electronic check,No
C00059,60,Male,East,65,109.65,6888.61,Two year,Fiber optic,3,9.0,Electronic check,No
C00060,56,Female,North,13,136.75,1744.16,Month-to-month,No,2,7.0,Credit card,No
C00061,70,Female,North,51,126.62,6393.92,Month-to-month,No,2,6.0,Credit card,No
C00062,60,Female,North,8,80.67,566.09,Two year,DSL,1,1.0,Credit card,Yes
C00063,38,Female,Central,56,118.47,6676.21,Month-to-month,DSL,3,3.0,Mailed check,Yes
C00064,73,Female,Central,7,33.09,133.05,Month-to-month,DSL,2,3.0,Electronic check,Yes
C00065,41,Female,North,16,90.81,1401.89,Month-to-month,Fiber optic,0,,Credit card,No
C00066,36,Female,North,29,131.29,3734.46,One year,Fiber optic,0,2.0,Credit card,No
C00067,69,Female,West,51,70.58,3594.8,Two year,Fiber optic,2,4.0,Bank transfer,No
C00068,39,Male,East,4,135.41,596.34,One year,Fiber optic,3,5.0,Electronic check,Yes
C00069,22,Male,South,19,50.38,755.54,Month-to-month,Fiber optic,1,8.0,Credit card,No
C00070,44,Female,West,25,37.15,996.73,Month-to-month,DSL,4,2.0,Bank transfer,Yes
C00071,63,Female,South,53,85.35,4563.19,Month-to-month,DSL,4,7.0,Credit card,No
C00072,28,Female,North,70,129.33,9115.89,Two year,No,2,6.0,Mailed check,No
C00073,44,Male,South,45,60.8,2755.98,Month-to-month,Fiber optic,0,8.0,Electronic check,No
C00074,25,Female,Central,37,117.02,4383.97,One year,Fiber optic,0,2.0,Electronic check,No
C00075,57,Male,West,25,44.46,1049.15,One year,DSL,2,6.0,Credit card,No
C00076,45,Male,North,60,110.74,6710.91,One year,No,1,5.0,Electronic check,Yes
C00077,36,Male,East,8,89.06,884.17,One year,DSL,1,3.0,Credit card,No
C00078,30,Male,Central,10,45.13,376.99,One year,Fiber optic,3,1.0,Electronic check,Yes
C00079,50,Female,Central,15,107.58,1544.84,One year,DSL,2,4.0,Credit card,Yes
C00080,56,Female,West,20,107.08,2236.18,Month-to-month,DSL,4,5.0,Mailed check,Yes
C00081,71,Male,North,34,84.28,2782.42,Month-to-month,Fiber optic,2,1.0,Mailed check,No
C00082,42,Female,South,69,50.93,3406.28,Month-to-month,Fiber optic,4,9.0,Electronic check,No
C00083,27,Male,South,47,40.21,1953.2,Month-to-month,Fiber optic,1,7.0,Electronic check,No
C00084,65,Male,North,28,135.08,3717.67,One year,DSL,3,4.0,Mailed check,Yes
C00085,53,Female,North,16,100.42,1789.98,Month-to-month,No,5,1.0,Credit card,Yes
C00086,57,Male,South,47,118.06,5478.89,Two year,Fiber optic,1,8.0,Credit card,No
C00087,23,Female,East,19,105.15,1874.98,Month-to-month,No,0,1.0,Bank transfer,No
C00088,35,Male,South,71,120.39,8546.97,One year,DSL,2,5.0,Credit card,No
C00089,61,Male,East,35,43.69,1594.46,Month-to-month,Fiber optic,0,3.0,Credit card,Yes
C00090,65,Female,South,40,82.15,3334.05,Month-to-month,Fiber optic,6,3.0,Mailed check,Yes
C00091,42,Female,North,66,101.72,6794.36,Month-to-month,Fiber optic,4,8.0,Credit card,No
C00092,63,Male,Central,22,36.89,728.61,One year,Fiber optic,1,4.0,Bank transfer,No
C00093,65,Male,East,34,42.25,1606.82,Month-to-month,Fiber optic,6,3.0,Mailed check,Yes
C00094,40,Female,South,39,97.91,3570.19,One year,DSL,0,4.0,Credit card,No
C00095,69,Male,Central,20,124.9,2380.87,One year,DSL,4,2.0,Mailed check,Yes
C00096,34,Male,Central,4,100.95,409.56,Two year,DSL,4,8.0,Electronic check,Yes
C00097,31,Female,Central,21,29.16,507.79,One year,No,2,5.0,Mailed check,No
C00098,56,Male,North,9,136.6,1182.95,One year,DSL,0,3.0,Electronic check,Yes
C00099,54,Female,West,49,41.04,1863.71,Two year,DSL,0,4.0,Electronic check,Yes
C00100,25,Male,Central,1,51.74,51.74,Month-to-month,Fiber optic,3,10.0,Bank transfer,No
C00101,65,Female,Central,23,137.12,3223.22,One year,DSL,0,6.0,Mailed check,No
C00102,29,Female,South,64,113.67,7194.55,Month-to-month,No,1,7.0,Bank transfer,No
C00103,63,Male,Central,41,132.71,5309.26,One year,DSL,6,9.0,Bank transfer,No
C00104,18,Male,East,49,117.76,5701.1,Month-to-month,No,0,5.0,Mailed check,No
C00105,63,Male,East,49,99.95,5063.13,Month-to-month,Fiber optic,2,4.0,Credit card,No
C00106,62,Female,East,22,57.72,1434.18,One year,Fiber optic,2,10.0,Mailed check,No
C00107,62,Female,West,46,62.59,2807.42,Month-to-month,Fiber optic,3,6.0,Electronic check,No
C00108,55,Female,North,16,133.94,2219.28,Month-to-month,Fiber optic,3,3.0,Electronic check,Yes
C00109,44,Male,East,46,123.97,5699.87,Month-to-month,Fiber optic,1,9.0,Electronic check,No
C00110,58,Male,Central,50,66.34,3509.61,Two year,DSL,5,8.0,Mailed check,No
C00111,33,Female,East,64,67.93,4376.25,Month-to-month,No,0,5.0,Electronic check,No
C00112,62,Female,South,67,59.23,3938.18,Month-to-month,Fiber optic,4,3.0,Credit card,Yes
C00113,49,Female,North,2,62.5,364.98,Two year,Fiber optic,0,7.0,Electronic check,Yes
C00114,44,Male,East,22,123.98,2588.99,Two year,Fiber optic,1,6.0,Electronic check,No
C00115,46,Male,West,40,26.21,1096.28,Month-to-month,Fiber optic,0,3.0,Credit card,No
C00116,50,Male,East,24,75.15,2008.51,Month-to-month,Fiber optic,2,1.0,Electronic check,Yes
C00117,20,Male,Central,45,133.43,6104.27,Month-to-month,Fiber optic,2,9.0,Mailed check,No
C00118,25,Male,West,62,87.4,5304.37,Two year,DSL,2,9.0,Mailed check,Yes
C00119,31,Female,East,19,76.8,1336.7,Month-to-month,Fiber optic,3,10.0,Credit card,Yes
C00120,24,Male,North,65,60.92,3748.53,Month-to-month,DSL,0,4.0,Credit card,No
C00121,43,Female,East,64,33.5,2366.44,Month-to-month,No,2,8.0,Mailed check,No
C00122,56,Female,North,66,50.82,3184.19,One year,Fiber optic,2,6.0,Credit card,No
C00123,55,Female,West,6,35.4,319.41,Month-to-month,No,5,3.0,Electronic check,Yes
C00124,44,Female,North,22,39.57,656.56,One year,Fiber optic,0,10.0,Electronic check,No
C00125,66,Male,Central,9,43.8,694.2,Month-to-month,Fiber optic,1,4.0,Credit card,No
C00126,50,Female,South,9,59.73,334.64,One year,No,3,1.0,Credit card,No
C00127,22,Male,East,4,26.27,111.46,Two year,DSL,2,2.0,Credit card,No
C00128,61,Female,North,32,134.27,4478.45,Month-to-month,Fiber optic,0,10.0,Bank transfer,Yes
C00129,50,Female,South,7,39.24,169.22,Month-to-month,DSL,0,1.0,Credit card,Yes
C00130,54,Female,Central,22,69.06,1603.89,Month-to-month,DSL,4,6.0,Electronic check,No
C00131,50,Male,South,71,126.15,8914.38,One year,Fiber optic,3,5.0,Credit card,No
C00132,49,Male,East,64,37.26,2442.87,Month-to-month,Fiber optic,2,8.0,Bank transfer,No
C00133,23,Male,Central,68,80.61,5643.6,One year,No,2,9.0,Electronic check,No
C00134,49,Male,West,3,122.15,302.19,Month-to-month,DSL,3,5.0,Electronic check,Yes
C00135,63,Female,North,48,89.05,4498.94,One year,Fiber optic,4,7.0,Bank transfer,No
C00136,35,Male,South,46,49.19,2315.6,One year,DSL,7,9.0,Credit card,No
C00137,52,Male,South,10,109.58,1388.07,Month-to-month,DSL,2,9.0,Electronic check,Yes
C00138,19,Female,South,66,103.35,6696.31,Month-to-month,DSL,3,9.0,Credit card,No
C00139,37,Male,South,30,66.65,1903.19,One year,Fiber optic,1,8.0,Credit card,No
C00140,42,Female,East,71,30.32,2117.88,Month-to-month,Fiber optic,2,4.0,Electronic check,No
C00141,74,Male,South,9,25.9,51.2,One year,DSL,0,6.0,Bank transfer,No
C00142,30,Male,South,47,119.92,5775.12,Two year,DSL,1,8.0,Credit card,No
C00143,33,Female,East,10,61.98,608.42,Month-to-month,Fiber optic,1,3.0,Electronic check,No
C00144,41,Female,South,69,40.84,2646.04,Month-to-month,No,3,10.0,Mailed check,No
C00145,74,Female,South,44,84.63,3600.3,Month-to-month,DSL,1,5.0,Credit card,Yes
C00146,66,Female,East,6,130.9,654.91,Month-to-month,Fiber optic,1,8.0,Mailed check,No
C00147,19,Male,Central,16,25.98,554.23,Two year,Fiber optic,1,6.0,Electronic check,No
C00148,31,Female,East,26,31.46,886.54,Two year,Fiber optic,2,10.0,Credit card,No
C00149,64,Male,East,1,72.96,72.96,Month-to-month,DSL,2,7.0,Bank transfer,Yes
C00150,21,Female,Central,1,102.74,102.74,Two year,No,1,8.0,Mailed check,Yes
C00151,66,Male,West,67,79.75,5307.44,Month-to-month,Fiber optic,0,8.0,Bank transfer,No
C00152,34,Female,South,71,128.22,9370.79,Two year,Fiber optic,1,4.0,Bank transfer,No
C00153,70,Male,South,39,30.07,1137.64,Two year,No,0,4.0,Bank transfer,Yes
C00154,34,Female,East,65,64.12,4296.43,Month-to-month,No,2,9.0,Electronic check,No
C00155,42,Female,East,48,65.41,3090.28,One year,Fiber optic,3,5.0,Bank transfer,No
C00156,55,Female,North,3,64.11,444.7,One year,No,2,7.0,Credit card,No
C00157,25,Female,North,52,81.08,4033.28,Month-to-month,DSL,3,6.0,Electronic check,No
C00158,49,Male,South,2,115.92,352.89,Month-to-month,Fiber optic,3,1.0,Electronic check,Yes
C00159,46,Male,Central,59,61.56,3518.13,One year,Fiber optic,2,5.0,Electronic check,No
C00160,62,Female,West,27,110.62,3286.74,Month-to-month,No,1,2.0,Electronic check,Yes
C00161,74,Male,Central,11,41.84,564.84,Month-to-month,Fiber optic,0,1.0,Electronic check,Yes
C00162,55,Male,North,19,89.48,1444.55,Month-to-month,DSL,2,3.0,Electronic check,No
C00163,41,Male,East,50,68.14,3267.28,One year,Fiber optic,1,3.0,Bank transfer,No
C00164,41,Female,East,61,87.01,5410.38,Month-to-month,Fiber optic,0,8.0,Credit card,No
C00165,41,Male,East,42,37.39,1669.05,Month-to-month,Fiber optic,1,3.0,Electronic check,No
C00166,64,Male,East,12,134.65,1703.27,Month-to-month,Fiber optic,0,8.0,Bank transfer,No
C00167,36,Female,South,65,129.21,8422.14,Month-to-month,DSL,2,3.0,Electronic check,Yes
C00168,27,Male,North,57,120.04,6794.44,One year,DSL,3,9.0,Credit card,No
C00169,37,Male,Central,30,127.67,3993.11,Month-to-month,Fiber optic,0,6.0,Mailed check,Yes
C00170,19,Male,Central,40,41.87,1545.18,One year,Fiber optic,0,1.0,Bank transfer,No
C00171,24,Female,North,70,82.93,5813.12,Month-to-month,Fiber optic,6,2.0,Credit card,No
C00172,23,Male,East,28,61.56,1630.66,One year,No,1,1.0,Credit card,No
C00173,61,Female,East,2,127.05,149.11,Month-to-month,Fiber optic,4,5.0,Electronic check,No
C00174,59,Male,West,11,46.79,445.84,Two year,Fiber optic,2,3.0,Credit card,No
C00175,57,Male,Central,44,50.29,2102.47,Month-to-month,Fiber optic,1,1.0,Electronic check,Yes
C00176,44,Male,,72,103.97,7568.3,Two year,No,3,7.0,Credit card,No
C00177,58,Male,West,54,35.22,1680.46,Month-to-month,Fiber optic,0,9.0,Mailed check,No
C00178,27,Male,Central,45,109.22,4979.55,Month-to-month,No,3,9.0,Bank transfer,No
C00179,69,Male,Central,24,55.83,1244.78,One year,DSL,0,2.0,Credit card,No
C00180,46,Male,South,32,101.01,3236.88,Month-to-month,Fiber optic,2,9.0,Bank transfer,Yes
C00181,71,Female,Central,3,125.4,351.17,Month-to-month,DSL,1,5.0,Bank transfer,No
C00182,26,Female,East,27,95.11,2493.09,One year,Fiber optic,0,3.0,Credit card,Yes
C00183,46,Female,North,45,49.46,2407.67,One year,No,0,2.0,Mailed check,No
C00184,57,Female,West,66,30.65,1967.27,One year,No,2,8.0,Credit card,No
C00185,46,Female,Central,67,30.13,2124.24,Two year,DSL,2,3.0,Bank transfer,No
C00186,43,Female,South,60,35.21,2220.06,Month-to-month,No,3,7.0,Electronic check,No
C00187,27,Female,East,2,91.68,142.47,Month-to-month,DSL,1,6.0,Credit card,No
C00188,39,Male,South,59,65.05,3649.27,One year,Fiber optic,3,10.0,Credit card,No
C00189,31,Female,North,16,52.96,715.04,Month-to-month,Fiber optic,1,8.0,Electronic check,Yes
C00190,35,Male,Central,45,50.22,2451.72,Month-to-month,Fiber optic,2,8.0,Bank transfer,No
C00191,56,Female,North,69,134.09,9326.09,Month-to-month,Fiber optic,3,5.0,Mailed check,No
C00192,53,Female,East,64,38.66,2495.07,Month-to-month,Fiber optic,1,6.0,Bank transfer,No
C00193,52,Male,North,48,60.05,2797.35,Month-to-month,Fiber optic,1,2.0,Electronic check,Yes
C00194,38,Male,West,22,79.22,2002.61,Month-to-month,Fiber optic,1,8.0,Electronic check,Yes
C00195,72,Male,Central,38,25.05,821.68,One year,Fiber optic,2,8.0,Electronic check,No
C00196,22,Male,West,51,130.91,6697.37,One year,Fiber optic,1,4.0,Electronic check,Yes
C00197,37,Female,West,38,36.4,1458.47,Two year,Fiber optic,2,2.0,Electronic check,Yes
C00198,24,Female,Central,30,103.48,2908.54,Month-to-month,DSL,1,8.0,Electronic check,Yes
C00199,37,Female,Central,30,97.32,2805.83,Month-to-month,Fiber optic,1,8.0,Electronic check,Yes
C00200,72,Female,Central,44,118.04,5125.13,One year,Fiber optic,5,8.0,Electronic check,No
C00201,38,Male,South,3,99.91,429.02,Month-to-month,DSL,1,1.0,Electronic check,Yes
C00202,69,Male,East,72,113.48,8104.88,Month-to-month,DSL,2,9.0,Mailed check,No
C00203,46,Female,Central,8,73.44,372.09,One year,No,2,4.0,Mailed check,Yes
C00204,57,Female,South,71,81.2,5535.36,One year,No,3,3.0,Bank transfer,No
C00205,44,Female,West,3,105.69,202.02,Month-to-month,Fiber optic,1,6.0,Electronic check,Yes
C00206,33,Male,North,37,90.37,3120.17,One year,Fiber optic,5,9.0,Electronic check,Yes
C00207,61,Female,Central,31,83.83,2714.03,One year,No,3,9.0,Credit card,No
C00208,73,Female,West,42,48.64,2164.06,Two year,Fiber optic,5,2.0,Bank transfer,Yes
C00209,33,Male,West,32,54.68,1750.82,Month-to-month,DSL,6,10.0,Bank transfer,No
C00210,62,Male,Central,65,66.23,4265.48,One year,Fiber optic,1,8.0,Bank transfer,No
C00211,32,Male,South,2,26.07,163.38,One year,No,2,10.0,Credit card,No
C00212,58,Male,,71,73.0,5288.03,Month-to-month,Fiber optic,1,10.0,Mailed check,No
C00213,62,Male,Central,50,25.32,1118.0,One year,DSL,2,6.0,Bank transfer,No
C00214,43,Female,North,57,89.98,5001.58,One year,No,1,1.0,Electronic check,No
C00215,60,,Central,11,105.96,1271.54,Month-to-month,Fiber optic,5,1.0,Credit card,Yes
C00216,33,Male,South,5,89.65,488.83,Month-to-month,Fiber optic,1,7.0,Credit card,Yes
C00217,22,Female,East,29,104.75,3128.99,Month-to-month,No,3,1.0,Electronic check,Yes
C00218,23,Female,East,24,25.0,465.91,One year,Fiber optic,3,7.0,Credit card,Yes
C00219,43,Male,West,57,31.84,1702.13,Month-to-month,No,2,2.0,Credit card,No
C00220,69,Male,Central,65,105.32,6915.38,Month-to-month,No,3,9.0,Credit card,No
C00221,25,Male,South,31,117.33,3534.94,Month-to-month,DSL,2,3.0,Mailed check,Yes
C00222,43,Female,North,56,107.54,5794.25,One year,Fiber optic,1,2.0,Electronic check,No
C00223,58,Female,East,5,101.25,406.23,One year,Fiber optic,1,4.0,Mailed check,Yes
C00224,29,Female,West,54,106.35,5712.13,Month-to-month,No,6,10.0,Electronic check,Yes
C00225,59,Female,West,8,110.05,1135.6,Month-to-month,No,2,6.0,Mailed check,No
C00226,35,Male,West,49,108.3,5180.93,Month-to-month,No,1,10.0,Electronic check,No
C00227,64,Male,South,28,109.87,3067.11,Month-to-month,Fiber optic,2,3.0,Credit card,Yes
C00228,51,Female,Central,30,33.51,1305.3,One year,Fiber optic,3,7.0,Mailed check,No
C00229,49,Male,North,20,32.28,481.59,Month-to-month,DSL,1,2.0,Electronic check,Yes
C00230,28,Male,North,30,66.53,2094.97,One year,Fiber optic,2,5.0,Bank transfer,No
C00231,44,Male,North,63,85.67,5290.56,One year,DSL,3,4.0,Credit card,No
C00232,66,Male,Central,59,112.7,6709.55,Two year,No,3,7.0,Credit card,No
C00233,19,Male,North,25,63.49,1887.25,Month-to-month,Fiber optic,2,7.0,Bank transfer,No
C00234,61,Male,West,22,56.64,1364.81,Month-to-month,Fiber optic,5,1.0,Electronic check,Yes
C00235,46,Male,Central,37,114.87,4272.97,Month-to-month,DSL,2,7.0,Bank transfer,No
C00236,59,Female,West,50,53.67,2540.83,Two year,Fiber optic,1,8.0,Electronic check,No
C00237,55,Female,Central,14,119.4,1645.29,One year,Fiber optic,0,4.0,Bank transfer,No
C00238,42,Female,North,53,45.37,2319.81,One year,No,3,1.0,Credit card,No
C00239,35,Female,East,69,66.34,4359.88,One year,No,3,5.0,Electronic check,No
C00240,53,Female,East,61,71.12,4038.32,Month-to-month,Fiber optic,2,4.0,Electronic check,No
C00241,25,Male,West,40,59.44,2253.03,One year,No,3,8.0,Credit card,No
C00242,51,Female,West,24,25.39,604.63,One year,DSL,2,2.0,Electronic check,No
C00243,23,Female,East,24,52.08,1417.82,Month-to-month,DSL,2,3.0,Credit card,No
C00244,55,Female,South,54,63.83,3336.09,Two year,Fiber optic,3,8.0,Mailed check,No
C00245,53,Male,North,33,61.07,2044.05,Two year,Fiber optic,0,10.0,Electronic check,No
C00246,22,Male,East,8,115.34,667.54,Two year,DSL,2,6.0,Credit card,No
C00247,61,Female,South,49,30.45,1371.99,One year,DSL,2,1.0,Mailed check,No
C00248,41,Female,East,10,69.73,397.3,Month-to-month,Fiber optic,0,,Mailed check,No
C00249,62,Female,West,72,29.31,2410.32,One year,DSL,0,1.0,Electronic check,No
C00250,20,Female,,31,132.02,4122.32,Month-to-month,Fiber optic,0,1.0,Bank transfer,Yes
C00251,28,Male,East,25,115.87,2921.71,One year,Fiber optic,1,7.0,Electronic check,No
C00252,46,Male,North,4,137.95,632.08,Month-to-month,No,3,4.0,Bank transfer,Yes
C00253,28,Female,West,13,129.67,1985.71,Two year,DSL,1,1.0,Credit card,No
C00254,36,Female,East,69,61.32,4165.79,Month-to-month,DSL,2,5.0,Electronic check,No
C00255,55,Male,North,39,104.53,3929.55,Month-to-month,DSL,2,4.0,Credit card,Yes
C00256,26,Male,South,65,60.25,4216.25,Month-to-month,DSL,1,7.0,Electronic check,No
C00257,56,Male,West,69,127.14,8588.03,One year,Fiber optic,2,10.0,Credit card,No
C00258,23,Male,Central,4,72.24,483.68,Month-to-month,Fiber optic,1,2.0,Credit card,Yes
C00259,27,Female,East,28,68.23,1899.37,Month-to-month,DSL,3,7.0,Mailed check,No
C00260,51,Male,Central,61,130.12,8002.32,Month-to-month,No,4,7.0,Credit card,No
C00261,63,Female,North,36,121.23,4148.77,Month-to-month,Fiber optic,0,10.0,Bank transfer,No
C00262,27,Male,South,37,136.14,5337.18,Two year,DSL,3,4.0,Electronic check,No
C00263,35,,Central,42,32.65,1313.97,Month-to-month,DSL,3,2.0,Mailed check,No
C00264,70,Male,North,51,52.98,2596.78,Month-to-month,No,0,10.0,Credit card,No
C00265,74,Female,West,68,59.6,4135.06,Month-to-month,Fiber optic,4,1.0,Electronic check,Yes
C00266,51,Female,South,64,73.8,4626.46,Month-to-month,No,5,5.0,Credit card,No
C00267,43,Female,South,46,79.41,3716.53,Month-to-month,DSL,4,7.0,Electronic check,No
C00268,37,Female,East,42,58.52,2268.69,Month-to-month,Fiber optic,5,2.0,Electronic check,Yes
C00269,52,Female,South,26,115.9,3035.24,Month-to-month,DSL,2,3.0,Electronic check,Yes
C00270,51,Female,Central,9,50.67,365.56,Month-to-month,Fiber optic,2,2.0,Credit card,Yes
C00271,34,Male,Central,52,105.1,5347.7,Month-to-month,Fiber optic,0,9.0,Electronic check,No
C00272,19,Male,East,1,122.95,122.95,One year,Fiber optic,3,3.0,Bank transfer,Yes
C00273,26,Male,East,51,94.43,4948.81,Month-to-month,DSL,2,7.0,Electronic check,No
C00274,72,Male,North,36,65.73,2313.72,One year,DSL,3,3.0,Electronic check,No
C00275,41,Female,South,57,46.61,2629.19,One year,Fiber optic,2,7.0,Electronic check,No
C00276,45,Male,North,69,40.45,2855.11,Two year,DSL,0,8.0,Credit card,No
C00277,44,Male,Central,40,110.58,4594.22,Month-to-month,Fiber optic,5,1.0,Electronic check,Yes
C00278,62,Female,South,42,78.95,3177.41,One year,DSL,2,8.0,Electronic check,No
C00279,21,Male,South,36,30.33,1124.98,Two year,DSL,2,7.0,Electronic check,No
C00280,22,Male,Central,27,138.14,3593.33,Two year,No,3,1.0,Mailed check,No
C00281,33,Female,West,7,102.2,684.12,One year,DSL,2,3.0,Electronic check,Yes
C00282,45,Female,West,3,122.08,526.0,Month-to-month,Fiber optic,4,9.0,Electronic check,Yes
C00283,56,Female,North,53,75.39,3695.67,Two year,Fiber optic,3,5.0,Credit card,Yes
C00284,45,Female,East,66,134.88,8763.65,One year,DSL,0,1.0,Credit card,No
C00285,43,Female,East,4,47.95,157.1,Month-to-month,Fiber optic,1,7.0,Electronic check,Yes
C00286,71,Female,South,24,46.29,1168.05,Month-to-month,Fiber optic,2,8.0,Mailed check,Yes
C00287,27,Male,West,44,127.39,5788.12,Two year,No,3,5.0,Bank transfer,No
C00288,50,Female,Central,51,127.55,6250.46,Month-to-month,Fiber optic,4,2.0,Credit card,No
C00289,48,Male,South,53,82.39,4578.99,One year,Fiber optic,1,2.0,Credit card,No
C00290,44,Male,South,50,39.47,2051.62,Month-to-month,Fiber optic,2,4.0,Bank transfer,No
C00291,64,Female,South,7,60.1,384.61,One year,No,2,5.0,Electronic check,No
C00292,33,Female,Central,19,111.73,1902.51,Month-to-month,Fiber optic,4,8.0,Mailed check,Yes
C00293,72,Male,North,34,122.29,4071.99,One year,Fiber optic,3,7.0,Electronic check,No
C00294,36,Female,Central,5,64.98,478.68,Month-to-month,DSL,1,3.0,Credit card,Yes
C00295,49,Female,West,25,32.04,804.96,Two year,DSL,5,7.0,Electronic check,No
C00296,47,Female,East,28,101.56,2816.56,Month-to-month,DSL,3,2.0,Bank transfer,No
C00297,66,Male,East,71,110.04,7667.12,Month-to-month,DSL,2,2.0,Bank transfer,No
C00298,43,Female,Central,23,73.76,1806.68,Month-to-month,No,3,8.0,Credit card,Yes
C00299,34,Male,West,70,92.06,6421.74,Month-to-month,No,0,10.0,Electronic check,No
C00300,19,,South,51,138.55,7030.56,Two year,DSL,1,7.0,Bank transfer,Yes
C00301,38,Male,North,50,53.17,2644.21,Month-to-month,No,5,5.0,Mailed check,No
C00302,65,Female,West,60,90.89,5356.61,Month-to-month,Fiber optic,0,9.0,Electronic check,No
C00303,18,Male,North,61,95.26,5688.57,One year,Fiber optic,2,4.0,Electronic check,No
C00304,69,Male,North,17,88.15,1270.62,Month-to-month,No,1,7.0,Credit card,No
C00305,48,Male,Central,31,124.95,3780.53,Month-to-month,Fiber optic,3,7.0,Bank transfer,No
C00306,25,Female,East,39,94.58,3418.6,One year,Fiber optic,0,1.0,Electronic check,No
C00307,35,Male,West,71,83.41,5994.97,Month-to-month,DSL,1,10.0,Electronic check,No
C00308,49,Female,South,3,39.15,39.15,Two year,DSL,0,7.0,Credit card,Yes
C00309,35,Male,North,35,105.87,3646.6,One year,No,1,3.0,Bank transfer,Yes
C00310,24,Male,North,16,40.19,637.47,Month-to-month,DSL,0,9.0,Electronic check,No
C00311,55,Female,South,15,28.06,300.57,One year,DSL,3,4.0,Credit card,Yes
C00312,56,Female,North,55,81.18,4288.65,Two year,DSL,3,1.0,Bank transfer,Yes
C00313,24,Male,East,15,90.83,1395.72,Month-to-month,Fiber optic,2,7.0,Electronic check,Yes
C00314,34,Male,South,58,139.89,8396.97,One year,Fiber optic,0,,Electronic check,No
C00315,31,Male,East,72,106.92,7834.76,Month-to-month,No,2,6.0,Electronic check,No
C00316,55,Female,East,56,122.59,7057.02,Month-to-month,Fiber optic,1,7.0,Bank transfer,No
C00317,59,Female,South,13,64.83,648.02,One year,No,1,2.0,Bank transfer,No
C00318,59,Male,East,11,83.53,890.11,Month-to-month,Fiber optic,3,8.0,Bank transfer,Yes
C00319,71,Female,North,32,137.04,4355.58,Month-to-month,Fiber optic,3,5.0,Credit card,Yes
C00320,61,Male,South,40,73.0,3134.26,Month-to-month,DSL,0,4.0,Electronic check,No
C00321,36,Male,Central,57,117.84,6854.4,One year,DSL,3,2.0,Credit card,No
C00322,24,Female,Central,31,85.49,2625.57,One year,No,4,8.0,Credit card,No
C00323,53,Female,East,13,50.76,359.88,Month-to-month,Fiber optic,2,2.0,Bank transfer,Yes
C00324,70,Male,Central,72,91.75,6432.18,Month-to-month,Fiber optic,1,2.0,Mailed check,No
C00325,73,Female,East,66,50.08,3400.22,Two year,No,0,3.0,Credit card,No
C00326,31,Male,North,48,25.35,1168.69,Month-to-month,No,6,5.0,Bank transfer,No
C00327,31,Female,Central,51,52.13,2642.1,Month-to-month,DSL,2,9.0,Electronic check,No
C00328,20,Male,East,68,47.21,3302.32,Month-to-month,Fiber optic,4,8.0,Credit card,No
C00329,26,Male,West,35,67.66,2537.87,One year,Fiber optic,4,8.0,Bank transfer,No
C00330,49,Male,West,11,127.19,1282.27,Month-to-month,No,0,2.0,Bank transfer,Yes
C00331,49,Female,South,44,69.6,3151.15,Two year,DSL,1,7.0,Mailed check,Yes
C00332,39,Female,West,33,122.2,4274.32,One year,DSL,1,4.0,Mailed check,No
C00333,35,Male,East,58,88.9,5370.4,Month-to-month,Fiber optic,2,5.0,Credit card,No
C00334,65,Female,South,56,25.88,1369.66,One year,DSL,2,7.0,Mailed check,No
C00335,44,Female,South,34,46.7,1632.03,Month-to-month,DSL,2,2.0,Bank transfer,Yes
C00336,64,Male,West,27,132.1,3679.31,Month-to-month,Fiber optic,5,4.0,Credit card,Yes
C00337,72,Female,South,31,94.48,2931.9,One year,Fiber optic,2,4.0,Electronic check,No
C00338,36,Female,North,46,131.9,6030.02,Month-to-month,DSL,1,9.0,Mailed check,No
C00339,29,Male,Central,46,60.66,2530.79,Two year,Fiber optic,1,10.0,Mailed check,No
C00340,72,Male,South,37,107.4,3844.04,One year,DSL,0,10.0,Credit card,No
C00341,54,Male,West,39,113.78,4333.12,Month-to-month,Fiber optic,1,6.0,Electronic check,No
C00342,34,Female,West,72,137.21,9689.91,Two year,Fiber optic,2,7.0,Electronic check,No
C00343,53,Female,Central,19,27.09,531.13,Month-to-month,No,1,8.0,Electronic check,No
C00344,47,Male,West,13,134.51,1878.61,Month-to-month,DSL,2,8.0,Bank transfer,No
C00345,69,Male,West,58,70.03,3998.86,Month-to-month,No,2,7.0,Credit card,No
C00346,32,Male,Central,68,121.37,7953.16,Two year,No,1,10.0,Credit card,No
C00347,74,Male,Central,44,87.64,3838.4,Month-to-month,Fiber optic,2,4.0,Electronic check,No
C00348,71,Male,North,29,89.93,2649.07,Month-to-month,No,3,8.0,Credit card,Yes
C00349,28,Male,West,26,66.33,1755.54,Month-to-month,DSL,1,7.0,Bank transfer,No
C00350,27,Female,North,34,120.27,3981.01,Month-to-month,DSL,3,8.0,Mailed check,No
C00351,48,Male,Central,4,55.36,55.36,Month-to-month,No,2,10.0,Credit card,Yes
C00352,20,Female,North,39,81.61,3315.75,One year,Fiber optic,1,1.0,Electronic check,No
C00353,35,Male,South,20,89.42,1841.16,Two year,Fiber optic,3,9.0,Electronic check,No
C00354,42,Male,North,20,110.39,2105.62,One year,DSL,2,9.0,Mailed check,No
C00355,73,Female,West,41,79.24,3023.66,Month-to-month,DSL,1,9.0,Mailed check,No
C00356,74,Female,North,70,103.23,7259.49,Month-to-month,DSL,1,3.0,Credit card,No
C00357,26,Female,North,15,80.81,1077.52,Month-to-month,DSL,4,6.0,Electronic check,No
C00358,68,Female,East,66,100.82,6711.52,Month-to-month,No,0,1.0,Bank transfer,No
C00359,23,Male,Central,38,102.53,3919.82,One year,DSL,3,1.0,Bank transfer,No
C00360,60,Male,East,71,106.59,7867.89,Month-to-month,No,2,6.0,Bank transfer,No
C00361,66,Female,East,28,119.68,3339.35,Two year,DSL,2,10.0,Electronic check,No
C00362,68,Female,West,72,87.18,6576.96,Month-to-month,Fiber optic,2,3.0,Mailed check,No
C00363,30,Female,East,48,47.23,2279.33,One year,No,0,8.0,Credit card,No
C00364,68,Female,South,49,103.16,4954.8,Two year,DSL,1,1.0,Credit card,No
C00365,24,Male,East,41,33.87,1230.35,One year,DSL,1,1.0,Electronic check,No
C00366,47,Male,North,33,50.18,1524.39,Two year,No,4,7.0,Electronic check,No
C00367,44,Male,South,38,116.1,4476.16,One year,DSL,3,3.0,Electronic check,No
C00368,36,Female,West,62,75.03,4671.23,One year,DSL,0,1.0,Credit card,No
C00369,19,Female,South,58,82.28,4496.44,Month-to-month,No,2,10.0,Mailed check,No
C00370,62,Male,North,2,138.55,430.12,Month-to-month,Fiber optic,2,9.0,Bank transfer,Yes
C00371,37,Female,North,51,52.04,2875.58,Two year,Fiber optic,1,1.0,Mailed check,No
C00372,55,Female,Central,61,27.25,1384.93,Month-to-month,DSL,1,10.0,Bank transfer,No
C00373,41,Male,South,54,37.81,2193.54,Two year,DSL,3,1.0,Electronic check,Yes
C00374,39,Male,North,36,53.12,2164.78,Month-to-month,Fiber optic,2,8.0,Bank transfer,No
C00375,68,Female,West,25,108.48,2442.59,One year,Fiber optic,3,8.0,Bank transfer,No
C00376,23,Female,East,49,114.22,5526.69,Month-to-month,DSL,3,3.0,Mailed check,Yes
C00377,59,Male,East,48,90.03,4194.01,Two year,No,2,2.0,Credit card,No
C00378,60,Male,Central,27,54.33,1612.99,Month-to-month,Fiber optic,1,6.0,Electronic check,No
C00379,39,Male,South,30,85.0,2487.8,Month-to-month,Fiber optic,4,9.0,Bank transfer,No
C00380,32,Female,East,27,26.72,653.26,Two year,Fiber optic,1,1.0,Bank transfer,No
C00381,18,Male,West,4,103.41,476.83,Month-to-month,Fiber optic,2,9.0,Credit card,No
C00382,71,Female,West,3,95.64,520.86,Month-to-month,Fiber optic,0,7.0,Electronic check,No
C00383,72,Male,South,6,27.51,155.81,Two year,DSL,0,10.0,Credit card,No
C00384,31,Male,West,31,118.96,3617.15,Two year,No,1,3.0,Bank transfer,No
C00385,19,Male,West,37,112.79,4130.58,Month-to-month,Fiber optic,1,7.0,Electronic check,Yes
C00386,24,Female,North,30,60.45,1912.22,One year,No,0,5.0,Bank transfer,No
C00387,21,Male,North,69,98.07,6567.12,Month-to-month,No,3,7.0,Electronic check,No
C00388,65,Female,West,17,94.17,1598.42,Month-to-month,DSL,2,2.0,Electronic check,Yes
C00389,68,Male,North,29,41.47,1061.97,One year,Fiber optic,3,5.0,Electronic check,No
C00390,26,Female,Central,18,47.22,669.51,Month-to-month,Fiber optic,1,10.0,Electronic check,No
C00391,60,Male,North,22,103.57,1986.84,Month-to-month,Fiber optic,1,9.0,Credit card,Yes
C00392,28,Male,Central,43,132.36,5614.23,Month-to-month,No,7,3.0,Bank transfer,Yes
C00393,38,Female,West,23,91.27,2261.02,Two year,DSL,4,1.0,Credit card,No
C00394,52,Female,East,23,90.3,1779.39,One year,Fiber optic,4,5.0,Electronic check,No
C00395,59,Female,South,49,99.37,4950.54,Month-to-month,No,1,3.0,Bank transfer,No
C00396,67,Male,South,60,75.67,4442.87,Two year,No,1,3.0,Credit card,No
C00397,20,Female,West,16,31.23,340.17,Two year,DSL,0,2.0,Credit card,No
C00398,29,Male,West,9,70.6,686.98,Month-to-month,No,1,6.0,Bank transfer,No
C00399,33,Female,South,18,128.53,2510.13,Two year,DSL,3,1.0,Credit card,No
C00400,35,Female,East,42,117.57,5162.64,Month-to-month,Fiber optic,1,10.0,Credit card,No
C00401,74,Female,Central,70,131.65,9258.05,Month-to-month,DSL,3,1.0,Electronic check,No
C00402,62,Female,South,12,42.58,500.42,Month-to-month,Fiber optic,3,2.0,Electronic check,Yes
C00403,36,Female,West,4,83.19,391.49,Month-to-month,DSL,1,6.0,Electronic check,No
C00404,73,Female,North,39,92.24,3897.36,One year,DSL,2,2.0,Mailed check,No
C00405,46,Male,Central,72,49.14,3494.18,One year,DSL,4,6.0,Electronic check,No
C00406,46,Male,North,40,48.11,2094.64,Two year,No,3,1.0,Bank transfer,Yes
C00407,42,Female,South,67,114.93,7611.45,Month-to-month,Fiber optic,5,9.0,Bank transfer,No
C00408,26,Female,East,47,102.26,4681.63,Month-to-month,Fiber optic,1,6.0,Electronic check,No
C00409,71,Female,South,3,99.43,563.63,Month-to-month,Fiber optic,1,4.0,Electronic check,No
C00410,18,Female,North,31,55.7,1727.1,Month-to-month,Fiber optic,2,7.0,Electronic check,No
C00411,27,Male,West,56,83.28,4697.36,Two year,DSL,2,6.0,Electronic check,No
C00412,31,Male,North,37,27.65,1105.09,One year,DSL,3,9.0,Mailed check,No
C00413,33,Female,Central,15,39.94,465.2,One year,Fiber optic,1,8.0,Electronic check,No
C00414,25,Female,North,14,84.6,1118.66,One year,No,2,9.0,Credit card,No
C00415,19,Male,South,48,60.61,2812.97,Month-to-month,DSL,4,9.0,Electronic check,No
C00416,56,Male,Central,34,136.05,4675.53,Month-to-month,Fiber optic,2,2.0,Bank transfer,Yes
C00417,73,Male,North,42,79.22,3382.24,Month-to-month,No,0,8.0,Electronic check,No
C00418,24,Male,North,27,34.61,844.39,Two year,No,1,10.0,Electronic check,No
C00419,34,Female,West,25,27.05,976.25,Month-to-month,DSL,1,2.0,Electronic check,No
C00420,46,Female,North,48,108.4,5199.09,Month-to-month,No,3,9.0,Mailed check,No
C00421,70,Female,Central,1,44.72,60.14,One year,Fiber optic,4,,Credit card,No
C00422,57,Female,East,32,46.6,1692.72,Month-to-month,Fiber optic,3,7.0,Electronic check,No
C00423,61,Male,,27,73.74,1859.74,Month-to-month,Fiber optic,2,8.0,Bank transfer,No
C00424,51,Male,South,57,55.37,3077.96,Month-to-month,DSL,2,4.0,Bank transfer,No
C00425,41,Male,North,53,95.91,5126.06,Month-to-month,No,5,9.0,Credit card,No
C00426,29,Male,Central,31,80.85,2285.0,Month-to-month,Fiber optic,0,8.0,Mailed check,Yes
C00427,67,Female,West,19,37.82,682.96,Two year,Fiber optic,1,5.0,Electronic check,Yes
C00428,63,Male,Central,17,115.25,2259.25,One year,No,2,7.0,Bank transfer,No
C00429,19,Male,South,16,73.97,1457.87,Month-to-month,Fiber optic,1,10.0,Bank transfer,No
C00430,58,Female,East,20,95.25,2039.58,One year,DSL,2,4.0,Credit card,No
C00431,22,Female,East,55,25.45,1577.16,One year,DSL,1,9.0,Credit card,No
C00432,60,Male,East,4,97.04,462.17,One year,No,0,1.0,Electronic check,Yes
C00433,65,Male,South,2,57.53,57.53,Two year,Fiber optic,4,8.0,Electronic check,No
C00434,25,Female,South,39,81.85,3438.69,One year,No,1,6.0,Credit card,No
C00435,42,Female,West,17,59.24,864.76,Month-to-month,Fiber optic,1,8.0,Mailed check,Yes
C00436,25,Female,North,60,139.57,8519.47,Month-to-month,Fiber optic,0,6.0,Electronic check,Yes
C00437,50,Male,South,55,51.55,2758.87,Month-to-month,No,1,5.0,Credit card,No
C00438,70,Male,South,56,129.98,7211.53,Month-to-month,Fiber optic,3,2.0,Electronic check,No
C00439,22,Male,North,33,130.57,4389.61,Two year,Fiber optic,2,3.0,Electronic check,Yes
C00440,40,Female,North,32,73.42,2649.44,One year,DSL,1,10.0,Credit card,No
C00441,73,Female,East,31,59.96,2073.06,Month-to-month,No,3,5.0,Mailed check,No
C00442,35,Female,North,15,68.82,1083.11,Two year,Fiber optic,0,2.0,Electronic check,No
C00443,25,Female,South,41,138.77,5699.0,One year,Fiber optic,2,2.0,Electronic check,Yes
C00444,45,Female,East,63,96.16,6175.3,Month-to-month,Fiber optic,1,3.0,Electronic check,No
C00445,46,Male,Central,19,87.65,1870.12,Two year,DSL,2,8.0,Credit card,No
C00446,55,Male,North,5,29.13,29.13,Month-to-month,Fiber optic,4,4.0,Credit card,Yes
C00447,35,Female,East,41,122.5,5003.45,Month-to-month,DSL,4,5.0,Electronic check,No
C00448,72,Male,,29,34.64,846.69,Month-to-month,DSL,3,7.0,Electronic check,No
C00449,47,Male,East,58,30.4,1730.4,Two year,No,3,7.0,Electronic check,No
C00450,34,Male,East,62,56.61,3321.13,Month-to-month,Fiber optic,2,1.0,Electronic check,No
C00451,72,Male,West,69,79.72,5229.77,Month-to-month,No,1,4.0,Bank transfer,No
C00452,70,Female,East,29,127.96,3512.95,One year,Fiber optic,0,8.0,Bank transfer,No
C00453,46,Female,Central,65,115.86,7447.87,Two year,DSL,1,8.0,Electronic check,No
C00454,19,Female,North,9,47.73,517.55,Month-to-month,Fiber optic,2,5.0,Credit card,No
C00455,52,Male,North,27,67.79,1708.25,Month-to-month,DSL,3,3.0,Electronic check,Yes
C00456,49,Male,North,20,114.73,2164.74,Two year,Fiber optic,2,2.0,Electronic check,Yes
C00457,26,Male,South,67,85.62,5795.9,One year,No,2,1.0,Credit card,No
C00458,54,Male,North,44,45.07,2026.1,Month-to-month,Fiber optic,2,2.0,Bank transfer,Yes
C00459,65,Female,North,27,70.55,2160.18,Month-to-month,Fiber optic,1,10.0,Electronic check,No
C00460,24,Female,South,11,96.98,1206.98,Month-to-month,No,0,5.0,Electronic check,Yes
C00461,59,Female,Central,57,136.92,7650.56,One year,Fiber optic,4,4.0,Electronic check,Yes
C00462,25,Male,Central,48,101.11,4752.69,One year,Fiber optic,4,5.0,Electronic check,No
C00463,60,Female,North,62,26.86,1777.29,One year,Fiber optic,4,6.0,Credit card,No
C00464,41,Male,Central,32,106.08,3261.58,Month-to-month,Fiber optic,7,2.0,Bank transfer,No
C00465,18,Male,South,11,53.85,543.7,One year,DSL,4,10.0,Electronic check,No
C00466,73,Female,East,25,124.15,2847.18,Month-to-month,Fiber optic,5,5.0,Bank transfer,No
C00467,27,Male,,45,69.15,2915.76,Two year,Fiber optic,3,6.0,Mailed check,No
C00468,51,Male,East,18,47.96,1052.19,Month-to-month,DSL,1,6.0,Electronic check,No
C00469,28,Female,West,6,78.81,497.94,Month-to-month,No,5,10.0,Credit card,Yes
C00470,71,Male,West,60,54.35,3166.65,Month-to-month,DSL,1,10.0,Credit card,No
C00471,60,Female,East,39,52.12,1959.4,Month-to-month,Fiber optic,0,2.0,Credit card,No
C00472,63,Male,,29,90.93,2894.26,Month-to-month,No,2,8.0,Mailed check,No
C00473,42,Female,West,40,113.24,4431.08,One year,DSL,3,2.0,Mailed check,No
C00474,44,Male,North,54,121.02,6606.08,Two year,No,2,1.0,Credit card,No
C00475,54,Male,South,1,70.73,201.45,Month-to-month,No,4,6.0,Bank transfer,No
C00476,62,Female,North,32,32.68,1262.51,Month-to-month,Fiber optic,0,5.0,Credit card,No
C00477,66,Male,West,19,80.66,1404.88,Month-to-month,No,2,5.0,Bank transfer,No
C00478,19,Female,East,7,74.88,314.24,One year,Fiber optic,1,1.0,Mailed check,No
C00479,55,Male,West,3,47.65,47.65,Month-to-month,Fiber optic,1,7.0,Bank transfer,Yes
C00480,24,Female,East,32,128.06,4207.57,Month-to-month,Fiber optic,1,6.0,Electronic check,No
C00481,34,Female,South,40,137.03,5779.99,Month-to-month,Fiber optic,5,1.0,Electronic check,Yes
C00482,65,Male,North,37,30.95,1260.02,Month-to-month,Fiber optic,1,4.0,Bank transfer,No
C00483,32,Male,Central,57,116.51,6542.15,One year,DSL,1,2.0,Electronic check,No
C00484,63,Female,South,33,99.26,3453.75,Month-to-month,Fiber optic,2,10.0,Credit card,No
C00485,44,Female,North,43,55.07,2297.65,Month-to-month,No,3,8.0,Credit card,No
C00486,31,Male,South,59,98.04,5659.6,Two year,No,5,5.0,Bank transfer,No
C00487,37,Male,Central,48,39.79,1860.21,Month-to-month,No,1,1.0,Bank transfer,No
C00488,48,Female,South,66,32.98,2089.51,One year,DSL,2,9.0,Electronic check,No
C00489,61,Female,Central,16,139.25,2122.72,Month-to-month,Fiber optic,4,4.0,Bank transfer,Yes
C00490,52,Male,East,57,98.18,5779.52,Two year,Fiber optic,4,6.0,Bank transfer,Yes
C00491,71,Male,Central,51,54.12,2682.75,One year,DSL,1,8.0,Electronic check,No
C00492,67,Female,West,42,76.75,2985.41,Month-to-month,Fiber optic,3,4.0,Credit card,Yes
C00493,60,Male,North,1,134.26,222.14,Two year,Fiber optic,0,10.0,Bank transfer,No
C00494,52,Male,East,39,75.45,2799.36,Month-to-month,No,1,3.0,Electronic check,No
C00495,34,Female,East,62,128.55,7831.74,Month-to-month,DSL,8,4.0,Credit card,No
C00496,41,Male,South,47,124.91,5975.96,One year,No,1,2.0,Electronic check,No
C00497,24,Female,East,1,64.58,64.58,One year,No,4,4.0,Bank transfer,No
C00498,39,Male,North,21,105.04,2137.91,Month-to-month,Fiber optic,3,8.0,Electronic check,No
C00499,70,Female,West,41,100.96,4145.69,Month-to-month,DSL,2,5.0,Credit card,No
C00500,42,Male,Central,59,113.69,6664.76,Month-to-month,DSL,3,9.0,Credit card,No
C00501,24,Female,North,33,67.08,2149.26,One year,No,4,9.0,Electronic check,No
C00502,55,Male,East,62,31.01,1622.62,Two year,DSL,1,4.0,Credit card,No
C00503,72,Male,West,58,44.67,2564.93,Month-to-month,DSL,3,8.0,Electronic check,No
C00504,67,Female,North,20,95.9,2160.02,Two year,No,1,5.0,Electronic check,No
C00505,33,Female,South,15,114.14,1806.55,Month-to-month,Fiber optic,2,5.0,Credit card,Yes
C00506,43,Female,South,66,111.95,7332.37,One year,Fiber optic,3,3.0,Credit card,No
C00507,48,Male,North,43,92.12,4031.69,Two year,DSL,3,1.0,Credit card,No
C00508,32,Male,Central,62,34.75,2248.6,One year,Fiber optic,2,5.0,Electronic check,No
C00509,33,Female,East,67,26.99,1682.02,Month-to-month,No,3,7.0,Credit card,No
C00510,31,Female,West,31,114.95,3752.03,Month-to-month,Fiber optic,3,9.0,Electronic check,No
C00511,74,Male,East,4,88.18,377.18,Month-to-month,DSL,4,5.0,Electronic check,Yes
C00512,60,Female,Central,66,115.01,7543.81,One year,DSL,2,2.0,Electronic check,No
C00513,65,,Central,43,43.72,2118.53,Two year,Fiber optic,2,5.0,Electronic check,No
C00514,64,Female,West,9,71.85,346.65,Month-to-month,DSL,0,3.0,Credit card,Yes
C00515,72,Female,South,39,130.7,4920.93,Month-to-month,No,2,10.0,Mailed check,Yes
C00516,24,Female,East,3,44.73,230.43,Month-to-month,DSL,1,,Electronic check,No
C00517,68,Female,Central,21,32.08,774.79,One year,DSL,0,10.0,Bank transfer,No
C00518,21,Female,East,26,100.15,2850.92,One year,No,1,4.0,Electronic check,No
C00519,45,Female,East,33,93.37,2781.21,Month-to-month,No,6,5.0,Electronic check,Yes
C00520,51,Female,North,41,134.48,5642.48,One year,Fiber optic,0,1.0,Credit card,Yes
C00521,38,Male,Central,61,129.24,7696.84,Month-to-month,No,0,2.0,Electronic check,Yes
C00522,26,Female,West,26,111.18,2953.51,One year,DSL,2,4.0,Bank transfer,Yes
C00523,28,Female,South,53,27.2,1431.85,Month-to-month,Fiber optic,1,4.0,Electronic check,No
C00524,65,Female,East,68,80.24,5583.8,Month-to-month,DSL,2,7.0,Bank transfer,No
C00525,36,Female,East,54,128.05,6879.39,One year,Fiber optic,4,3.0,Credit card,Yes
C00526,35,Male,North,19,74.87,1574.18,One year,Fiber optic,4,10.0,Bank transfer,No
C00527,70,Female,Central,49,135.65,6522.64,Month-to-month,No,1,8.0,Electronic check,No
C00528,26,Male,Central,21,100.04,2088.62,One year,DSL,0,9.0,Electronic check,No
C00529,70,Male,Central,35,37.59,1344.57,Month-to-month,Fiber optic,2,4.0,Bank transfer,No
C00530,70,Male,South,46,83.57,4095.73,Month-to-month,No,2,6.0,Credit card,Yes
C00531,52,Female,South,22,105.0,2434.94,Two year,Fiber optic,1,6.0,Bank transfer,No
C00532,27,Female,North,1,32.52,63.17,Two year,DSL,1,8.0,Credit card,Yes
C00533,26,Female,West,61,64.63,4038.4,Month-to-month,Fiber optic,0,9.0,Bank transfer,No
C00534,34,Male,South,53,107.46,5858.3,Two year,Fiber optic,4,6.0,Bank transfer,No
C00535,50,Male,Central,9,43.06,443.72,One year,Fiber optic,4,10.0,Electronic check,No
C00536,26,Female,Central,28,65.06,1667.89,Month-to-month,Fiber optic,1,5.0,Mailed check,Yes
C00537,43,Male,North,19,104.34,2076.72,Month-to-month,Fiber optic,0,3.0,Bank transfer,No
C00538,24,Female,Central,71,114.19,8103.24,Month-to-month,Fiber optic,2,2.0,Electronic check,No
C00539,48,Female,North,68,84.63,5701.89,One year,Fiber optic,3,4.0,Electronic check,No
C00540,19,Female,East,50,135.04,6634.21,Two year,DSL,5,3.0,Bank transfer,Yes
C00541,58,Male,East,32,131.41,4292.02,Month-to-month,DSL,0,3.0,Bank transfer,Yes
C00542,21,Male,Central,4,79.45,394.6,Month-to-month,Fiber optic,3,5.0,Mailed check,No
C00543,29,Male,West,18,43.43,638.41,Month-to-month,No,2,3.0,Bank transfer,Yes
C00544,27,Female,Central,7,113.89,631.31,Month-to-month,Fiber optic,1,10.0,Electronic check,Yes
C00545,65,Male,East,57,52.96,3302.46,One year,DSL,3,4.0,Electronic check,No
C00546,21,Female,Central,7,121.92,982.53,Month-to-month,Fiber optic,5,7.0,Credit card,Yes
C00547,42,Male,Central,49,92.52,4546.49,One year,Fiber optic,2,8.0,Credit card,Yes
C00548,51,Male,Central,69,70.32,4943.02,Month-to-month,Fiber optic,1,10.0,Mailed check,No
C00549,47,Male,East,23,88.98,1976.38,One year,Fiber optic,1,7.0,Bank transfer,No
C00550,56,Female,South,50,86.27,4287.64,One year,No,2,3.0,Mailed check,No
C00551,63,Female,Central,64,131.34,8408.98,One year,DSL,4,6.0,Bank transfer,No
C00552,40,Male,West,31,49.65,1683.8,Month-to-month,Fiber optic,1,1.0,Bank transfer,No
C00553,65,Female,Central,33,131.74,4135.42,One year,Fiber optic,4,3.0,Credit card,Yes
C00554,36,Female,East,15,28.6,275.96,One year,Fiber optic,1,10.0,Credit card,No
C00555,74,Female,Central,31,113.46,3333.55,One year,DSL,4,1.0,Credit card,No
C00556,46,Female,West,63,130.76,8365.85,One year,Fiber optic,2,4.0,Bank transfer,No
C00557,59,Male,West,48,70.32,3360.22,Two year,DSL,2,1.0,Electronic check,Yes
C00558,67,Male,North,15,33.4,363.54,Month-to-month,Fiber optic,2,6.0,Mailed check,No
C00559,63,Female,East,38,117.54,4433.29,Month-to-month,Fiber optic,0,8.0,Credit card,No
C00560,66,Male,West,51,121.93,6123.66,Two year,Fiber optic,2,1.0,Credit card,No
C00561,48,Male,West,6,63.67,166.84,Month-to-month,No,5,2.0,Electronic check,Yes
C00562,20,Male,Central,55,84.64,4844.25,Two year,No,2,9.0,Electronic check,No
C00563,46,Female,South,15,118.09,1748.95,One year,Fiber optic,2,3.0,Credit card,No
C00564,28,Male,South,22,47.08,1228.28,Two year,No,1,1.0,Electronic check,Yes
C00565,68,Male,Central,30,97.33,2702.58,One year,No,3,1.0,Electronic check,Yes
C00566,31,Female,Central,37,74.52,2832.88,Two year,DSL,1,10.0,Electronic check,No
C00567,30,Male,North,66,45.06,2757.58,One year,Fiber optic,1,10.0,Electronic check,No
C00568,32,Male,South,17,120.62,2350.54,Month-to-month,Fiber optic,3,2.0,Mailed check,Yes
C00569,54,Male,Central,19,62.34,925.04,Month-to-month,Fiber optic,2,3.0,Credit card,Yes
C00570,50,Male,North,28,132.46,3978.28,Month-to-month,No,6,2.0,Credit card,Yes
C00571,72,Female,West,62,90.43,5603.69,Month-to-month,Fiber optic,2,5.0,Mailed check,No
C00572,41,Female,North,70,84.17,5864.49,Two year,DSL,2,9.0,Credit card,No
C00573,34,Male,North,33,73.68,2519.84,Month-to-month,Fiber optic,2,8.0,Mailed check,No
C00574,20,Female,West,50,71.08,3413.3,One year,Fiber optic,0,4.0,Mailed check,No
C00575,18,Female,West,67,119.07,8095.46,Month-to-month,Fiber optic,4,7.0,Bank transfer,No
C00576,39,Female,East,61,102.91,6406.26,Month-to-month,DSL,4,3.0,Credit card,No
C00577,70,Female,Central,50,113.97,5700.29,Two year,DSL,4,10.0,Bank transfer,No
C00578,47,Female,South,39,73.42,2900.89,Month-to-month,Fiber optic,3,6.0,Electronic check,No
C00579,68,Male,East,71,55.07,4199.42,One year,DSL,2,10.0,Credit card,No
C00580,23,Male,West,18,34.99,727.5,Month-to-month,Fiber optic,1,3.0,Electronic check,No
C00581,23,Female,West,27,114.32,2969.31,Month-to-month,DSL,1,10.0,Electronic check,No
C00582,65,Female,South,52,72.76,3896.1,Month-to-month,Fiber optic,1,3.0,Electronic check,Yes
C00583,24,Female,West,2,83.56,86.43,One year,DSL,1,7.0,Mailed check,No
C00584,20,Male,East,37,78.97,2812.16,Month-to-month,DSL,2,1.0,Electronic check,Yes
C00585,41,Male,East,62,74.58,4700.86,One year,Fiber optic,3,3.0,Credit card,No
C00586,70,Female,Central,13,103.65,1196.05,One year,DSL,1,6.0,Credit card,Yes
C00587,57,Male,South,58,95.0,5516.96,Month-to-month,DSL,3,6.0,Credit card,No
C00588,23,Female,West,30,136.79,4204.76,Month-to-month,Fiber optic,1,2.0,Bank transfer,No
C00589,65,Female,Central,62,40.97,2826.6,Month-to-month,DSL,2,1.0,Bank transfer,No
C00590,66,Female,West,46,90.95,4279.45,One year,DSL,0,9.0,Bank transfer,No
C00591,63,Male,Central,12,32.27,166.74,Month-to-month,Fiber optic,3,3.0,Bank transfer,Yes
C00592,69,Female,East,53,117.91,6052.16,Month-to-month,Fiber optic,2,8.0,Bank transfer,Yes
C00593,31,Female,South,5,95.88,738.35,Month-to-month,Fiber optic,2,2.0,Credit card,Yes
C00594,73,Female,Central,18,74.26,1241.54,Month-to-month,No,3,3.0,Credit card,No
C00595,36,Female,West,64,117.26,7277.17,One year,Fiber optic,0,1.0,Electronic check,No
C00596,63,Male,South,64,77.33,4798.4,Month-to-month,Fiber optic,2,6.0,Electronic check,No
C00597,51,Female,South,4,51.2,323.92,Month-to-month,No,0,6.0,Mailed check,No
C00598,62,Female,South,28,79.34,2238.45,Month-to-month,Fiber optic,1,6.0,Bank transfer,No
C00599,53,Female,Central,7,33.15,329.15,One year,Fiber optic,2,8.0,Credit card,No
C00600,54,Female,North,20,128.25,2560.05,One year,Fiber optic,2,7.0,Electronic check,Yes
C00601,53,Male,West,70,109.06,7468.77,Month-to-month,Fiber optic,2,3.0,Bank transfer,No
C00602,62,Female,East,15,112.44,1418.51,Month-to-month,No,3,,Mailed check,Yes
C00603,60,Male,North,47,125.57,5776.6,One year,DSL,0,,Mailed check,Yes
C00604,25,Male,West,58,116.03,6748.01,Month-to-month,No,1,7.0,Bank transfer,No
C00605,65,Female,West,64,74.66,4600.71,One year,Fiber optic,2,4.0,Bank transfer,No
C00606,48,Male,West,26,38.64,1152.08,Month-to-month,Fiber optic,1,2.0,Electronic check,Yes
C00607,36,Male,East,51,67.94,3314.93,Month-to-month,Fiber optic,3,9.0,Electronic check,No
C00608,47,Female,South,35,132.42,4386.9,Month-to-month,DSL,1,5.0,Electronic check,Yes
C00609,73,Female,North,8,134.15,1073.3,Month-to-month,DSL,2,1.0,Credit card,Yes
C00610,66,Male,North,17,113.31,2040.38,One year,No,1,1.0,Mailed check,No
C00611,65,Male,South,54,48.51,2843.42,Month-to-month,Fiber optic,2,3.0,Mailed check,No
C00612,44,Male,West,50,47.36,2126.23,Month-to-month,No,1,10.0,Electronic check,No
C00613,62,Female,North,38,126.17,5008.01,Month-to-month,DSL,4,1.0,Credit card,Yes
C00614,39,Male,Central,57,41.32,2383.04,Month-to-month,DSL,3,5.0,Electronic check,No
C00615,57,Female,East,50,92.18,4515.85,One year,Fiber optic,3,4.0,Credit card,No
C00616,54,Female,South,25,68.5,1814.62,One year,DSL,1,7.0,Bank transfer,No
C00617,32,Female,Central,22,59.73,1517.37,Two year,Fiber optic,3,6.0,Bank transfer,No
C00618,33,Male,North,69,102.9,6848.24,Month-to-month,No,2,5.0,Mailed check,Yes
C00619,21,Female,Central,70,135.35,9409.86,Month-to-month,No,0,9.0,Credit card,No
C00620,25,Male,South,3,114.43,261.59,Month-to-month,Fiber optic,0,1.0,Bank transfer,Yes
C00621,42,Male,South,57,80.91,4705.77,Two year,Fiber optic,3,4.0,Mailed check,No
C00622,45,Male,East,10,75.68,975.8,Month-to-month,Fiber optic,3,1.0,Bank transfer,Yes
C00623,27,Male,Central,63,129.38,8161.95,Month-to-month,Fiber optic,2,4.0,Electronic check,No
C00624,41,Female,South,43,91.48,3889.81,One year,Fiber optic,3,3.0,Electronic check,No
C00625,52,Male,Central,50,82.11,4172.3,Month-to-month,Fiber optic,1,9.0,Electronic check,Yes
C00626,31,Female,South,51,103.53,5244.86,Month-to-month,DSL,3,7.0,Electronic check,No
C00627,37,Male,South,44,52.27,1999.88,Month-to-month,DSL,0,3.0,Credit card,No
C00628,38,Male,West,19,32.33,691.82,One year,No,1,7.0,Bank transfer,Yes
C00629,46,Male,West,59,123.34,7424.91,One year,Fiber optic,2,9.0,Electronic check,No
C00630,38,Male,South,40,94.84,3954.65,Month-to-month,No,5,2.0,Electronic check,Yes
C00631,60,Male,North,40,43.96,1585.0,One year,Fiber optic,2,6.0,Electronic check,Yes
C00632,36,Female,South,23,59.28,1454.51,Month-to-month,Fiber optic,2,5.0,Bank transfer,Yes
C00633,42,Female,East,1,138.84,368.76,Month-to-month,Fiber optic,2,10.0,Electronic check,Yes
C00634,39,Male,North,40,97.96,4218.4,Two year,No,1,4.0,Electronic check,No
C00635,28,Female,North,25,98.15,2525.59,One year,DSL,2,7.0,Credit card,No
C00636,57,Female,Central,48,33.3,1745.98,Two year,Fiber optic,5,6.0,Credit card,Yes
C00637,31,Male,North,27,136.43,3534.72,One year,DSL,0,4.0,Electronic check,No
C00638,34,Male,East,71,127.67,8896.06,Month-to-month,DSL,4,4.0,Bank transfer,Yes
C00639,63,Male,West,50,87.99,4547.6,Month-to-month,DSL,1,9.0,Credit card,No
C00640,72,Female,South,33,60.58,1699.14,Month-to-month,Fiber optic,1,9.0,Credit card,Yes
C00641,56,Female,East,51,105.28,5392.58,Month-to-month,No,4,3.0,Bank transfer,Yes
C00642,70,Male,North,47,120.84,5894.07,Month-to-month,No,2,5.0,Electronic check,No
C00643,66,Female,West,45,115.4,5299.89,Month-to-month,Fiber optic,1,2.0,Electronic check,Yes
C00644,45,Female,West,42,137.36,5875.03,Month-to-month,Fiber optic,3,5.0,Credit card,Yes
C00645,61,Female,Central,68,98.24,6672.9,Two year,Fiber optic,4,9.0,Electronic check,No
C00646,36,Male,Central,23,61.94,1363.14,Month-to-month,DSL,3,8.0,Electronic check,Yes
C00647,44,Female,South,32,82.26,2932.32,Month-to-month,No,1,5.0,Electronic check,No
C00648,48,Female,North,19,118.88,2443.77,One year,Fiber optic,5,8.0,Credit card,No
C00649,72,Female,South,42,55.51,2458.36,One year,Fiber optic,4,6.0,Bank transfer,Yes
C00650,66,Female,North,72,51.61,3720.1,Month-to-month,DSL,0,5.0,Credit card,Yes
C00651,45,Female,East,44,108.36,4680.22,One year,DSL,1,1.0,Mailed check,No
C00652,55,Female,North,15,76.11,1303.6,One year,Fiber optic,2,2.0,Credit card,No
C00653,29,Male,Central,67,118.91,7920.94,Two year,No,0,6.0,Credit card,No
C00654,63,Male,West,57,41.52,2378.45,Month-to-month,Fiber optic,3,1.0,Electronic check,No
C00655,49,Male,South,32,63.61,2127.87,Month-to-month,Fiber optic,3,1.0,Electronic check,No
C00656,48,Male,Central,11,55.83,645.55,One year,Fiber optic,3,4.0,Electronic check,No
C00657,61,Female,West,29,105.25,3284.75,Month-to-month,Fiber optic,3,6.0,Electronic check,No
C00658,54,Female,East,58,112.32,6316.57,One year,Fiber optic,1,8.0,Bank transfer,No
C00659,22,Female,North,42,77.44,3262.58,One year,DSL,0,10.0,Electronic check,No
C00660,34,Female,South,14,79.97,1419.58,One year,Fiber optic,1,7.0,Electronic check,No
C00661,28,Male,East,12,40.18,616.72,Two year,Fiber optic,3,10.0,Bank transfer,No
C00662,59,Male,West,70,105.71,7370.14,One year,Fiber optic,3,3.0,Electronic check,No
C00663,20,Female,South,33,139.12,4710.78,Two year,Fiber optic,7,7.0,Mailed check,No
C00664,29,Male,West,50,114.46,5715.84,One year,DSL,3,1.0,Bank transfer,No
C00665,52,Female,South,26,50.66,1537.12,Month-to-month,No,3,2.0,Electronic check,No
C00666,57,Male,South,7,96.66,799.81,One year,No,3,7.0,Electronic check,Yes
C00667,46,Male,East,30,58.92,1637.62,One year,No,2,4.0,Mailed check,No
C00668,67,Female,North,50,28.47,1459.25,Two year,No,3,6.0,Bank transfer,No
C00669,70,Female,East,25,45.68,1204.79,Month-to-month,DSL,2,10.0,Mailed check,No
C00670,25,Female,South,44,36.8,1689.42,Month-to-month,Fiber optic,3,8.0,Electronic check,No
C00671,72,Male,South,32,47.53,1568.77,Two year,Fiber optic,2,4.0,Credit card,Yes
C00672,53,Female,West,25,116.49,2996.96,Month-to-month,DSL,2,7.0,Electronic check,Yes
C00673,54,Female,South,19,58.68,1177.77,One year,No,0,10.0,Credit card,No
C00674,23,Female,West,19,112.06,2020.96,Month-to-month,DSL,0,3.0,Electronic check,Yes
C00675,53,Male,West,19,134.12,2479.81,Month-to-month,Fiber optic,4,6.0,Bank transfer,Yes
C00676,59,Male,West,52,91.04,4695.96,Month-to-month,Fiber optic,5,8.0,Credit card,No
C00677,51,Female,South,25,80.82,2034.83,One year,No,0,7.0,Bank transfer,No
C00678,22,Male,Central,54,111.26,5970.4,Month-to-month,Fiber optic,5,5.0,Electronic check,No
C00679,47,Female,South,23,36.17,997.34,One year,Fiber optic,3,5.0,Mailed check,No
C00680,71,Male,South,24,74.24,1637.74,One year,DSL,1,6.0,Electronic check,Yes
C00681,59,Male,Central,67,82.36,5257.93,One year,Fiber optic,1,5.0,Mailed check,No
C00682,25,Female,South,64,120.57,8011.51,Month-to-month,Fiber optic,3,4.0,Bank transfer,No
C00683,72,Male,West,29,118.64,3317.93,Month-to-month,Fiber optic,0,9.0,Electronic check,Yes
C00684,72,Male,North,20,122.55,2616.06,One year,Fiber optic,4,8.0,Bank transfer,No
C00685,27,Female,West,52,105.26,5564.81,Month-to-month,DSL,5,7.0,Credit card,No
C00686,63,Male,Central,6,86.01,398.72,Month-to-month,Fiber optic,1,2.0,Electronic check,Yes
C00687,41,Female,West,33,120.21,3946.98,Two year,No,3,6.0,Electronic check,Yes
C00688,51,Male,East,44,125.43,5476.63,Month-to-month,Fiber optic,1,3.0,Mailed check,No
C00689,43,Female,Central,49,80.26,3986.2,Month-to-month,Fiber optic,4,2.0,Mailed check,Yes
C00690,62,Male,South,8,138.35,991.69,Two year,Fiber optic,3,3.0,Credit card,No
C00691,74,Male,South,1,125.6,125.6,Month-to-month,No,3,2.0,Electronic check,Yes
C00692,63,Female,North,20,83.7,1668.41,Month-to-month,DSL,3,8.0,Electronic check,Yes
C00693,71,Female,West,9,32.97,462.0,Month-to-month,DSL,2,6.0,Electronic check,No
C00694,71,Male,West,37,50.82,1818.67,One year,No,3,8.0,Credit card,No
C00695,23,Female,West,67,114.29,7511.08,Two year,Fiber optic,4,10.0,Credit card,No
C00696,32,Male,West,21,37.78,711.67,One year,Fiber optic,1,3.0,Credit card,Yes
C00697,59,Male,North,33,79.03,2663.04,Two year,Fiber optic,2,2.0,Bank transfer,No
C00698,51,Female,West,16,94.56,1247.22,Month-to-month,Fiber optic,3,2.0,Mailed check,Yes
C00699,20,Female,West,4,126.01,683.64,One year,No,4,1.0,Electronic check,Yes
C00700,23,Male,South,51,122.42,6246.37,Month-to-month,Fiber optic,2,1.0,Credit card,Yes
C00701,47,Female,East,19,112.89,2209.89,Two year,No,3,6.0,Credit card,No
C00702,53,Male,Central,40,71.88,2908.08,Two year,No,2,7.0,Electronic check,No
C00703,27,Male,East,50,41.36,1967.9,Month-to-month,Fiber optic,1,3.0,Credit card,Yes
C00704,27,Male,West,61,102.01,6060.28,Two year,Fiber optic,2,6.0,Electronic check,Yes
C00705,25,Male,East,14,45.85,536.83,One year,Fiber optic,3,3.0,Electronic check,No
C00706,50,Female,West,42,89.55,3535.2,Month-to-month,No,1,8.0,Bank transfer,No
C00707,18,Male,West,66,137.78,9145.72,One year,Fiber optic,2,8.0,Electronic check,No
C00708,50,Male,West,35,88.29,3065.74,Two year,DSL,1,8.0,Bank transfer,No
C00709,45,Female,West,3,99.24,99.24,Month-to-month,No,1,6.0,Electronic check,Yes
C00710,44,Female,Central,19,102.92,1863.0,Month-to-month,Fiber optic,1,,Bank transfer,Yes
C00711,56,Male,South,58,120.49,7086.24,Two year,No,3,1.0,Bank transfer,No
C00712,47,Female,Central,58,75.02,4545.11,Month-to-month,Fiber optic,3,5.0,Bank transfer,No
C00713,59,Male,,23,82.21,1698.25,Month-to-month,Fiber optic,1,1.0,Electronic check,Yes
C00714,61,Female,,15,45.24,978.6,One year,Fiber optic,2,9.0,Credit card,No
C00715,70,Female,South,22,95.69,1961.27,One year,Fiber optic,2,1.0,Mailed check,Yes
C00716,63,Male,East,18,59.01,806.47,Month-to-month,DSL,2,5.0,Electronic check,Yes
C00717,47,Male,West,54,83.38,4766.14,Month-to-month,Fiber optic,3,2.0,Electronic check,Yes
C00718,46,Female,South,61,113.15,6746.02,Two year,Fiber optic,1,8.0,Electronic check,No
C00719,31,Male,South,4,27.02,336.65,Month-to-month,No,1,5.0,Mailed check,Yes
C00720,52,Male,Central,54,89.85,4752.17,One year,DSL,2,6.0,Electronic check,No
C00721,25,Female,East,55,44.95,2428.28,Two year,DSL,3,10.0,Electronic check,No
C00722,71,Male,West,45,57.13,2375.08,Month-to-month,Fiber optic,3,10.0,Mailed check,No
C00723,66,Female,North,63,28.99,2017.99,Two year,DSL,1,5.0,Credit card,No
C00724,24,Female,North,3,44.49,304.48,One year,DSL,3,4.0,Electronic check,Yes
C00725,62,Male,Central,51,138.46,6962.39,Two year,Fiber optic,0,3.0,Credit card,No
C00726,24,Male,North,10,139.83,1387.07,Month-to-month,Fiber optic,1,7.0,Electronic check,Yes
C00727,59,Female,West,65,107.78,7105.01,Month-to-month,Fiber optic,1,10.0,Credit card,No
C00728,22,Male,Central,36,95.36,3362.25,One year,Fiber optic,0,6.0,Electronic check,No
C00729,45,Male,East,7,114.36,1005.15,Two year,No,3,6.0,Credit card,No
C00730,55,Male,Central,54,128.1,6901.52,Two year,Fiber optic,2,10.0,Credit card,No
C00731,59,,East,54,84.72,4496.96,Month-to-month,Fiber optic,2,2.0,Electronic check,No
C00732,41,Male,Central,34,29.06,750.61,Month-to-month,DSL,1,1.0,Credit card,No
C00733,70,Female,South,23,106.58,2257.28,Month-to-month,No,1,1.0,Mailed check,Yes
C00734,62,Male,East,2,138.23,364.74,One year,No,2,6.0,Credit card,No
C00735,29,,South,66,54.68,3644.2,Two year,DSL,0,9.0,Mailed check,No
C00736,56,Female,West,14,78.3,1218.56,One year,Fiber optic,5,3.0,Mailed check,Yes
C00737,59,Male,North,61,66.55,3975.12,Month-to-month,Fiber optic,2,8.0,Electronic check,No
C00738,37,Female,Central,43,69.9,2759.5,Two year,Fiber optic,4,9.0,Credit card,No
C00739,60,Male,North,50,107.96,5323.55,Month-to-month,Fiber optic,1,10.0,Bank transfer,No
C00740,69,Male,South,50,68.52,3726.0,Month-to-month,DSL,1,8.0,Bank transfer,No
C00741,64,Female,East,62,133.22,8114.92,One year,Fiber optic,0,4.0,Bank transfer,No
C00742,61,Female,North,3,115.81,341.97,Month-to-month,No,1,7.0,Electronic check,Yes
C00743,54,Female,East,72,28.18,1728.96,One year,DSL,1,6.0,Mailed check,Yes
C00744,33,Male,Central,4,119.13,398.54,One year,DSL,1,5.0,Electronic check,No
C00745,63,Male,Central,72,113.88,8137.27,Month-to-month,DSL,2,8.0,Bank transfer,No
C00746,38,Male,North,19,84.4,1653.38,Month-to-month,No,1,7.0,Mailed check,No
C00747,48,Male,East,61,82.13,4962.24,Month-to-month,DSL,1,9.0,Credit card,No
C00748,35,Male,,7,121.09,619.84,One year,DSL,2,6.0,Credit card,Yes
C00749,35,Female,North,34,73.85,2411.31,Month-to-month,Fiber optic,1,7.0,Bank transfer,Yes
C00750,26,Male,West,40,43.34,1703.0,Month-to-month,Fiber optic,3,3.0,Mailed check,No
C00751,72,Female,East,69,60.98,4058.19,Month-to-month,Fiber optic,2,5.0,Credit card,No
C00752,26,Male,West,9,55.5,371.87,One year,No,3,9.0,Credit card,No
C00753,22,Male,South,3,103.32,460.74,Month-to-month,DSL,0,8.0,Electronic check,Yes
C00754,71,Male,South,47,45.57,2048.06,Month-to-month,Fiber optic,3,6.0,Electronic check,No
C00755,49,Male,West,4,99.15,462.59,Month-to-month,Fiber optic,2,6.0,Electronic check,Yes
C00756,42,Male,West,56,78.59,4374.5,Month-to-month,Fiber optic,2,3.0,Credit card,No
C00757,60,Male,North,3,121.56,180.19,Month-to-month,No,1,4.0,Credit card,Yes
C00758,39,Female,South,70,80.77,5603.96,Month-to-month,Fiber optic,1,7.0,Electronic check,No
C00759,25,Female,East,39,131.93,5188.92,One year,DSL,4,2.0,Electronic check,No
C00760,59,Male,Central,69,128.55,9130.47,Month-to-month,DSL,4,1.0,Electronic check,No
C00761,28,Male,South,10,46.31,347.26,Month-to-month,DSL,4,6.0,Mailed check,No
C00762,49,Male,South,20,103.91,2065.41,Two year,No,3,8.0,Electronic check,No
C00763,72,Male,Central,33,49.68,1775.8,Month-to-month,DSL,4,10.0,Credit card,No
C00764,71,Male,West,3,119.68,548.12,Month-to-month,No,3,5.0,Bank transfer,No
C00765,38,Male,Central,8,98.11,687.54,Month-to-month,DSL,7,2.0,Mailed check,Yes
C00766,62,Female,West,24,58.82,1388.31,Month-to-month,No,3,7.0,Bank transfer,No
C00767,52,Male,Central,54,53.65,3064.0,Month-to-month,No,1,4.0,Electronic check,No
C00768,45,Male,North,52,74.4,3945.52,Two year,DSL,4,2.0,Electronic check,No
C00769,25,Male,South,7,117.08,974.58,Month-to-month,DSL,0,7.0,Electronic check,Yes
C00770,39,Female,South,5,116.56,758.51,One year,No,4,8.0,Bank transfer,No
C00771,55,Male,North,48,28.84,1467.38,Two year,DSL,5,1.0,Electronic check,No
C00772,74,Male,West,26,59.76,1575.29,Month-to-month,DSL,0,8.0,Electronic check,No
C00773,18,Male,West,58,73.63,4169.89,One year,No,3,6.0,Electronic check,No
C00774,58,Male,North,22,92.34,1994.85,Month-to-month,No,4,8.0,Credit card,No
C00775,66,Male,North,27,42.2,1112.72,Month-to-month,Fiber optic,4,7.0,Electronic check,Yes
C00776,72,Female,North,16,63.56,1196.81,Two year,No,3,5.0,Credit card,No
C00777,42,Male,East,20,126.84,2563.25,Month-to-month,Fiber optic,2,4.0,Electronic check,Yes
C00778,24,Male,East,51,79.8,4097.67,Two year,Fiber optic,2,7.0,Credit card,Yes
C00779,33,Female,South,34,110.58,3610.61,One year,Fiber optic,4,2.0,Electronic check,Yes
C00780,66,Male,Central,48,80.75,4056.67,Month-to-month,Fiber optic,0,6.0,Credit card,No
C00781,68,Male,South,6,78.47,355.72,Month-to-month,Fiber optic,2,8.0,Bank transfer,Yes
C00782,54,Male,East,39,96.52,3721.57,One year,Fiber optic,2,3.0,Credit card,Yes
C00783,24,Female,East,34,54.83,2060.63,Month-to-month,No,2,1.0,Electronic check,No
C00784,24,Female,South,66,53.73,3679.17,Month-to-month,Fiber optic,2,1.0,Credit card,No
C00785,45,Female,Central,31,138.78,4174.71,Month-to-month,Fiber optic,4,6.0,Credit card,Yes
C00786,51,Female,Central,8,124.93,837.62,Month-to-month,Fiber optic,1,5.0,Credit card,Yes
C00787,19,,North,51,109.84,5571.28,Two year,DSL,3,7.0,Electronic check,No
C00788,57,Female,East,11,40.77,362.01,Month-to-month,Fiber optic,1,9.0,Mailed check,No
C00789,49,Female,North,66,28.48,1659.57,Month-to-month,No,3,10.0,Credit card,No
C00790,18,Female,East,28,45.17,1151.77,One year,Fiber optic,3,4.0,Credit card,Yes
C00791,23,Female,West,57,132.84,7271.88,One year,Fiber optic,2,2.0,Electronic check,No
C00792,43,Male,East,48,118.87,5841.36,Two year,Fiber optic,1,8.0,Bank transfer,No
C00793,59,Male,South,34,85.15,3021.26,Two year,No,2,1.0,Electronic check,Yes
C00794,65,Female,South,43,136.41,6077.08,Month-to-month,Fiber optic,1,7.0,Bank transfer,No
C00795,42,Male,South,14,41.86,639.03,Month-to-month,DSL,2,3.0,Electronic check,Yes
C00796,34,Male,South,6,89.3,468.55,One year,Fiber optic,0,4.0,Electronic check,No
C00797,73,Female,South,56,46.07,2733.43,Month-to-month,Fiber optic,4,2.0,Bank transfer,No
C00798,44,Female,West,70,60.24,4111.58,One year,DSL,5,1.0,Credit card,Yes
C00799,35,Female,North,63,133.12,8187.58,Month-to-month,Fiber optic,1,2.0,Electronic check,No
C00800,43,Male,North,22,124.85,2724.62,Two year,DSL,0,5.0,Bank transfer,No
C00801,18,Male,East,26,36.71,1016.12,One year,DSL,3,3.0,Mailed check,No
C00802,35,Male,West,26,53.7,1274.41,One year,No,0,4.0,Credit card,No
C00803,47,Male,South,51,93.37,4604.74,Month-to-month,No,2,2.0,Credit card,No
C00804,70,Female,South,45,32.06,1380.17,Two year,Fiber optic,0,2.0,Credit card,No
C00805,60,Male,West,58,88.26,5180.87,One year,DSL,1,8.0,Credit card,No
C00806,62,Male,South,69,92.22,6341.37,One year,No,2,9.0,Bank transfer,No
C00807,49,Male,West,29,58.46,1995.34,Two year,Fiber optic,1,,Bank transfer,No
C00808,24,Female,North,48,58.71,2797.67,Month-to-month,No,3,10.0,Electronic check,No
C00809,40,Male,North,37,51.34,2012.18,Month-to-month,DSL,0,8.0,Electronic check,No
C00810,74,Male,East,69,132.6,8932.09,Month-to-month,DSL,3,2.0,Credit card,No
C00811,20,Female,South,26,69.72,1900.75,One year,Fiber optic,2,8.0,Bank transfer,No
C00812,68,Female,West,14,92.31,1222.99,One year,No,1,3.0,Credit card,No
C00813,57,Male,East,28,59.68,1669.66,Month-to-month,DSL,2,8.0,Electronic check,No
C00814,34,Female,South,45,105.81,5014.47,Two year,DSL,2,7.0,Credit card,No
C00815,62,Female,North,69,36.67,2474.39,Month-to-month,Fiber optic,2,9.0,Bank transfer,No
C00816,65,Male,North,60,33.24,1798.2,One year,No,5,10.0,Electronic check,No
C00817,20,Male,West,2,110.59,110.59,Month-to-month,Fiber optic,1,7.0,Mailed check,No
C00818,24,Female,South,37,108.57,4043.02,Month-to-month,No,5,10.0,Credit card,No
C00819,55,Male,East,12,55.48,683.56,Month-to-month,Fiber optic,4,6.0,Bank transfer,No
C00820,74,Female,Central,27,65.83,1788.97,One year,No,1,10.0,Electronic check,No
C00821,19,Female,Central,68,135.08,8992.61,One year,Fiber optic,3,1.0,Credit card,Yes
C00822,55,,South,71,37.0,2927.0,Month-to-month,DSL,1,5.0,Mailed check,No
C00823,25,Female,North,12,46.06,772.4,Month-to-month,Fiber optic,2,8.0,Credit card,No
C00824,55,Male,West,11,74.45,838.5,One year,Fiber optic,1,10.0,Electronic check,No
C00825,53,Female,West,51,57.44,2701.27,Month-to-month,Fiber optic,2,9.0,Mailed check,No
C00826,23,Female,South,30,99.64,3226.87,One year,DSL,2,4.0,Credit card,No
C00827,56,Male,East,32,104.42,3511.96,Month-to-month,Fiber optic,2,7.0,Bank transfer,Yes
C00828,69,Female,North,63,85.53,5403.81,Two year,No,1,1.0,Electronic check,No
C00829,67,Male,West,67,95.29,6564.25,One year,Fiber optic,2,2.0,Mailed check,No
C00830,19,Male,West,65,74.84,4790.45,Month-to-month,No,2,8.0,Mailed check,No
C00831,32,Male,South,57,112.44,6265.04,One year,Fiber optic,2,4.0,Credit card,No
C00832,31,Male,East,71,29.84,2142.25,Month-to-month,DSL,1,6.0,Electronic check,No
C00833,43,Female,South,52,60.98,2938.05,Two year,DSL,1,3.0,Credit card,No
C00834,26,Male,North,64,103.71,6470.92,One year,Fiber optic,2,8.0,Electronic check,No
C00835,66,Male,North,39,62.91,2535.07,Month-to-month,DSL,2,1.0,Credit card,No
C00836,62,Female,Central,4,34.03,172.12,One year,Fiber optic,3,7.0,Credit card,No
C00837,64,Female,East,59,64.68,3608.87,Month-to-month,Fiber optic,1,7.0,Electronic check,Yes
C00838,29,Male,North,67,106.82,7095.59,Two year,Fiber optic,2,9.0,Mailed check,No
C00839,18,Male,North,23,39.03,696.98,Two year,No,3,3.0,Bank transfer,No
C00840,69,Female,South,31,108.33,3284.94,One year,No,2,4.0,Credit card,Yes
C00841,34,Female,Central,42,114.18,4705.88,Month-to-month,Fiber optic,3,6.0,Credit card,Yes
C00842,55,Female,South,47,98.06,4757.65,One year,DSL,2,3.0,Bank transfer,No
C00843,69,Female,Central,49,53.09,2577.89,Month-to-month,DSL,2,8.0,Credit card,No
C00844,20,Male,East,29,117.61,3374.2,Month-to-month,Fiber optic,2,8.0,Mailed check,No
C00845,18,,West,62,49.66,3020.05,Two year,Fiber optic,3,8.0,Electronic check,No
C00846,18,Male,West,59,129.17,7362.94,Month-to-month,Fiber optic,3,5.0,Electronic check,No
C00847,26,Male,North,68,106.26,7210.88,Month-to-month,Fiber optic,3,7.0,Credit card,No
C00848,20,Female,North,42,31.29,1386.6,Month-to-month,Fiber optic,0,2.0,Electronic check,No
C00849,64,Female,Central,6,116.92,736.26,Two year,DSL,1,2.0,Credit card,Yes
C00850,52,Male,Central,61,83.24,5181.53,Two year,DSL,0,4.0,Credit card,No
C00851,73,Male,North,6,77.05,573.49,Month-to-month,Fiber optic,0,3.0,Electronic check,No
C00852,63,Female,West,14,73.36,1327.04,Month-to-month,No,1,9.0,Electronic check,Yes
C00853,72,Male,Central,21,94.76,1820.65,One year,Fiber optic,0,3.0,Electronic check,Yes
C00854,31,Female,Central,14,108.33,1551.83,Month-to-month,Fiber optic,1,10.0,Electronic check,Yes
C00855,34,Male,South,53,128.04,6838.14,Two year,Fiber optic,0,5.0,Electronic check,Yes
C00856,66,Female,Central,32,56.39,1756.51,Two year,Fiber optic,1,8.0,Electronic check,No
C00857,31,Male,West,16,97.54,1465.77,One year,DSL,0,1.0,Mailed check,Yes
C00858,21,Male,Central,1,103.93,178.75,Month-to-month,DSL,2,8.0,Electronic check,Yes
C00859,56,Male,North,16,102.6,1702.02,One year,DSL,2,5.0,Electronic check,Yes
C00860,63,Female,West,50,81.7,3927.04,Two year,DSL,2,9.0,Mailed check,No
C00861,73,Female,North,58,69.97,3788.62,Month-to-month,DSL,2,2.0,Bank transfer,No
C00862,70,Female,South,22,112.67,2405.0,Two year,Fiber optic,3,3.0,Electronic check,Yes
C00863,24,Female,North,6,59.5,255.99,Month-to-month,DSL,2,9.0,Mailed check,No
C00864,62,Male,East,41,48.93,2096.54,Two year,DSL,4,6.0,Mailed check,No
C00865,66,Female,,57,87.77,4864.29,One year,DSL,6,6.0,Bank transfer,No
C00866,57,Female,West,6,55.78,308.04,Month-to-month,DSL,3,6.0,Credit card,No
C00867,64,Female,South,58,28.82,1415.52,Month-to-month,DSL,2,4.0,Credit card,No
C00868,65,Female,East,13,30.93,169.37,Month-to-month,DSL,2,10.0,Mailed check,No
C00869,43,Female,South,19,104.93,1878.25,Month-to-month,DSL,3,6.0,Credit card,No
C00870,20,Female,West,45,136.91,6123.37,Two year,No,4,1.0,Bank transfer,No
C00871,44,Female,South,4,77.29,186.19,Month-to-month,Fiber optic,1,3.0,Electronic check,Yes
C00872,29,Male,North,23,41.91,985.34,Two year,DSL,3,10.0,Bank transfer,No
C00873,24,Female,East,10,119.08,935.61,Month-to-month,Fiber optic,3,5.0,Mailed check,Yes
C00874,25,Male,Central,16,55.07,848.87,One year,DSL,1,8.0,Electronic check,No
C00875,57,Female,East,56,139.5,7781.48,Two year,Fiber optic,0,1.0,Electronic check,No
C00876,46,Male,South,17,89.78,1309.08,One year,Fiber optic,2,1.0,Bank transfer,No
C00877,48,Female,North,4,51.75,241.26,Two year,No,4,3.0,Bank transfer,Yes
C00878,60,Male,Central,16,82.04,1012.64,Two year,No,2,6.0,Bank transfer,No
C00879,49,Female,West,7,63.57,342.21,One year,Fiber optic,3,7.0,Mailed check,No
C00880,53,Male,North,45,114.64,5276.92,One year,DSL,4,1.0,Electronic check,Yes
C00881,22,Male,North,71,37.17,2339.07,Month-to-month,Fiber optic,2,10.0,Bank transfer,No
C00882,66,Female,North,13,123.56,1706.93,Month-to-month,DSL,3,7.0,Bank transfer,Yes
C00883,43,Female,South,53,113.24,5826.83,Month-to-month,Fiber optic,5,4.0,Electronic check,No
C00884,26,Male,Central,27,124.06,3261.05,Two year,DSL,3,5.0,Electronic check,Yes
C00885,64,Male,North,6,127.92,978.5,One year,Fiber optic,3,6.0,Bank transfer,No
C00886,59,Female,Central,50,51.42,2476.96,One year,Fiber optic,0,8.0,Bank transfer,No
C00887,21,Female,North,16,84.92,1600.79,Two year,Fiber optic,4,1.0,Credit card,Yes
C00888,29,Male,West,37,122.74,4495.59,Month-to-month,Fiber optic,0,6.0,Credit card,No
C00889,18,Female,South,37,68.4,2518.11,Two year,Fiber optic,3,6.0,Bank transfer,No
C00890,33,Male,Central,44,31.95,1532.14,Month-to-month,Fiber optic,5,8.0,Electronic check,No
C00891,23,Female,East,10,58.54,667.01,Month-to-month,Fiber optic,2,4.0,Electronic check,Yes
C00892,58,Male,South,19,52.82,1026.69,One year,DSL,3,4.0,Credit card,No
C00893,47,Male,South,54,125.06,6683.74,Month-to-month,DSL,1,9.0,Credit card,No
C00894,73,Male,Central,68,78.34,5094.49,One year,No,3,9.0,Bank transfer,No
C00895,60,Female,East,1,103.61,103.61,One year,Fiber optic,1,9.0,Credit card,No
C00896,52,Female,South,30,135.64,4266.17,Two year,Fiber optic,1,9.0,Bank transfer,No
C00897,47,Male,West,64,59.41,4057.16,Month-to-month,Fiber optic,3,2.0,Mailed check,Yes
C00898,21,Female,East,21,112.54,2382.78,Month-to-month,Fiber optic,4,7.0,Credit card,Yes
C00899,22,Female,West,33,27.62,645.41,Month-to-month,Fiber optic,2,7.0,Credit card,No
C00900,53,Female,East,66,36.97,2324.18,Month-to-month,DSL,1,3.0,Mailed check,No
C00901,18,Female,North,70,43.61,2929.42,Month-to-month,Fiber optic,0,5.0,Electronic check,No
C00902,20,Male,North,48,60.93,2841.27,Month-to-month,Fiber optic,1,10.0,Bank transfer,No
C00903,30,Male,North,50,71.34,3434.3,Two year,DSL,3,2.0,Credit card,Yes
C00904,68,Female,East,45,79.86,3671.79,Two year,Fiber optic,2,9.0,Credit card,No
C00905,44,Male,East,21,53.21,1154.52,Two year,DSL,1,4.0,Mailed check,No
C00906,58,Male,West,64,32.61,2324.05,Month-to-month,DSL,2,9.0,Electronic check,No
C00907,41,Male,Central,3,102.92,250.39,One year,No,1,6.0,Electronic check,Yes
C00908,27,Female,North,5,27.72,168.63,Month-to-month,No,3,1.0,Electronic check,Yes
C00909,39,Female,Central,44,118.09,5307.13,Month-to-month,DSL,1,2.0,Mailed check,No
C00910,23,Female,Central,61,131.85,8196.1,Month-to-month,Fiber optic,3,9.0,Electronic check,Yes
C00911,61,Male,West,59,106.69,6109.47,Two year,DSL,2,8.0,Bank transfer,No
C00912,28,Male,East,49,93.54,4644.19,One year,Fiber optic,3,3.0,Electronic check,No
C00913,39,Female,North,28,100.56,2837.68,Month-to-month,Fiber optic,3,7.0,Credit card,No
C00914,73,Male,North,26,100.01,2645.68,One year,Fiber optic,2,6.0,Credit card,Yes
C00915,51,Female,North,31,132.15,4105.6,Two year,Fiber optic,2,1.0,Electronic check,Yes
C00916,44,Male,West,19,135.9,2839.03,Month-to-month,Fiber optic,0,8.0,Credit card,No
C00917,48,Male,East,31,74.07,2162.54,One year,No,1,2.0,Electronic check,No
C00918,62,Male,North,8,95.96,625.18,Month-to-month,DSL,2,5.0,Electronic check,Yes
C00919,32,Female,North,24,117.32,2692.53,Month-to-month,DSL,4,1.0,Credit card,Yes
C00920,54,Female,North,68,25.12,1664.63,Two year,Fiber optic,1,3.0,Credit card,No
C00921,67,Male,West,51,85.61,4410.11,Month-to-month,Fiber optic,0,10.0,Electronic check,No
C00922,50,Female,West,11,100.08,1032.46,One year,DSL,5,6.0,Credit card,No
C00923,43,,West,21,107.48,2408.03,Month-to-month,Fiber optic,2,8.0,Credit card,No
C00924,26,Female,North,19,67.41,1280.26,One year,Fiber optic,1,3.0,Mailed check,No
C00925,32,Female,North,21,59.0,1224.54,One year,Fiber optic,4,1.0,Credit card,Yes
C00926,71,Male,North,50,45.95,2097.96,Two year,No,5,7.0,Mailed check,No
C00927,48,,West,65,89.15,6067.91,Two year,Fiber optic,2,3.0,Credit card,Yes
C00928,35,Female,West,52,130.72,6790.32,One year,Fiber optic,3,2.0,Bank transfer,No
C00929,41,Male,South,36,128.04,4855.01,Month-to-month,Fiber optic,0,5.0,Electronic check,No
C00930,50,Male,North,12,66.4,703.46,Month-to-month,DSL,2,5.0,Credit card,No
C00931,48,Female,South,11,54.65,725.74,One year,Fiber optic,2,2.0,Credit card,No
C00932,57,Female,Central,59,115.71,6742.5,Month-to-month,No,1,6.0,Bank transfer,No
C00933,32,Male,North,49,108.37,5582.99,Month-to-month,No,3,5.0,Mailed check,Yes
C00934,55,Male,West,37,83.11,3243.19,Two year,No,2,10.0,Bank transfer,No
C00935,43,Female,East,42,69.74,3056.51,Month-to-month,Fiber optic,2,1.0,Electronic check,Yes
C00936,71,Male,North,62,39.24,2324.17,Month-to-month,Fiber optic,2,5.0,Credit card,No
C00937,27,Male,Central,59,115.29,7088.11,Two year,DSL,2,8.0,Bank transfer,No
C00938,26,Female,East,7,96.01,972.07,One year,No,1,5.0,Electronic check,No
C00939,44,Female,West,29,68.34,1924.91,One year,Fiber optic,2,3.0,Electronic check,Yes
C00940,46,Male,North,4,130.66,546.89,Month-to-month,DSL,1,10.0,Bank transfer,No
C00941,57,Male,South,28,100.86,2963.1,Month-to-month,No,2,4.0,Electronic check,Yes
C00942,41,Male,West,46,131.86,5769.73,One year,Fiber optic,4,10.0,Electronic check,No
C00943,70,Male,West,16,79.56,1444.84,Month-to-month,No,1,9.0,Mailed check,No
C00944,45,Female,North,11,77.28,1003.63,One year,Fiber optic,4,7.0,Mailed check,No
C00945,25,Male,West,36,132.78,4695.61,Month-to-month,No,0,8.0,Credit card,Yes
C00946,24,Male,Central,38,135.38,4844.44,Month-to-month,Fiber optic,2,6.0,Mailed check,Yes
C00947,73,Male,West,52,135.49,7095.46,Month-to-month,Fiber optic,1,7.0,Mailed check,Yes
C00948,25,Female,South,2,119.17,119.17,Month-to-month,Fiber optic,4,3.0,Credit card,No
C00949,72,Female,Central,18,78.18,1169.01,Month-to-month,DSL,1,1.0,Bank transfer,Yes
C00950,33,Female,West,57,49.18,2858.87,One year,DSL,1,7.0,Mailed check,No
C00951,23,Male,North,50,69.1,3652.69,One year,No,4,9.0,Bank transfer,No
C00952,35,Female,North,65,132.9,8605.66,Month-to-month,No,0,9.0,Electronic check,No
C00953,53,Male,Central,59,66.81,4119.56,One year,No,0,8.0,Electronic check,No
C00954,42,Female,South,61,112.02,6932.84,Month-to-month,DSL,1,10.0,Credit card,No
C00955,62,Female,North,37,131.15,4646.57,Month-to-month,DSL,2,6.0,Electronic check,Yes
C00956,52,Female,East,70,136.6,9478.88,Two year,No,1,2.0,Electronic check,No
C00957,40,Male,East,30,133.98,4181.29,One year,DSL,2,3.0,Credit card,Yes
C00958,54,Female,East,66,88.83,5778.44,One year,Fiber optic,1,3.0,Electronic check,No
C00959,73,Female,West,29,81.57,2488.4,Month-to-month,Fiber optic,2,10.0,Electronic check,No
C00960,41,Female,Central,32,138.58,4373.04,Month-to-month,No,1,9.0,Mailed check,Yes
C00961,26,Male,West,50,50.09,2612.69,One year,Fiber optic,0,8.0,Electronic check,No
C00962,41,Female,North,29,46.57,1414.9,One year,DSL,4,9.0,Bank transfer,No
C00963,65,Female,North,11,135.77,1456.23,One year,Fiber optic,1,4.0,Credit card,No
C00964,30,Male,North,65,104.26,6880.86,Two year,DSL,3,8.0,Mailed check,No
C00965,72,Female,South,33,86.67,2560.11,Month-to-month,Fiber optic,0,2.0,Electronic check,No
C00966,51,Male,South,67,40.19,2529.88,One year,Fiber optic,1,2.0,Electronic check,No
C00967,52,Female,Central,29,84.02,2367.04,One year,Fiber optic,1,7.0,Credit card,No
C00968,36,Female,,71,133.59,9660.8,Month-to-month,Fiber optic,2,8.0,Credit card,No
C00969,70,Male,North,44,94.33,3933.59,Month-to-month,DSL,0,6.0,Bank transfer,No
C00970,20,Male,Central,56,71.53,4000.48,One year,DSL,0,5.0,Electronic check,No
C00971,35,Female,South,55,88.38,4908.51,Month-to-month,No,1,7.0,Electronic check,No
C00972,41,Male,Central,15,126.91,1940.78,One year,Fiber optic,1,4.0,Electronic check,No
C00973,45,Male,West,59,129.98,7654.03,One year,Fiber optic,1,3.0,Bank transfer,No
C00974,45,Male,Central,69,71.01,4806.6,Month-to-month,Fiber optic,1,3.0,Electronic check,No
C00975,26,Female,Central,48,94.93,4519.64,Month-to-month,No,4,4.0,Electronic check,No
C00976,30,Female,North,69,57.11,4086.8,One year,Fiber optic,2,4.0,Credit card,No
C00977,23,Female,West,61,76.87,4585.82,Month-to-month,DSL,5,2.0,Electronic check,No
C00978,50,Male,East,48,50.29,2113.92,Two year,Fiber optic,4,6.0,Electronic check,No
C00979,37,Male,West,35,86.12,3084.13,Month-to-month,Fiber optic,3,5.0,Electronic check,No
C00980,50,Female,West,62,91.5,5897.38,Two year,Fiber optic,1,2.0,Bank transfer,No
C00981,51,Female,East,14,63.85,736.22,Month-to-month,No,3,10.0,Credit card,No
C00982,58,Female,South,41,56.29,2512.0,Month-to-month,Fiber optic,4,6.0,Credit card,No
C00983,49,Female,Central,59,42.37,2577.93,One year,No,2,2.0,Credit card,Yes
C00984,54,Female,West,68,41.05,2617.95,Month-to-month,Fiber optic,4,1.0,Mailed check,No
C00985,51,Male,Central,20,106.82,2030.84,Month-to-month,Fiber optic,1,1.0,Electronic check,Yes
C00986,55,Male,South,7,50.49,241.3,Month-to-month,Fiber optic,0,5.0,Electronic check,Yes
C00987,53,Female,Central,25,38.57,989.6,One year,Fiber optic,3,3.0,Mailed check,Yes
C00988,36,Female,South,63,139.87,8784.62,One year,DSL,1,,Credit card,No
C00989,32,Female,East,38,54.89,2251.66,Month-to-month,Fiber optic,2,5.0,Mailed check,No
C00990,62,Female,Central,4,128.05,639.61,Month-to-month,DSL,3,8.0,Bank transfer,No
C00991,37,Male,South,9,95.06,623.75,Month-to-month,DSL,2,3.0,Bank transfer,Yes
C00992,49,Male,South,25,107.23,2467.91,Two year,No,1,1.0,Credit card,No
C00993,29,Female,Central,25,89.51,2329.89,Month-to-month,DSL,3,4.0,Electronic check,Yes
C00994,42,Female,Central,10,45.79,380.59,One year,No,3,7.0,Mailed check,No
C00995,48,Male,South,36,122.41,4380.53,Month-to-month,Fiber optic,2,8.0,Credit card,No
C00996,53,Male,South,35,120.22,4289.68,One year,Fiber optic,2,2.0,Electronic check,Yes
C00997,48,Female,South,15,65.21,1106.92,Two year,No,0,3.0,Electronic check,No
C00998,38,Female,North,17,112.84,1733.27,Month-to-month,Fiber optic,0,5.0,Credit card,No
C00999,72,Female,East,48,87.45,3897.6,One year,No,2,4.0,Electronic check,No
C01000,47,Male,South,69,129.54,8921.29,Month-to-month,DSL,1,3.0,Electronic check,No
C01001,64,Female,Central,72,117.32,8318.81,One year,Fiber optic,1,10.0,Electronic check,No
C01002,59,Female,North,41,29.71,1228.05,Month-to-month,Fiber optic,2,10.0,Mailed check,No
C01003,49,Female,West,3,126.12,365.07,Month-to-month,Fiber optic,3,4.0,Credit card,No
C01004,68,Female,East,65,136.39,8719.04,Month-to-month,Fiber optic,6,1.0,Electronic check,No
C01005,25,Male,West,69,110.35,7914.15,Month-to-month,Fiber optic,3,4.0,Electronic check,No
C01006,70,Male,North,21,38.79,817.14,Two year,DSL,3,9.0,Bank transfer,No
C01007,66,Male,East,29,117.85,3331.59,One year,DSL,4,9.0,Bank transfer,No
C01008,46,Female,West,2,99.46,214.14,Month-to-month,No,2,8.0,Electronic check,No
C01009,59,Male,South,58,63.97,3789.74,Month-to-month,Fiber optic,3,7.0,Mailed check,Yes
C01010,47,Male,Central,56,126.66,6998.08,One year,Fiber optic,2,4.0,Electronic check,No
C01011,33,Male,East,2,90.04,480.08,Month-to-month,Fiber optic,3,5.0,Electronic check,Yes
C01012,63,Female,South,51,123.09,6049.2,Month-to-month,No,2,9.0,Electronic check,No
C01013,32,Female,North,30,102.06,2843.84,One year,No,1,3.0,Mailed check,No
C01014,35,Female,North,40,58.18,2087.3,Month-to-month,DSL,2,5.0,Bank transfer,No
C01015,47,Female,East,16,137.13,2194.66,Month-to-month,No,1,9.0,Bank transfer,No
C01016,65,Male,East,59,90.67,5420.47,Month-to-month,DSL,1,7.0,Credit card,No
C01017,39,Male,Central,30,84.43,2483.33,Month-to-month,Fiber optic,2,2.0,Electronic check,Yes
C01018,46,Male,West,61,71.4,4425.9,One year,No,0,8.0,Electronic check,No
C01019,20,Female,North,11,40.68,515.96,One year,Fiber optic,2,1.0,Electronic check,Yes
C01020,24,Female,East,43,103.91,4414.02,Two year,DSL,2,3.0,Mailed check,Yes
C01021,21,Male,East,23,74.54,1778.53,Month-to-month,Fiber optic,1,10.0,Bank transfer,Yes
C01022,22,Male,North,70,132.48,9244.13,One year,No,3,1.0,Credit card,No
C01023,67,Male,West,41,135.99,5514.24,Two year,DSL,2,2.0,Mailed check,Yes
C01024,65,Female,East,52,113.28,5815.78,One year,Fiber optic,4,9.0,Electronic check,No
C01025,64,Male,North,7,52.89,405.19,Two year,Fiber optic,1,7.0,Electronic check,Yes
C01026,21,Female,East,49,107.34,5442.33,Two year,Fiber optic,1,3.0,Credit card,No
C01027,22,Male,West,8,27.35,38.05,One year,Fiber optic,2,4.0,Mailed check,Yes
C01028,33,Female,South,27,120.04,3169.04,Two year,Fiber optic,0,10.0,Electronic check,No
C01029,50,Female,South,17,81.77,1414.49,One year,Fiber optic,3,7.0,Electronic check,No
C01030,37,Male,North,1,132.73,396.26,Month-to-month,Fiber optic,2,4.0,Electronic check,No
C01031,45,Female,South,43,68.44,3007.67,Two year,No,1,2.0,Mailed check,Yes
C01032,27,Female,Central,18,55.26,872.77,Two year,No,2,5.0,Electronic check,No
C01033,59,Female,West,37,139.43,5020.33,Month-to-month,DSL,2,,Bank transfer,No
C01034,35,Female,North,56,86.03,4965.44,Month-to-month,Fiber optic,0,5.0,Mailed check,No
C01035,21,Male,East,13,124.27,1568.47,Month-to-month,Fiber optic,4,1.0,Bank transfer,Yes
C01036,60,Male,North,52,129.77,6563.4,Two year,DSL,2,5.0,Electronic check,No
C01037,69,Female,,22,84.62,2013.71,Month-to-month,Fiber optic,0,3.0,Electronic check,Yes
C01038,18,Male,North,24,77.41,1904.07,Month-to-month,Fiber optic,2,10.0,Electronic check,Yes
C01039,42,Male,West,42,88.58,3541.24,Month-to-month,DSL,1,3.0,Bank transfer,Yes
C01040,65,Male,East,46,122.49,5433.49,Month-to-month,Fiber optic,0,3.0,Bank transfer,No
C01041,58,,West,48,135.94,6225.12,Two year,Fiber optic,2,4.0,Electronic check,Yes
C01042,66,Male,East,15,62.76,848.04,Month-to-month,Fiber optic,2,7.0,Credit card,Yes
C01043,41,Male,South,42,109.94,4663.17,Month-to-month,No,2,8.0,Electronic check,Yes
C01044,39,Female,South,19,57.82,1242.66,Month-to-month,DSL,1,3.0,Credit card,No
C01045,58,Female,South,20,95.26,1968.94,One year,Fiber optic,2,7.0,Credit card,No
C01046,26,Male,East,69,117.55,7915.23,One year,Fiber optic,3,2.0,Mailed check,No
C01047,31,Male,East,8,126.95,973.04,Month-to-month,Fiber optic,1,2.0,Credit card,No
C01048,52,Female,West,30,76.6,2512.41,Month-to-month,Fiber optic,3,3.0,Electronic check,No
C01049,56,Male,North,32,67.52,2083.82,Two year,DSL,1,7.0,Credit card,No
C01050,24,Male,South,18,54.15,1090.03,One year,DSL,1,,Mailed check,No
C01051,46,Male,Central,57,40.34,2396.18,One year,Fiber optic,1,5.0,Credit card,No
C01052,38,Male,Central,36,66.97,2524.89,Month-to-month,DSL,5,7.0,Bank transfer,Yes
C01053,46,Male,Central,52,125.28,6579.24,Two year,No,1,2.0,Credit card,Yes
C01054,72,Male,South,28,73.16,2161.99,One year,Fiber optic,3,,Credit card,No
C01055,22,Female,North,65,61.49,3774.62,Month-to-month,DSL,3,8.0,Credit card,No
C01056,74,Female,North,53,110.0,6057.3,Two year,Fiber optic,2,10.0,Mailed check,No
C01057,43,Male,North,24,49.79,923.97,Two year,No,2,1.0,Credit card,No
C01058,62,Female,Central,70,54.47,3859.67,One year,DSL,1,4.0,Credit card,No
C01059,42,Female,Central,63,132.63,8348.42,One year,Fiber optic,3,9.0,Bank transfer,No
C01060,35,,Central,43,34.38,1384.5,Month-to-month,DSL,5,9.0,Electronic check,No
C01061,61,Male,West,2,72.68,72.68,Month-to-month,No,1,3.0,Electronic check,Yes
C01062,57,Female,South,43,91.33,4009.65,Month-to-month,Fiber optic,2,1.0,Electronic check,No
C01063,26,Male,East,50,51.48,2694.2,One year,Fiber optic,2,6.0,Credit card,No
C01064,58,Male,Central,27,57.32,1532.18,Month-to-month,Fiber optic,1,7.0,Bank transfer,No
C01065,60,Male,Central,11,50.51,512.22,Month-to-month,Fiber optic,2,3.0,Credit card,Yes
C01066,40,Male,East,41,64.7,2844.91,Two year,Fiber optic,4,4.0,Credit card,No
C01067,70,Male,Central,58,128.33,7379.88,Month-to-month,DSL,1,7.0,Electronic check,No
C01068,54,Male,South,23,74.63,1710.16,Two year,DSL,2,6.0,Mailed check,No
C01069,37,Male,East,33,73.05,2380.11,Month-to-month,DSL,1,,Electronic check,Yes
C01070,18,Female,Central,1,69.46,369.46,Month-to-month,Fiber optic,1,9.0,Electronic check,Yes
C01071,56,Male,South,51,135.87,6803.37,Month-to-month,No,0,10.0,Bank transfer,No
C01072,29,Female,West,63,38.49,2549.58,Month-to-month,DSL,3,8.0,Mailed check,No
C01073,61,Female,East,56,125.27,6760.22,Month-to-month,No,3,10.0,Electronic check,No
C01074,47,Female,South,31,62.62,1797.53,Month-to-month,No,5,4.0,Credit card,Yes
C01075,44,Female,South,4,135.0,493.62,One year,DSL,1,2.0,Bank transfer,No
C01076,27,Male,West,36,61.25,2185.36,Month-to-month,DSL,1,8.0,Electronic check,No
C01077,58,Male,East,68,34.53,2306.88,Month-to-month,Fiber optic,4,6.0,Mailed check,No
C01078,27,Male,South,7,84.8,578.69,Month-to-month,DSL,0,5.0,Electronic check,No
C01079,41,Female,West,16,51.2,715.85,Month-to-month,Fiber optic,4,3.0,Credit card,No
C01080,65,Female,North,61,111.59,7000.13,Month-to-month,Fiber optic,4,1.0,Electronic check,Yes
C01081,70,Female,North,41,100.59,3974.13,Month-to-month,Fiber optic,1,2.0,Electronic check,No
C01082,74,Male,Central,13,103.94,1462.89,One year,Fiber optic,4,7.0,Electronic check,No
C01083,72,Male,West,2,47.25,196.14,One year,DSL,3,3.0,Electronic check,No
C01084,49,Female,East,30,106.49,3052.52,Two year,No,2,,Mailed check,No
C01085,29,Female,North,43,60.8,2559.35,One year,Fiber optic,2,5.0,Credit card,No
C01086,65,Female,East,61,139.85,8530.48,Month-to-month,Fiber optic,2,1.0,Electronic check,No
C01087,63,Male,East,64,109.15,7236.91,Month-to-month,Fiber optic,0,7.0,Credit card,No
C01088,74,Male,East,33,92.9,3010.32,Month-to-month,DSL,2,7.0,Electronic check,No
C01089,55,Male,North,31,124.72,4166.32,One year,No,4,2.0,Credit card,Yes
C01090,26,Female,East,68,92.77,6423.54,Month-to-month,Fiber optic,3,9.0,Credit card,No
C01091,46,Male,East,56,88.57,5011.44,Month-to-month,No,3,8.0,Credit card,No
C01092,43,Female,South,16,52.29,969.27,Two year,No,3,6.0,Bank transfer,No
C01093,66,Male,North,50,102.98,4891.21,Month-to-month,Fiber optic,1,2.0,Credit card,Yes
C01094,40,Male,Central,52,68.08,3715.94,Month-to-month,Fiber optic,1,5.0,Bank transfer,No
C01095,36,Male,West,17,29.95,310.73,Two year,Fiber optic,1,10.0,Credit card,No
C01096,22,Female,West,71,118.85,8568.8,Month-to-month,DSL,2,3.0,Electronic check,No
C01097,65,Female,West,22,30.97,592.46,Month-to-month,No,2,10.0,Electronic check,No
C01098,61,Female,West,40,102.31,3972.51,Month-to-month,Fiber optic,1,2.0,Electronic check,Yes
C01099,20,Female,North,36,43.02,1814.6,Month-to-month,No,0,7.0,Mailed check,Yes
C01100,42,Male,East,50,74.75,3722.55,Two year,Fiber optic,3,4.0,Bank transfer,No
C01101,45,Male,Central,65,123.8,7817.34,One year,DSL,1,1.0,Mailed check,No
C01102,44,Female,South,29,35.86,1186.16,Month-to-month,Fiber optic,5,7.0,Bank transfer,No
C01103,70,Male,Central,28,101.72,2665.06,Month-to-month,DSL,4,5.0,Mailed check,No
C01104,26,Male,North,55,95.45,5453.86,Month-to-month,DSL,2,4.0,Credit card,No
C01105,35,Female,South,69,124.77,8606.7,One year,Fiber optic,1,3.0,Credit card,Yes
C01106,28,Female,South,66,44.86,2769.69,Month-to-month,DSL,4,5.0,Credit card,No
C01107,31,Male,West,55,116.98,6557.1,Month-to-month,No,1,2.0,Mailed check,No
C01108,69,Female,North,51,76.76,3992.94,One year,Fiber optic,2,6.0,Mailed check,No
C01109,71,Female,South,56,74.29,3860.24,Two year,Fiber optic,3,1.0,Bank transfer,No
C01110,20,Female,West,68,66.61,4519.97,Two year,DSL,2,3.0,Bank transfer,No
C01111,54,Female,South,1,69.34,114.17,Two year,DSL,4,6.0,Mailed check,Yes
C01112,31,Male,Central,43,84.8,3682.48,Month-to-month,Fiber optic,3,8.0,Electronic check,No
C01113,28,Male,Central,3,37.28,84.13,One year,Fiber optic,6,4.0,Credit card,Yes
C01114,34,Female,South,42,73.88,3214.71,Two year,Fiber optic,2,7.0,Bank transfer,Yes
C01115,29,Male,East,29,99.98,2984.76,Month-to-month,Fiber optic,1,10.0,Credit card,Yes
C01116,45,Male,South,22,82.29,1815.05,Month-to-month,DSL,3,6.0,Credit card,Yes
C01117,74,Female,South,65,44.07,2829.1,Month-to-month,Fiber optic,1,8.0,Credit card,No
C01118,51,Male,West,52,66.75,3493.22,Two year,DSL,1,5.0,Electronic check,No
C01119,59,Female,South,41,75.94,3022.99,Two year,DSL,3,3.0,Mailed check,No
C01120,46,Male,North,64,101.92,6369.5,One year,Fiber optic,1,4.0,Bank transfer,No
C01121,18,Male,South,8,128.59,860.15,Month-to-month,DSL,2,4.0,Credit card,No
C01122,22,Female,Central,47,88.29,4134.63,Two year,DSL,2,6.0,Electronic check,Yes
C01123,33,Female,South,12,102.78,1104.7,Month-to-month,Fiber optic,4,2.0,Electronic check,Yes
C01124,31,Male,South,17,33.88,552.14,Month-to-month,Fiber optic,2,8.0,Credit card,No
C01125,65,Male,West,14,134.76,2086.15,One year,No,0,2.0,Electronic check,No
C01126,66,Male,North,40,61.25,2418.94,One year,No,2,8.0,Electronic check,No
C01127,66,Male,South,46,65.74,3044.77,Two year,Fiber optic,1,5.0,Electronic check,No
C01128,54,Female,North,55,50.63,2750.34,Month-to-month,Fiber optic,1,8.0,Electronic check,No
C01129,49,Male,Central,32,34.74,1307.66,Month-to-month,Fiber optic,0,2.0,Electronic check,No
C01130,55,Male,Central,68,115.86,8127.15,Month-to-month,DSL,2,3.0,Bank transfer,No
C01131,41,Male,West,27,52.66,1351.39,Month-to-month,No,2,3.0,Credit card,No
C01132,56,Male,South,12,57.51,799.29,Two year,Fiber optic,1,8.0,Credit card,No
C01133,63,Female,West,3,45.91,437.73,Month-to-month,Fiber optic,2,3.0,Mailed check,Yes
C01134,61,Male,West,10,137.11,1197.0,Month-to-month,Fiber optic,2,4.0,Credit card,No
C01135,52,Female,Central,33,114.82,3936.11,Month-to-month,Fiber optic,0,2.0,Mailed check,No
C01136,21,Male,North,30,131.94,3697.09,One year,Fiber optic,3,3.0,Electronic check,Yes
C01137,59,Male,West,62,124.1,7698.64,Two year,DSL,3,9.0,Electronic check,No
C01138,38,Female,North,10,129.22,1271.19,Month-to-month,No,4,2.0,Electronic check,Yes
C01139,60,Male,East,19,80.09,1265.66,Month-to-month,DSL,1,10.0,Mailed check,No
C01140,48,Male,Central,71,44.61,3330.69,Two year,No,1,9.0,Mailed check,No
C01141,68,Male,North,3,62.59,209.92,One year,Fiber optic,4,10.0,Credit card,No
C01142,37,Male,North,31,58.63,1678.44,Month-to-month,No,0,7.0,Bank transfer,No
C01143,71,Female,Central,15,107.47,1661.34,Month-to-month,No,1,7.0,Electronic check,Yes
C01144,66,Female,North,39,27.95,1225.63,Two year,Fiber optic,3,9.0,Credit card,No
C01145,36,Male,West,71,41.33,2669.11,One year,No,1,8.0,Electronic check,No
C01146,45,Female,East,17,103.53,1460.01,Month-to-month,DSL,3,6.0,Credit card,No
C01147,48,Female,South,27,39.2,1052.1,Month-to-month,DSL,1,5.0,Electronic check,No
C01148,61,Female,Central,33,30.55,892.91,Month-to-month,Fiber optic,2,9.0,Credit card,Yes
C01149,57,Male,Central,58,37.56,2379.25,Month-to-month,Fiber optic,1,4.0,Credit card,No
C01150,66,Female,South,71,104.43,7358.97,Month-to-month,DSL,2,6.0,Credit card,No
C01151,39,Male,,7,41.02,333.56,Month-to-month,Fiber optic,4,1.0,Electronic check,Yes
C01152,46,Female,North,36,41.83,1477.83,Month-to-month,No,2,7.0,Credit card,Yes
C01153,42,Female,North,55,51.48,2599.51,Month-to-month,No,1,2.0,Electronic check,No
C01154,69,Male,Central,1,111.35,115.93,Month-to-month,DSL,1,1.0,Electronic check,Yes
C01155,35,Male,East,59,48.04,2635.43,Month-to-month,Fiber optic,2,3.0,Credit card,No
C01156,51,Female,West,18,29.07,316.99,Two year,DSL,3,7.0,Electronic check,No
C01157,24,Male,South,38,129.17,4743.82,Month-to-month,DSL,2,9.0,Credit card,No
C01158,66,Female,Central,71,125.78,8752.58,Two year,No,2,6.0,Electronic check,No
C01159,39,Female,West,46,46.25,2095.93,Two year,No,0,7.0,Credit card,No
C01160,37,Male,West,72,55.51,3937.92,Two year,DSL,0,3.0,Credit card,No
C01161,51,Male,East,44,46.68,2096.54,Month-to-month,DSL,6,2.0,Electronic check,No
C01162,46,Male,West,16,107.75,1487.87,Month-to-month,Fiber optic,2,2.0,Electronic check,Yes
C01163,66,Male,East,50,53.75,2649.75,One year,Fiber optic,2,1.0,Credit card,No
C01164,48,Male,South,45,132.12,5873.2,Month-to-month,DSL,2,4.0,Bank transfer,Yes
C01165,47,Male,East,23,120.18,2794.35,Month-to-month,DSL,5,8.0,Electronic check,Yes
C01166,23,Female,South,6,92.67,593.42,Month-to-month,Fiber optic,4,1.0,Electronic check,Yes
C01167,19,Male,Central,47,26.03,1246.85,One year,DSL,2,4.0,Bank transfer,No
C01168,40,Female,West,42,126.62,5169.5,One year,No,2,7.0,Electronic check,No
C01169,74,Female,West,56,108.69,6090.34,Month-to-month,Fiber optic,3,1.0,Electronic check,Yes
C01170,70,Female,West,10,115.61,1079.12,Two year,Fiber optic,3,6.0,Electronic check,No
C01171,53,Female,East,39,33.26,1494.27,One year,Fiber optic,3,4.0,Mailed check,No
C01172,53,Male,Central,59,106.48,6298.87,Month-to-month,No,2,10.0,Credit card,Yes
C01173,40,Female,South,65,117.53,7651.36,Month-to-month,DSL,4,5.0,Electronic check,No
C01174,28,Male,East,68,135.01,8988.55,Month-to-month,No,2,6.0,Credit card,No
C01175,18,Male,North,16,91.75,1379.44,Two year,DSL,2,9.0,Electronic check,No
C01176,37,Male,South,13,83.42,1123.28,One year,No,2,8.0,Electronic check,No
C01177,36,Female,East,42,73.92,3092.83,One year,DSL,2,6.0,Mailed check,No
C01178,28,Female,East,34,105.65,3578.67,One year,No,3,7.0,Credit card,Yes
C01179,32,Female,Central,17,130.89,1962.07,Month-to-month,DSL,2,5.0,Bank transfer,No
C01180,19,Female,West,8,93.97,629.65,Two year,No,3,7.0,Mailed check,Yes
C01181,52,Male,East,11,51.14,521.3,Two year,Fiber optic,3,4.0,Electronic check,Yes
C01182,70,Female,East,25,27.02,855.75,One year,DSL,1,4.0,Electronic check,No
C01183,57,Male,West,54,96.2,4911.14,Month-to-month,Fiber optic,1,9.0,Electronic check,No
C01184,43,Female,West,5,124.43,465.54,Month-to-month,DSL,2,5.0,Bank transfer,Yes
C01185,41,Male,South,8,32.59,32.59,Month-to-month,Fiber optic,1,6.0,Credit card,No
C01186,35,Female,East,20,70.72,1463.21,Month-to-month,Fiber optic,2,2.0,Credit card,Yes
C01187,26,Male,East,63,133.11,8563.85,One year,Fiber optic,4,4.0,Electronic check,Yes
C01188,52,Female,North,72,82.69,6007.76,One year,No,0,7.0,Electronic check,No
C01189,50,Male,Central,32,50.38,1698.74,Two year,Fiber optic,1,6.0,Credit card,No
C01190,18,Male,East,4,65.67,107.87,Month-to-month,Fiber optic,2,4.0,Electronic check,No
C01191,41,Female,South,1,71.94,127.35,Month-to-month,No,2,1.0,Bank transfer,Yes
C01192,33,Male,West,62,38.49,2270.51,Month-to-month,Fiber optic,1,6.0,Mailed check,No
C01193,27,Male,West,33,100.99,3341.63,Two year,Fiber optic,2,4.0,Mailed check,No
C01194,58,Male,Central,6,93.1,633.96,One year,Fiber optic,0,10.0,Credit card,No
C01195,47,Male,North,61,99.49,6025.1,Month-to-month,DSL,1,1.0,Electronic check,No
C01196,54,Male,East,39,95.24,3837.38,One year,Fiber optic,6,7.0,Credit card,No
C01197,58,Female,North,26,26.92,675.38,One year,DSL,1,4.0,Electronic check,No
C01198,73,Male,East,33,45.06,1528.02,Month-to-month,No,3,3.0,Mailed check,Yes
C01199,63,Male,East,17,44.04,1032.33,Month-to-month,Fiber optic,1,8.0,Bank transfer,Yes
C01200,53,Male,East,68,36.26,2540.3,Month-to-month,Fiber optic,3,6.0,Electronic check,No
C01201,68,Female,Central,57,109.58,6133.65,Month-to-month,DSL,2,1.0,Bank transfer,No
C01202,45,Female,East,15,38.82,510.23,One year,DSL,3,7.0,Electronic check,No
C01203,74,Male,East,53,101.84,5528.48,Month-to-month,Fiber optic,0,2.0,Bank transfer,No
C01204,61,Male,North,13,45.51,748.04,One year,Fiber optic,2,9.0,Credit card,No
C01205,55,Male,South,33,38.61,1268.66,One year,No,2,3.0,Mailed check,No
C01206,69,Female,Central,54,43.69,2130.2,Month-to-month,Fiber optic,3,8.0,Mailed check,Yes
C01207,47,Female,East,3,83.47,107.87,Two year,DSL,0,4.0,Electronic check,No
C01208,59,Female,Central,53,99.23,5286.3,Month-to-month,Fiber optic,4,4.0,Credit card,No
C01209,34,Male,East,17,118.37,2099.35,One year,Fiber optic,0,1.0,Electronic check,Yes
C01210,72,Female,East,51,39.78,2179.5,Month-to-month,DSL,2,10.0,Bank transfer,No
C01211,53,Male,East,36,95.86,3150.96,One year,Fiber optic,2,6.0,Credit card,No
C01212,62,Female,East,2,113.99,358.7,Month-to-month,DSL,2,2.0,Mailed check,Yes
C01213,44,Female,North,55,60.93,3565.2,Month-to-month,DSL,2,1.0,Mailed check,No
C01214,67,Male,North,19,34.17,349.23,Month-to-month,DSL,3,3.0,Electronic check,No
C01215,22,Female,East,69,42.93,2961.37,One year,Fiber optic,2,5.0,Electronic check,No
C01216,24,Female,East,61,35.53,2281.0,One year,Fiber optic,2,1.0,Credit card,No
C01217,46,Male,East,14,127.03,1566.71,One year,DSL,2,4.0,Electronic check,Yes
C01218,59,Male,East,44,68.32,2931.17,Month-to-month,Fiber optic,1,4.0,Electronic check,No
C01219,64,Male,South,27,85.19,2384.16,One year,Fiber optic,3,9.0,Credit card,No
C01220,43,Female,West,44,113.4,4911.19,One year,Fiber optic,1,5.0,Credit card,No
C01221,55,Male,West,41,67.72,2721.98,Month-to-month,DSL,2,2.0,Credit card,Yes
C01222,49,Male,North,22,99.65,2225.42,Month-to-month,DSL,3,3.0,Electronic check,Yes
C01223,72,Female,East,47,33.82,1414.07,Month-to-month,DSL,1,9.0,Electronic check,No
C01224,55,Male,West,19,80.3,1365.67,Two year,No,0,1.0,Electronic check,No
C01225,41,Male,West,66,36.1,2452.86,Month-to-month,No,2,2.0,Bank transfer,No
C01226,73,Female,South,69,53.55,3837.29,Month-to-month,DSL,3,1.0,Credit card,No
C01227,24,Female,Central,12,58.73,764.54,Two year,Fiber optic,2,,Credit card,No
C01228,74,Female,West,53,107.52,5902.75,Two year,DSL,4,10.0,Mailed check,No
C01229,26,Male,East,67,102.52,6931.79,Month-to-month,DSL,3,10.0,Mailed check,No
C01230,34,Male,West,10,110.91,1386.15,Two year,Fiber optic,3,8.0,Electronic check,No
C01231,64,Male,Central,54,32.1,1743.27,Month-to-month,DSL,0,1.0,Bank transfer,No
C01232,59,Female,South,68,139.3,9510.3,Two year,DSL,1,7.0,Electronic check,No
C01233,73,Male,North,17,31.26,591.9,Month-to-month,Fiber optic,2,8.0,Bank transfer,No
C01234,60,Male,East,42,119.96,4944.11,Month-to-month,Fiber optic,3,8.0,Electronic check,Yes
C01235,54,Female,North,58,110.13,6271.13,Two year,Fiber optic,2,8.0,Electronic check,No
C01236,37,Female,Central,25,93.05,2191.24,Month-to-month,Fiber optic,2,7.0,Mailed check,Yes
C01237,18,Female,Central,18,75.47,1275.1,Two year,Fiber optic,2,5.0,Credit card,Yes
C01238,25,Male,West,29,112.07,3550.03,Month-to-month,Fiber optic,1,1.0,Electronic check,Yes
C01239,34,Female,Central,25,110.08,3025.22,Month-to-month,Fiber optic,2,9.0,Mailed check,No
C01240,20,Male,North,53,40.78,2112.15,Two year,No,4,10.0,Electronic check,No
C01241,46,Female,West,27,116.15,3072.97,Month-to-month,DSL,1,6.0,Electronic check,No
C01242,62,Male,East,28,34.03,652.84,Two year,Fiber optic,3,5.0,Credit card,No
C01243,72,Female,South,69,82.56,5547.5,Two year,DSL,1,10.0,Bank transfer,No
C01244,45,Male,South,42,99.18,4044.16,Month-to-month,Fiber optic,1,5.0,Bank transfer,Yes
C01245,67,Female,East,67,119.49,7939.88,Month-to-month,Fiber optic,1,4.0,Credit card,No
C01246,74,Male,West,52,78.26,3984.07,Month-to-month,Fiber optic,2,9.0,Credit card,No
C01247,67,Female,North,64,52.24,3375.57,Month-to-month,No,1,10.0,Credit card,No
C01248,44,Male,West,15,81.43,1337.69,Month-to-month,Fiber optic,0,3.0,Credit card,No
C01249,36,Male,Central,68,53.77,3547.19,Month-to-month,DSL,1,3.0,Electronic check,No
C01250,73,Male,North,68,85.8,6049.94,One year,Fiber optic,2,4.0,Electronic check,No
C01251,31,Female,Central,3,78.19,286.42,Month-to-month,DSL,3,2.0,Bank transfer,Yes
C01252,41,Male,West,26,114.76,3117.0,One year,Fiber optic,7,9.0,Bank transfer,No
C01253,22,Male,South,30,52.61,1512.37,Month-to-month,No,2,10.0,Credit card,No
C01254,63,Female,West,31,48.0,1569.97,Month-to-month,Fiber optic,0,6.0,Electronic check,No
C01255,55,Male,West,57,79.53,4601.24,Month-to-month,Fiber optic,3,8.0,Credit card,No
C01256,22,Male,West,51,30.81,1791.45,Month-to-month,DSL,1,5.0,Electronic check,No
C01257,30,Female,North,16,51.37,919.82,One year,DSL,2,10.0,Credit card,No
C01258,49,Female,North,44,65.68,3017.98,Month-to-month,No,1,10.0,Credit card,No
C01259,48,Female,West,71,81.08,5677.33,Two year,DSL,5,8.0,Credit card,No
C01260,63,Female,South,32,55.99,1971.07,One year,Fiber optic,1,9.0,Electronic check,No
C01261,33,Male,South,67,89.47,5803.07,Month-to-month,Fiber optic,2,2.0,Mailed check,Yes
C01262,70,Male,East,47,126.02,5836.98,Two year,Fiber optic,2,9.0,Electronic check,No
C01263,43,Male,West,67,87.53,5906.71,Two year,DSL,2,5.0,Electronic check,No
C01264,64,Female,North,66,57.99,3654.43,Month-to-month,DSL,5,3.0,Credit card,No
C01265,31,Female,Central,2,32.13,32.13,Two year,Fiber optic,0,10.0,Bank transfer,No
C01266,20,Male,East,58,40.72,2223.36,Month-to-month,Fiber optic,0,9.0,Bank transfer,No
C01267,21,Female,North,14,89.54,1310.36,One year,Fiber optic,3,2.0,Credit card,Yes
C01268,39,Male,North,60,103.63,6193.96,Month-to-month,DSL,0,7.0,Credit card,No
C01269,72,Male,Central,59,30.71,1956.45,One year,No,3,9.0,Credit card,No
C01270,20,Female,North,19,46.34,1162.55,Two year,DSL,3,7.0,Electronic check,No
C01271,39,Female,East,5,61.69,349.02,Two year,Fiber optic,3,5.0,Electronic check,Yes
C01272,24,Female,West,31,61.77,1838.15,Two year,No,0,1.0,Credit card,No
C01273,71,Female,East,22,135.22,3030.09,Month-to-month,No,3,5.0,Credit card,No
C01274,56,Female,South,40,48.43,1802.84,One year,DSL,0,6.0,Bank transfer,No
C01275,61,Female,North,6,32.19,183.59,Month-to-month,Fiber optic,2,9.0,Mailed check,No
C01276,58,Male,West,4,65.6,562.4,Month-to-month,No,1,3.0,Credit card,Yes
C01277,55,Male,East,32,40.46,1264.26,Month-to-month,DSL,3,3.0,Bank transfer,No
C01278,62,Female,North,56,39.56,2260.76,Two year,DSL,4,10.0,Mailed check,No
C01279,18,Male,North,23,71.86,1628.55,One year,Fiber optic,2,9.0,Electronic check,No
C01280,67,Male,East,24,60.23,1384.08,Month-to-month,No,0,6.0,Credit card,No
C01281,60,Male,North,12,35.55,498.74,Two year,Fiber optic,0,5.0,Bank transfer,No
C01282,60,Male,South,21,94.49,1793.65,One year,Fiber optic,1,7.0,Credit card,Yes
C01283,40,Female,North,22,82.7,1794.47,Month-to-month,No,0,2.0,Mailed check,No
C01284,63,Male,West,19,33.87,439.91,Month-to-month,DSL,1,3.0,Credit card,No
C01285,39,Male,West,25,124.22,3337.17,One year,Fiber optic,3,6.0,Mailed check,No
C01286,20,Female,West,21,57.74,1360.62,One year,DSL,2,5.0,Electronic check,No
C01287,69,Male,North,50,135.56,6662.77,Month-to-month,Fiber optic,1,2.0,Bank transfer,No
C01288,31,Male,South,25,132.13,3024.88,Month-to-month,Fiber optic,3,6.0,Electronic check,No
C01289,23,Male,South,55,74.92,4194.16,Month-to-month,DSL,0,7.0,Electronic check,No
C01290,53,Female,West,44,51.29,2250.2,Month-to-month,Fiber optic,5,9.0,Electronic check,No
C01291,31,Male,Central,47,121.01,5987.47,Month-to-month,No,1,7.0,Credit card,No
C01292,66,Female,South,43,66.55,3071.91,Month-to-month,Fiber optic,2,7.0,Electronic check,No
C01293,43,Male,West,67,43.81,3030.54,Month-to-month,DSL,0,6.0,Electronic check,No
C01294,18,Female,East,19,88.43,1600.93,One year,DSL,2,2.0,Credit card,No
C01295,72,Male,Central,71,81.28,5731.64,Month-to-month,Fiber optic,0,4.0,Credit card,Yes
C01296,47,Female,North,15,122.75,1886.57,Month-to-month,Fiber optic,4,5.0,Credit card,No
C01297,32,Male,Central,10,108.87,1141.95,Month-to-month,Fiber optic,1,6.0,Credit card,Yes
C01298,56,Female,East,60,125.76,7439.45,Two year,DSL,1,3.0,Mailed check,No
C01299,48,Male,South,65,109.49,6912.24,Month-to-month,Fiber optic,2,8.0,Bank transfer,Yes
C01300,19,Male,North,7,98.85,981.18,Month-to-month,DSL,2,6.0,Credit card,Yes
C01301,61,Male,Central,44,82.52,3635.96,Month-to-month,DSL,4,4.0,Bank transfer,Yes
C01302,40,Male,Central,37,138.57,5190.72,One year,Fiber optic,5,5.0,Mailed check,Yes
C01303,57,Male,North,16,135.3,2036.18,Month-to-month,Fiber optic,1,8.0,Credit card,No
C01304,69,Female,East,38,122.62,4864.49,Month-to-month,No,2,1.0,Electronic check,Yes
C01305,52,Male,West,50,114.16,5864.01,Two year,Fiber optic,1,4.0,Electronic check,Yes
C01306,56,Male,East,42,91.42,3848.71,One year,DSL,3,3.0,Bank transfer,No
C01307,32,Female,North,38,54.87,2116.58,Month-to-month,No,3,4.0,Mailed check,Yes
C01308,31,Male,South,64,125.68,8086.27,Month-to-month,DSL,0,7.0,Electronic check,No
C01309,41,Male,South,17,26.24,460.81,Two year,No,2,3.0,Credit card,No
C01310,66,Male,South,45,51.16,2385.89,Two year,Fiber optic,2,6.0,Electronic check,No
C01311,47,Male,Central,23,71.43,1699.38,One year,No,1,4.0,Credit card,No
C01312,37,Male,South,71,92.41,6534.72,One year,No,5,1.0,Mailed check,Yes
C01313,62,Male,West,19,89.5,1525.21,Two year,No,1,9.0,Bank transfer,No
C01314,66,Male,Central,63,45.22,2845.06,Two year,DSL,6,6.0,Mailed check,No
C01315,69,Female,West,46,37.05,1816.84,Month-to-month,No,4,3.0,Credit card,No
C01316,35,Male,West,16,50.57,909.94,Two year,Fiber optic,2,6.0,Bank transfer,No
C01317,58,Female,North,55,65.1,3777.36,One year,Fiber optic,4,10.0,Mailed check,No
C01318,51,Female,North,18,26.62,691.9,One year,Fiber optic,3,2.0,Bank transfer,No
C01319,43,Male,West,19,104.63,2093.21,Month-to-month,Fiber optic,1,,Mailed check,Yes
C01320,40,Male,West,25,53.49,1365.37,Month-to-month,No,3,1.0,Electronic check,Yes
C01321,24,Female,West,50,65.41,3322.03,One year,Fiber optic,2,9.0,Electronic check,No
C01322,33,Female,East,29,63.51,1755.63,One year,Fiber optic,0,4.0,Electronic check,No
C01323,49,Male,East,41,83.86,3558.15,Month-to-month,Fiber optic,4,3.0,Mailed check,No
C01324,68,Female,North,40,123.88,5153.75,One year,DSL,2,8.0,Electronic check,No
C01325,67,Female,South,15,42.18,788.94,Month-to-month,Fiber optic,3,2.0,Bank transfer,No
C01326,28,Male,East,17,64.18,1174.51,Month-to-month,Fiber optic,1,2.0,Credit card,Yes
C01327,56,Male,North,23,104.58,2369.24,One year,Fiber optic,4,5.0,Bank transfer,No
C01328,22,Female,North,17,30.09,458.13,One year,Fiber optic,0,10.0,Bank transfer,No
C01329,56,Male,North,67,120.45,8046.18,Month-to-month,Fiber optic,0,4.0,Credit card,Yes
C01330,37,Female,South,28,135.61,3687.55,Month-to-month,Fiber optic,2,6.0,Electronic check,No
C01331,43,Male,Central,30,94.88,2887.6,Month-to-month,Fiber optic,1,4.0,Credit card,No
C01332,58,Female,West,49,135.0,6315.0,One year,DSL,1,8.0,Mailed check,No
C01333,42,Male,Central,57,72.5,4051.68,Two year,No,6,9.0,Electronic check,Yes
C01334,64,Male,South,50,72.73,3646.72,One year,No,2,10.0,Electronic check,No
C01335,48,Male,East,40,37.22,1788.8,One year,No,3,3.0,Mailed check,Yes
C01336,74,Male,Central,71,29.08,2065.34,Month-to-month,No,1,3.0,Electronic check,No
C01337,54,Female,South,65,53.12,3458.99,Month-to-month,Fiber optic,1,10.0,Electronic check,No
C01338,34,Male,West,15,79.98,1074.67,Two year,Fiber optic,2,6.0,Mailed check,Yes
C01339,62,Female,West,12,83.38,1258.49,Month-to-month,No,3,4.0,Bank transfer,Yes
C01340,41,Female,Central,29,50.02,1328.57,Month-to-month,DSL,1,4.0,Electronic check,No
C01341,48,Male,Central,61,95.47,6123.67,Month-to-month,No,1,2.0,Mailed check,Yes
C01342,25,Female,West,70,45.84,3097.81,One year,DSL,0,1.0,Bank transfer,No
C01343,24,Female,East,51,62.51,3329.25,Month-to-month,No,2,4.0,Electronic check,No
C01344,50,Female,Central,50,47.51,2367.0,Month-to-month,Fiber optic,1,8.0,Credit card,No
C01345,28,Male,West,17,105.12,1702.68,One year,No,4,7.0,Mailed check,No
C01346,74,Female,South,43,84.41,3781.07,Month-to-month,Fiber optic,1,1.0,Bank transfer,No
C01347,66,Female,West,14,109.65,1734.37,Month-to-month,Fiber optic,2,1.0,Credit card,Yes
C01348,57,Female,East,39,31.58,1203.79,Two year,No,1,9.0,Credit card,No
C01349,59,Male,South,14,73.92,1031.25,Two year,Fiber optic,3,8.0,Electronic check,Yes
C01350,51,Female,East,6,136.2,755.31,Month-to-month,DSL,4,8.0,Credit card,No
C01351,21,Male,West,70,31.17,2215.51,Month-to-month,DSL,1,9.0,Electronic check,No
C01352,40,Male,Central,65,73.11,4587.95,Month-to-month,Fiber optic,3,7.0,Bank transfer,No
C01353,46,Male,East,50,29.65,1182.5,Month-to-month,Fiber optic,1,4.0,Electronic check,No
C01354,70,Female,North,46,41.87,1645.49,Two year,Fiber optic,3,6.0,Electronic check,No
C01355,30,Female,Central,18,78.19,1374.26,One year,DSL,1,7.0,Electronic check,No
C01356,46,Male,East,42,43.11,1650.14,Month-to-month,DSL,2,9.0,Bank transfer,Yes
C01357,37,Female,South,54,84.66,4554.0,One year,No,4,6.0,Credit card,No
C01358,25,Male,West,39,131.11,5036.42,Month-to-month,Fiber optic,2,1.0,Credit card,No
C01359,23,Male,South,21,48.05,903.09,Month-to-month,DSL,3,7.0,Credit card,No
C01360,38,Female,South,29,37.33,985.24,Two year,DSL,0,8.0,Credit card,No
C01361,22,Female,Central,61,119.91,7459.59,Month-to-month,DSL,2,10.0,Mailed check,Yes
C01362,21,Female,Central,19,77.93,1515.96,Month-to-month,No,0,2.0,Electronic check,Yes
C01363,37,Female,East,70,126.5,9089.74,Two year,Fiber optic,6,9.0,Electronic check,Yes
C01364,29,Male,South,55,60.2,3326.49,Month-to-month,Fiber optic,0,1.0,Mailed check,No
C01365,49,Female,Central,65,97.17,6029.56,Month-to-month,Fiber optic,1,8.0,Credit card,No
C01366,19,Male,North,37,131.18,4697.09,Month-to-month,No,4,4.0,Credit card,Yes
C01367,35,Female,West,17,44.75,778.02,Month-to-month,Fiber optic,1,2.0,Electronic check,Yes
C01368,43,Male,East,3,117.08,387.54,Month-to-month,Fiber optic,2,4.0,Mailed check,Yes
C01369,72,Male,Central,39,97.62,3719.28,Month-to-month,Fiber optic,3,6.0,Mailed check,No
C01370,54,Male,East,29,118.49,3316.85,Month-to-month,No,1,2.0,Credit card,No
C01371,68,Female,Central,9,44.63,310.47,Month-to-month,Fiber optic,2,6.0,Electronic check,No
C01372,37,Male,North,67,74.92,4997.97,One year,Fiber optic,1,8.0,Electronic check,No
C01373,43,Female,West,70,39.82,2780.05,Two year,No,2,9.0,Electronic check,Yes
C01374,41,Female,North,27,135.41,3491.39,One year,DSL,0,6.0,Credit card,No
C01375,68,Male,West,49,32.21,1615.23,One year,Fiber optic,5,7.0,Credit card,No
C01376,72,Female,North,30,32.53,1011.45,One year,Fiber optic,5,10.0,Credit card,No
C01377,72,Male,Central,36,128.29,4601.95,Month-to-month,No,1,1.0,Electronic check,Yes
C01378,60,Male,West,45,59.59,2577.9,Month-to-month,DSL,4,8.0,Electronic check,No
C01379,46,Female,North,30,93.66,2910.54,Month-to-month,Fiber optic,2,10.0,Mailed check,No
C01380,48,Male,Central,58,58.06,3566.02,Month-to-month,No,0,9.0,Electronic check,No
C01381,73,Male,South,14,99.61,1327.3,Two year,Fiber optic,2,10.0,Mailed check,No
C01382,34,Male,East,49,47.13,2215.1,Month-to-month,Fiber optic,2,10.0,Credit card,No
C01383,37,Female,North,71,77.77,5591.56,Two year,DSL,1,6.0,Electronic check,No
C01384,69,Male,North,62,86.35,5178.11,Month-to-month,DSL,4,9.0,Credit card,No
C01385,40,Male,South,4,63.37,63.37,Month-to-month,Fiber optic,5,4.0,Mailed check,Yes
C01386,31,Female,East,9,53.95,388.22,Month-to-month,DSL,0,2.0,Bank transfer,No
C01387,49,Male,East,46,41.12,1937.94,Month-to-month,No,1,1.0,Electronic check,Yes
C01388,36,Female,Central,67,106.21,6984.0,Month-to-month,Fiber optic,3,,Electronic check,No
C01389,68,Male,North,61,44.35,2702.54,One year,No,1,8.0,Credit card,No
C01390,69,Female,West,66,58.59,3566.94,Month-to-month,DSL,0,5.0,Electronic check,No
C01391,35,Female,North,11,63.74,793.66,Two year,DSL,1,9.0,Electronic check,No
C01392,48,,South,38,77.25,3151.57,Two year,Fiber optic,3,4.0,Mailed check,Yes
C01393,74,Male,North,53,105.8,5470.92,Month-to-month,DSL,2,8.0,Bank transfer,Yes
C01394,60,Female,,45,74.21,3406.07,Two year,DSL,2,9.0,Bank transfer,No
C01395,30,Female,East,56,125.18,6978.87,Month-to-month,Fiber optic,1,4.0,Credit card,Yes
C01396,51,Male,Central,16,103.18,1666.81,Month-to-month,DSL,1,6.0,Electronic check,Yes
C01397,53,Female,West,33,121.43,3970.31,Month-to-month,DSL,0,6.0,Electronic check,No
C01398,55,Male,Central,33,107.38,3498.01,One year,DSL,5,9.0,Bank transfer,Yes
C01399,19,Female,East,68,42.09,2737.15,Month-to-month,No,5,4.0,Credit card,No
C01400,35,Female,North,15,137.46,1897.97,One year,DSL,2,4.0,Credit card,No
C01401,66,Female,South,24,115.46,2935.95,Two year,Fiber optic,1,8.0,Electronic check,No
C01402,31,Female,Central,2,90.86,90.86,Month-to-month,Fiber optic,2,10.0,Credit card,No
C01403,35,Male,North,11,44.0,481.2,One year,Fiber optic,1,1.0,Electronic check,No
C01404,36,Female,North,71,44.86,3175.44,One year,Fiber optic,5,1.0,Electronic check,Yes
C01405,28,Female,Central,62,95.65,5923.26,Month-to-month,DSL,2,10.0,Mailed check,No
C01406,26,Female,North,19,72.86,1484.07,Month-to-month,DSL,1,5.0,Bank transfer,No
C01407,37,Female,Central,51,102.72,5183.11,Month-to-month,Fiber optic,1,6.0,Mailed check,No
C01408,67,Female,West,43,67.83,3014.64,Month-to-month,No,4,10.0,Mailed check,No
C01409,18,Female,West,66,83.98,5840.56,One year,Fiber optic,0,4.0,Credit card,No
C01410,34,Female,East,22,46.62,1002.81,Month-to-month,Fiber optic,1,5.0,Electronic check,No
C01411,21,Female,North,72,42.85,2785.2,Month-to-month,No,0,9.0,Credit card,No
C01412,50,Male,East,27,33.7,888.52,One year,Fiber optic,2,8.0,Electronic check,No
C01413,32,Male,Central,52,119.26,6165.41,One year,Fiber optic,1,7.0,Bank transfer,No
C01414,63,Male,Central,29,88.87,2637.53,Two year,Fiber optic,1,4.0,Bank transfer,Yes
C01415,51,Male,East,49,133.92,6262.97,Month-to-month,No,1,8.0,Credit card,No
C01416,62,Male,Central,25,111.19,2828.42,One year,Fiber optic,1,9.0,Credit card,No
C01417,54,Male,West,61,113.41,6854.8,Month-to-month,Fiber optic,3,10.0,Electronic check,No
C01418,42,Male,North,46,83.54,3963.25,One year,Fiber optic,3,7.0,Electronic check,Yes
C01419,67,Female,West,21,118.78,2416.61,Month-to-month,Fiber optic,4,9.0,Electronic check,Yes
C01420,45,Male,West,70,133.34,9464.0,Month-to-month,No,1,9.0,Mailed check,No
C01421,72,Female,East,52,108.0,5389.39,Two year,No,3,8.0,Electronic check,Yes
C01422,74,Male,West,31,37.14,1154.01,One year,Fiber optic,1,6.0,Mailed check,No
C01423,51,Male,Central,10,99.87,852.93,One year,DSL,1,5.0,Credit card,Yes
C01424,56,Female,East,71,38.85,2685.13,Month-to-month,Fiber optic,0,7.0,Credit card,No
C01425,32,,South,55,33.88,2163.4,One year,Fiber optic,2,9.0,Electronic check,No
C01426,64,Female,Central,49,104.68,4986.88,Month-to-month,Fiber optic,2,6.0,Electronic check,No
C01427,56,Female,Central,60,121.0,7204.11,Month-to-month,DSL,2,7.0,Credit card,Yes
C01428,69,Female,West,44,43.27,1732.32,Month-to-month,No,1,6.0,Credit card,No
C01429,33,Female,West,17,33.53,523.96,Month-to-month,No,1,7.0,Credit card,No
C01430,62,Male,North,18,126.95,2262.61,Month-to-month,DSL,2,7.0,Electronic check,Yes
C01431,44,Female,East,6,40.2,131.01,One year,Fiber optic,6,1.0,Electronic check,Yes
C01432,28,Female,North,5,29.03,381.6,Month-to-month,No,2,2.0,Electronic check,Yes
C01433,27,Male,East,53,107.92,5893.04,Two year,DSL,1,1.0,Bank transfer,No
C01434,50,Male,Central,62,122.49,7452.36,Two year,DSL,1,8.0,Credit card,No
C01435,36,Female,South,12,84.16,1132.43,Month-to-month,Fiber optic,3,9.0,Electronic check,No
C01436,23,Male,Central,42,87.09,3585.77,One year,No,1,4.0,Bank transfer,Yes
C01437,42,Female,North,9,63.74,389.26,Month-to-month,Fiber optic,3,1.0,Electronic check,Yes
C01438,55,Male,North,30,52.42,1464.92,Two year,DSL,3,1.0,Bank transfer,No
C01439,36,Male,Central,57,111.85,6187.06,Month-to-month,DSL,3,5.0,Credit card,No
C01440,72,Male,North,59,122.67,7378.71,Month-to-month,Fiber optic,1,7.0,Bank transfer,No
C01441,62,Female,West,69,61.94,4142.4,Month-to-month,DSL,9,4.0,Electronic check,No
C01442,47,Male,West,23,56.49,1492.49,Two year,Fiber optic,1,7.0,Bank transfer,No
C01443,71,Female,South,69,55.8,3871.33,Month-to-month,DSL,6,2.0,Bank transfer,No
C01444,42,Female,North,57,30.82,1696.2,Two year,Fiber optic,1,8.0,Electronic check,No
C01445,25,Male,South,25,57.32,1357.69,Month-to-month,Fiber optic,2,4.0,Electronic check,No
C01446,20,Female,North,24,27.95,933.7,One year,No,4,10.0,Bank transfer,No
C01447,71,Male,West,8,115.67,926.91,Month-to-month,DSL,2,8.0,Credit card,Yes
C01448,72,Female,Central,67,54.43,3571.16,Month-to-month,Fiber optic,3,5.0,Bank transfer,No
C01449,60,Male,Central,15,104.37,1693.57,Month-to-month,Fiber optic,4,10.0,Electronic check,Yes
C01450,23,Male,Central,20,87.47,1837.23,Month-to-month,Fiber optic,3,10.0,Electronic check,No
C01451,34,Female,West,30,121.31,3491.09,One year,DSL,4,2.0,Bank transfer,Yes
C01452,20,Female,Central,10,135.44,1355.19,One year,DSL,1,6.0,Electronic check,No
C01453,20,Female,West,59,67.24,3695.86,Month-to-month,Fiber optic,1,7.0,Electronic check,No
C01454,32,Female,West,51,35.16,1788.14,Month-to-month,Fiber optic,1,4.0,Electronic check,No
C01455,50,Male,Central,12,111.21,1381.65,Month-to-month,No,5,10.0,Bank transfer,No
C01456,21,Male,South,12,27.45,396.58,One year,No,1,7.0,Electronic check,No
C01457,74,Male,East,2,50.64,50.64,One year,Fiber optic,1,8.0,Credit card,No
C01458,43,Female,Central,69,31.12,2036.5,Two year,No,3,2.0,Credit card,No
C01459,33,Male,South,32,128.29,4142.39,Two year,Fiber optic,3,10.0,Credit card,No
C01460,47,Male,South,48,25.61,1416.85,Month-to-month,DSL,3,10.0,Electronic check,No
C01461,63,Male,North,11,81.67,912.18,Month-to-month,DSL,3,10.0,Electronic check,No
C01462,35,Male,South,17,73.76,1170.2,Two year,No,0,5.0,Electronic check,No
C01463,20,Male,East,39,100.07,4048.26,Month-to-month,Fiber optic,3,10.0,Mailed check,Yes
C01464,20,Male,Central,16,58.32,952.48,Month-to-month,No,0,1.0,Bank transfer,No
C01465,66,Male,North,45,125.47,5672.96,Month-to-month,DSL,2,3.0,Bank transfer,Yes
C01466,24,Female,West,67,109.45,7452.81,One year,DSL,7,7.0,Bank transfer,No
C01467,54,Male,West,22,74.71,1629.17,One year,Fiber optic,0,8.0,Electronic check,No
C01468,39,Male,Central,44,66.17,2771.47,Two year,No,1,2.0,Bank transfer,No
C01469,62,Female,,66,118.83,7819.59,Month-to-month,No,3,3.0,Credit card,Yes
C01470,21,Male,North,65,112.06,7450.72,Month-to-month,DSL,1,1.0,Bank transfer,No
C01471,69,Male,East,1,70.89,354.79,Month-to-month,Fiber optic,1,2.0,Mailed check,Yes
C01472,57,Male,Central,8,64.26,331.27,One year,Fiber optic,4,1.0,Credit card,Yes
C01473,43,Male,Central,72,29.47,2367.43,Month-to-month,No,2,10.0,Credit card,No
C01474,29,Female,West,67,34.4,2249.76,Two year,DSL,2,9.0,Electronic check,No
C01475,73,Male,Central,24,31.2,751.87,Month-to-month,Fiber optic,2,7.0,Mailed check,No
C01476,35,Male,West,38,27.81,1311.76,One year,DSL,0,1.0,Electronic check,Yes
C01477,45,Male,North,42,42.58,1726.9,Two year,Fiber optic,2,8.0,Credit card,No
C01478,40,Male,Central,49,123.57,6013.77,Month-to-month,DSL,0,6.0,Mailed check,No
C01479,31,Female,North,55,116.79,6327.03,One year,No,4,8.0,Electronic check,No
C01480,41,Male,South,27,122.24,3306.16,Month-to-month,DSL,3,5.0,Credit card,Yes
C01481,26,Female,South,65,96.74,6334.86,One year,Fiber optic,3,1.0,Credit card,Yes
C01482,18,Female,West,5,96.77,380.79,Two year,Fiber optic,1,10.0,Credit card,No
C01483,34,Female,North,3,39.25,335.3,One year,DSL,3,9.0,Electronic check,No
C01484,24,Female,West,69,105.38,7159.12,Month-to-month,DSL,1,10.0,Electronic check,No
C01485,41,Female,Central,13,57.2,818.36,Two year,Fiber optic,3,7.0,Credit card,No
C01486,67,Female,West,72,84.71,6103.1,Two year,Fiber optic,4,10.0,Credit card,No
C01487,27,Female,South,21,134.79,3017.15,One year,Fiber optic,2,1.0,Mailed check,Yes
C01488,18,Male,Central,27,125.12,3257.65,Two year,Fiber optic,0,5.0,Bank transfer,No
C01489,24,Male,South,3,51.82,241.34,Month-to-month,DSL,4,4.0,Credit card,No
C01490,46,Male,West,68,109.71,7760.28,Month-to-month,No,3,5.0,Electronic check,No
C01491,33,Female,East,26,36.97,744.98,Month-to-month,DSL,2,1.0,Mailed check,Yes
C01492,45,Female,North,13,28.08,229.95,Month-to-month,Fiber optic,5,9.0,Electronic check,No
C01493,19,,North,35,28.24,1288.4,Month-to-month,No,1,3.0,Mailed check,Yes
C01494,36,Male,North,12,44.58,514.84,One year,No,5,2.0,Mailed check,Yes
C01495,41,Male,Central,57,104.92,5997.48,Month-to-month,DSL,1,2.0,Mailed check,No
C01496,42,Female,Central,6,66.78,350.84,Month-to-month,DSL,5,2.0,Electronic check,Yes
C01497,49,Female,East,36,26.83,1214.01,One year,Fiber optic,2,7.0,Electronic check,No
C01498,62,Female,Central,29,138.62,3777.94,One year,Fiber optic,4,10.0,Credit card,No
C01499,44,Male,North,3,86.34,444.58,Two year,Fiber optic,3,1.0,Credit card,Yes
C01500,65,Male,Central,4,70.3,70.3,Month-to-month,Fiber optic,2,1.0,Credit card,No
C01501,48,Male,South,38,84.67,2982.42,Two year,DSL,1,9.0,Credit card,No
C01502,32,Female,North,29,84.8,2296.15,Month-to-month,Fiber optic,2,4.0,Bank transfer,No
C01503,31,Female,West,10,79.08,771.62,Month-to-month,Fiber optic,0,2.0,Electronic check,Yes
C01504,36,Female,South,10,95.49,847.75,One year,Fiber optic,1,2.0,Electronic check,Yes
C01505,52,Male,South,58,126.85,7241.26,Month-to-month,Fiber optic,1,7.0,Credit card,Yes
C01506,31,Male,West,53,59.7,3024.96,One year,DSL,2,1.0,Electronic check,No
C01507,70,Female,South,44,81.0,3427.46,Month-to-month,Fiber optic,1,5.0,Bank transfer,No
C01508,45,Male,West,61,25.42,1410.69,Month-to-month,Fiber optic,2,10.0,Bank transfer,No
C01509,67,Female,North,5,123.88,654.63,Month-to-month,Fiber optic,1,5.0,Mailed check,No
C01510,56,Male,North,50,60.18,2913.61,Month-to-month,No,3,2.0,Bank transfer,No
C01511,37,Male,South,55,56.2,2791.0,Month-to-month,No,1,8.0,Credit card,No
C01512,31,Female,West,15,139.72,2090.21,Month-to-month,Fiber optic,2,5.0,Mailed check,Yes
C01513,60,Male,South,39,92.21,3708.6,Month-to-month,No,3,4.0,Credit card,No
C01514,36,Male,North,56,39.15,2150.58,One year,DSL,2,3.0,Bank transfer,No
C01515,32,Female,West,44,55.54,2254.64,Month-to-month,Fiber optic,1,8.0,Electronic check,No
C01516,71,Male,East,18,65.62,1292.91,One year,Fiber optic,2,5.0,Bank transfer,No
C01517,45,Male,East,48,138.4,6437.32,One year,Fiber optic,5,5.0,Electronic check,Yes
C01518,20,Female,South,55,74.52,4050.42,Month-to-month,Fiber optic,4,8.0,Electronic check,No
C01519,46,Male,North,1,51.47,51.47,Month-to-month,DSL,4,4.0,Credit card,Yes
C01520,44,Male,North,41,90.52,3873.19,One year,No,1,7.0,Electronic check,No
C01521,67,Male,West,37,71.55,2734.01,Two year,No,1,2.0,Electronic check,No
C01522,58,Male,North,27,31.32,881.41,Month-to-month,No,3,6.0,Bank transfer,No
C01523,28,Male,South,4,124.01,635.63,One year,Fiber optic,6,5.0,Credit card,No
C01524,26,Female,Central,7,26.8,26.8,Month-to-month,No,4,6.0,Bank transfer,Yes
C01525,52,Male,South,55,128.33,7295.15,Month-to-month,Fiber optic,1,4.0,Bank transfer,No
C01526,20,Male,West,60,116.06,6663.6,Month-to-month,Fiber optic,1,2.0,Credit card,No
C01527,36,Male,South,31,33.72,1259.49,Month-to-month,Fiber optic,1,10.0,Mailed check,No
C01528,25,Male,Central,68,108.22,7232.77,Month-to-month,No,1,5.0,Electronic check,No
C01529,19,Female,Central,67,113.66,7672.25,Month-to-month,Fiber optic,3,8.0,Electronic check,No
C01530,70,Male,East,48,94.27,4742.23,Month-to-month,Fiber optic,1,10.0,Electronic check,No
C01531,23,Male,West,42,91.43,3924.2,One year,No,0,5.0,Bank transfer,No
C01532,18,Male,East,70,30.71,2205.56,Month-to-month,DSL,0,9.0,Electronic check,No
C01533,71,Male,Central,44,31.84,1530.91,One year,Fiber optic,1,5.0,Credit card,No
C01534,28,Male,South,68,108.64,7165.53,Two year,Fiber optic,2,1.0,Credit card,No
C01535,64,Female,Central,71,37.14,2437.45,Month-to-month,Fiber optic,3,9.0,Bank transfer,No
C01536,19,Female,West,15,52.81,832.85,Month-to-month,Fiber optic,3,9.0,Bank transfer,No
C01537,26,Male,West,48,82.37,3924.12,Month-to-month,Fiber optic,5,6.0,Electronic check,No
C01538,24,Female,South,53,43.88,2278.72,Two year,Fiber optic,2,9.0,Electronic check,No
C01539,58,Male,Central,60,115.83,7135.53,Month-to-month,DSL,1,7.0,Bank transfer,Yes
C01540,53,Male,West,26,117.85,3236.82,Month-to-month,DSL,3,9.0,Mailed check,No
C01541,45,Female,Central,63,121.85,7538.44,Two year,Fiber optic,2,1.0,Electronic check,No
C01542,31,Female,Central,36,30.7,1171.56,Month-to-month,DSL,0,9.0,Bank transfer,No
C01543,23,Male,North,28,74.21,1843.23,Month-to-month,DSL,2,3.0,Electronic check,Yes
C01544,50,Female,Central,12,122.4,1230.54,Two year,DSL,2,10.0,Electronic check,No
C01545,31,Male,Central,24,66.77,1468.55,Two year,DSL,1,10.0,Electronic check,No
C01546,51,Female,South,71,105.02,7448.47,Month-to-month,DSL,2,1.0,Bank transfer,No
C01547,57,Female,Central,52,92.76,4725.56,Month-to-month,No,2,7.0,Bank transfer,No
C01548,66,Female,East,53,64.93,3508.97,Month-to-month,Fiber optic,4,4.0,Credit card,Yes
C01549,46,Female,South,65,56.79,3689.05,Month-to-month,Fiber optic,1,3.0,Bank transfer,No
C01550,18,Female,South,20,100.07,2168.51,Month-to-month,Fiber optic,3,10.0,Credit card,No
C01551,33,Female,South,48,40.37,2019.61,Month-to-month,DSL,3,5.0,Electronic check,No
C01552,66,Female,North,27,123.91,3189.79,One year,Fiber optic,1,6.0,Bank transfer,No
C01553,48,Male,West,62,91.29,5795.07,One year,No,2,4.0,Electronic check,No
C01554,53,Male,West,31,37.82,1043.13,Two year,DSL,0,7.0,Mailed check,No
C01555,44,Male,West,62,105.91,6628.14,Two year,DSL,1,3.0,Bank transfer,No
C01556,27,Female,East,54,74.58,3953.48,Month-to-month,Fiber optic,4,4.0,Bank transfer,No
C01557,69,Male,South,56,48.47,2912.93,Month-to-month,DSL,2,8.0,Credit card,No
C01558,62,Male,West,67,135.52,9189.52,Month-to-month,DSL,2,3.0,Bank transfer,No
C01559,74,Female,Central,57,107.76,6038.43,Month-to-month,Fiber optic,2,8.0,Electronic check,Yes
C01560,66,Male,North,24,93.19,2178.66,Month-to-month,Fiber optic,1,10.0,Credit card,No
C01561,34,Female,South,38,122.62,4959.56,One year,DSL,3,8.0,Electronic check,No
C01562,32,Female,Central,35,87.55,2875.11,Month-to-month,No,4,4.0,Bank transfer,No
C01563,32,Male,Central,5,75.77,270.86,Month-to-month,DSL,2,2.0,Bank transfer,No
C01564,70,Male,Central,43,46.79,1911.32,Month-to-month,Fiber optic,4,6.0,Electronic check,No
C01565,49,Male,North,32,42.64,1190.64,Two year,Fiber optic,2,5.0,Electronic check,No
C01566,43,Male,East,29,74.68,2007.64,One year,Fiber optic,1,3.0,Credit card,No
C01567,73,Male,North,8,77.44,603.22,Month-to-month,Fiber optic,2,4.0,Mailed check,Yes
C01568,52,Male,Central,37,109.33,4116.69,Month-to-month,Fiber optic,1,10.0,Bank transfer,No
C01569,69,Male,East,42,75.84,2946.31,Two year,Fiber optic,1,2.0,Credit card,No
C01570,74,Male,South,8,93.21,670.46,Month-to-month,No,4,3.0,Mailed check,Yes
C01571,22,Female,North,46,120.74,5433.44,One year,Fiber optic,1,,Bank transfer,No
C01572,38,Female,West,13,139.23,1634.42,One year,Fiber optic,2,10.0,Bank transfer,No
C01573,59,Male,Central,11,62.09,832.36,One year,Fiber optic,1,4.0,Credit card,No
C01574,64,Female,Central,29,128.72,3618.13,Month-to-month,DSL,4,3.0,Credit card,No
C01575,26,Male,Central,29,117.7,3207.82,Two year,Fiber optic,4,3.0,Electronic check,No
C01576,36,Male,Central,66,32.82,2298.14,Month-to-month,DSL,2,10.0,Bank transfer,No
C01577,49,Male,West,5,63.43,504.84,Month-to-month,Fiber optic,3,4.0,Electronic check,Yes
C01578,63,Male,Central,26,50.19,1340.59,Month-to-month,Fiber optic,1,4.0,Bank transfer,No
C01579,24,Male,Central,53,101.4,5233.07,Month-to-month,Fiber optic,0,4.0,Mailed check,No
C01580,52,Male,East,18,88.86,1557.83,Month-to-month,DSL,5,9.0,Credit card,No
C01581,34,Male,West,71,81.91,5717.35,One year,Fiber optic,1,8.0,Electronic check,No
C01582,30,Male,Central,54,112.81,6084.33,Two year,No,1,6.0,Electronic check,Yes
C01583,47,Female,North,69,63.33,4477.16,Month-to-month,No,1,3.0,Bank transfer,No
C01584,41,Female,West,69,69.02,4758.6,One year,Fiber optic,3,2.0,Electronic check,No
C01585,54,Female,South,8,124.55,995.87,Two year,DSL,2,1.0,Electronic check,Yes
C01586,36,Female,North,34,136.8,4574.24,Month-to-month,Fiber optic,0,3.0,Electronic check,No
C01587,64,Female,North,54,114.28,6270.85,One year,Fiber optic,4,8.0,Credit card,No
C01588,22,Male,North,1,49.96,105.2,Two year,DSL,1,8.0,Credit card,No
C01589,67,Male,Central,33,37.95,976.62,One year,No,5,8.0,Electronic check,No
C01590,19,Male,West,50,49.06,2185.78,Month-to-month,Fiber optic,4,7.0,Credit card,Yes
C01591,59,Male,North,58,73.62,4220.21,Two year,Fiber optic,0,6.0,Credit card,No
C01592,37,Female,West,30,52.22,1712.2,One year,Fiber optic,1,4.0,Credit card,No
C01593,39,Male,West,63,128.62,8278.06,Month-to-month,DSL,1,8.0,Mailed check,Yes
C01594,19,Female,East,49,102.13,5118.81,Month-to-month,Fiber optic,2,2.0,Electronic check,No
C01595,58,Female,West,4,72.92,269.08,Month-to-month,Fiber optic,5,1.0,Credit card,Yes
C01596,27,,Central,20,56.49,1349.54,Month-to-month,Fiber optic,2,9.0,Electronic check,Yes
C01597,55,Female,East,68,68.78,4568.67,Month-to-month,Fiber optic,4,5.0,Electronic check,No
C01598,59,Male,West,1,79.75,79.75,Month-to-month,Fiber optic,1,7.0,Credit card,No
C01599,66,Male,East,8,107.09,643.58,Two year,Fiber optic,2,10.0,Bank transfer,No
C01600,58,Male,South,25,35.27,829.95,One year,No,2,7.0,Credit card,No
C01601,35,Male,Central,72,122.62,8699.38,Month-to-month,Fiber optic,1,8.0,Mailed check,No
C01602,60,Female,East,51,39.67,2253.85,Month-to-month,Fiber optic,2,5.0,Bank transfer,No
C01603,65,Male,West,11,55.18,808.13,Month-to-month,No,3,4.0,Electronic check,No
C01604,36,Male,West,29,139.26,4048.03,Month-to-month,Fiber optic,2,4.0,Bank transfer,Yes
C01605,25,Male,West,68,46.87,3257.2,One year,Fiber optic,5,10.0,Credit card,No
C01606,68,Male,West,16,36.63,495.45,Month-to-month,No,4,4.0,Bank transfer,Yes
C01607,26,Female,West,42,98.42,3833.64,Two year,Fiber optic,2,10.0,Credit card,No
C01608,51,Female,East,34,70.21,2272.77,Month-to-month,No,4,1.0,Mailed check,No
C01609,31,Male,West,55,35.56,2067.99,Month-to-month,Fiber optic,0,3.0,Credit card,No
C01610,25,Female,East,55,25.43,1464.37,Two year,Fiber optic,2,10.0,Bank transfer,No
C01611,62,Male,South,60,34.1,1987.19,Month-to-month,DSL,3,6.0,Credit card,No
C01612,26,Male,West,9,85.11,876.92,Month-to-month,DSL,0,4.0,Bank transfer,Yes
C01613,56,Female,Central,33,51.55,1630.53,Month-to-month,Fiber optic,2,2.0,Credit card,No
C01614,57,Male,West,50,114.42,5549.76,One year,DSL,0,5.0,Electronic check,No
C01615,21,Male,West,31,123.61,3942.85,Month-to-month,Fiber optic,4,10.0,Credit card,Yes
C01616,27,Male,Central,49,41.66,1949.57,Two year,DSL,0,4.0,Credit card,No
C01617,63,Male,South,46,63.76,3086.95,One year,DSL,2,5.0,Electronic check,No
C01618,46,Female,North,27,41.86,830.57,Two year,Fiber optic,1,4.0,Bank transfer,No
C01619,24,Male,South,8,57.97,378.33,One year,Fiber optic,3,9.0,Mailed check,No
C01620,74,Male,West,70,52.51,3765.28,One year,Fiber optic,1,7.0,Mailed check,No
C01621,33,Male,Central,60,115.49,7003.48,One year,Fiber optic,2,7.0,Credit card,No
C01622,18,Female,East,65,64.73,4174.28,Month-to-month,DSL,1,7.0,Credit card,No
C01623,70,Female,West,22,81.99,1846.88,One year,DSL,0,5.0,Mailed check,No
C01624,18,Female,North,23,102.5,2378.52,One year,No,2,9.0,Mailed check,No
C01625,49,Female,West,24,119.56,2646.08,Month-to-month,No,0,7.0,Electronic check,Yes
C01626,74,Female,West,3,59.64,124.38,One year,Fiber optic,2,1.0,Electronic check,Yes
C01627,50,Female,East,13,49.06,671.89,Month-to-month,Fiber optic,2,4.0,Electronic check,Yes
C01628,51,Female,West,23,137.52,3238.89,Month-to-month,No,1,9.0,Credit card,No
C01629,40,Male,East,72,61.82,4441.27,Month-to-month,Fiber optic,4,3.0,Bank transfer,No
C01630,25,Male,East,15,102.17,1449.76,Month-to-month,DSL,4,10.0,Electronic check,No
C01631,50,Male,West,37,102.95,3608.98,Month-to-month,DSL,2,9.0,Bank transfer,No
C01632,69,Male,West,40,84.11,3477.32,Month-to-month,DSL,2,10.0,Electronic check,No
C01633,23,Male,,26,51.27,1429.45,Month-to-month,Fiber optic,0,8.0,Electronic check,No
C01634,68,,South,67,41.27,2913.18,Month-to-month,Fiber optic,1,2.0,Credit card,No
C01635,41,Female,East,7,81.01,405.31,One year,DSL,4,2.0,Credit card,Yes
C01636,48,Male,South,63,83.76,5295.18,Month-to-month,DSL,1,5.0,Electronic check,No
C01637,27,Male,South,54,113.94,6048.92,Two year,DSL,2,4.0,Electronic check,No
C01638,53,Male,South,23,106.63,2459.46,One year,Fiber optic,0,10.0,Credit card,Yes
C01639,28,Female,South,56,129.88,7573.28,Month-to-month,No,3,9.0,Mailed check,No
C01640,33,Male,East,31,136.65,4371.7,Month-to-month,Fiber optic,2,8.0,Mailed check,No
C01641,59,Male,East,70,108.7,7495.65,Month-to-month,Fiber optic,4,10.0,Credit card,No
C01642,20,Male,West,3,33.8,63.51,Month-to-month,DSL,4,1.0,Mailed check,Yes
C01643,43,Female,South,3,71.59,160.46,Month-to-month,Fiber optic,1,8.0,Credit card,No
C01644,51,Male,Central,40,95.01,3818.99,One year,Fiber optic,3,9.0,Electronic check,No
C01645,25,Female,East,68,92.87,6086.57,One year,DSL,1,10.0,Credit card,No
C01646,34,Female,West,5,45.87,277.91,Month-to-month,Fiber optic,1,9.0,Mailed check,No
C01647,37,Male,North,57,92.04,4946.28,One year,No,1,9.0,Bank transfer,No
C01648,55,Female,North,68,65.21,4183.37,Month-to-month,DSL,1,8.0,Mailed check,No
C01649,73,Female,East,36,63.98,2603.28,Two year,Fiber optic,6,2.0,Credit card,No
C01650,65,Female,South,63,120.91,7563.22,Two year,No,2,5.0,Mailed check,No
C01651,28,Male,East,55,73.52,4257.54,Month-to-month,Fiber optic,3,9.0,Bank transfer,No
C01652,19,Female,North,16,85.65,1248.88,One year,Fiber optic,2,7.0,Bank transfer,Yes
C01653,20,Female,East,62,89.73,5263.26,One year,DSL,2,3.0,Mailed check,No
C01654,51,Male,West,51,89.74,4419.14,Month-to-month,No,1,8.0,Electronic check,Yes
C01655,26,Male,West,1,49.51,349.51,Month-to-month,DSL,0,1.0,Credit card,Yes
C01656,31,Female,South,41,93.94,3639.94,One year,DSL,1,4.0,Electronic check,No
C01657,66,Female,South,48,63.48,3313.51,Month-to-month,DSL,2,8.0,Mailed check,No
C01658,67,Female,East,58,100.33,5870.92,Month-to-month,Fiber optic,2,8.0,Credit card,No
C01659,65,Female,East,56,41.76,2356.54,One year,Fiber optic,1,6.0,Electronic check,No
C01660,32,Male,West,35,139.32,4763.91,Month-to-month,No,3,3.0,Credit card,No
C01661,53,Male,South,22,113.78,2367.98,Month-to-month,Fiber optic,1,5.0,Electronic check,Yes
C01662,52,Female,West,14,72.98,1106.33,Two year,No,0,2.0,Credit card,No
C01663,28,Male,Central,7,59.66,615.51,Month-to-month,Fiber optic,3,10.0,Electronic check,Yes
C01664,49,Male,South,47,69.6,3300.64,Month-to-month,Fiber optic,3,9.0,Mailed check,Yes
C01665,47,Female,Central,70,107.94,7666.74,One year,DSL,1,8.0,Credit card,No
C01666,40,Male,South,6,100.37,538.38,Month-to-month,DSL,6,4.0,Mailed check,Yes
C01667,60,Male,South,51,105.74,5692.74,One year,Fiber optic,2,2.0,Electronic check,No
C01668,56,,West,43,127.23,5506.68,One year,Fiber optic,3,1.0,Credit card,Yes
C01669,48,Male,West,13,77.47,1307.11,Month-to-month,DSL,2,4.0,Mailed check,No
C01670,59,Male,East,16,101.99,1487.06,Month-to-month,Fiber optic,1,9.0,Bank transfer,No
C01671,61,Male,South,21,75.77,1584.42,Two year,Fiber optic,0,4.0,Electronic check,Yes
C01672,50,Male,North,50,98.38,5079.72,Two year,Fiber optic,6,8.0,Mailed check,No
C01673,33,Male,Central,22,79.6,1772.5,Month-to-month,DSL,2,2.0,Electronic check,No
C01674,61,Female,Central,60,114.32,6936.86,Month-to-month,DSL,2,9.0,Electronic check,Yes
C01675,58,Female,Central,27,25.6,544.53,Month-to-month,Fiber optic,2,1.0,Bank transfer,Yes
C01676,74,Female,East,8,49.81,337.66,Two year,No,2,4.0,Bank transfer,No
C01677,26,Female,Central,7,59.09,282.33,One year,No,4,2.0,Bank transfer,Yes
C01678,41,Male,East,29,133.72,3865.05,Month-to-month,DSL,6,7.0,Electronic check,Yes
C01679,70,Female,North,30,83.31,2471.04,Two year,DSL,1,2.0,Electronic check,No
C01680,47,Female,North,53,66.9,3466.34,Month-to-month,Fiber optic,0,1.0,Electronic check,Yes
C01681,71,Male,South,35,71.5,2597.35,Month-to-month,DSL,1,4.0,Credit card,No
C01682,18,Male,South,12,76.96,763.74,One year,No,1,1.0,Electronic check,Yes
C01683,20,Female,Central,16,124.8,1696.8,Month-to-month,Fiber optic,0,4.0,Bank transfer,Yes
C01684,63,Female,South,41,135.67,5476.73,One year,No,4,3.0,Mailed check,No
C01685,38,Male,West,25,122.08,3352.0,Month-to-month,DSL,1,10.0,Mailed check,No
C01686,47,Male,South,49,121.79,6044.19,One year,No,1,6.0,Bank transfer,No
C01687,42,Male,West,67,47.89,3081.69,Two year,Fiber optic,0,5.0,Electronic check,No
C01688,41,Male,East,26,55.9,1520.16,Month-to-month,Fiber optic,2,7.0,Credit card,No
C01689,71,Female,North,40,93.55,3721.88,Month-to-month,No,3,2.0,Mailed check,No
C01690,23,Female,East,60,100.46,6085.74,One year,Fiber optic,2,2.0,Electronic check,No
C01691,62,Male,North,16,48.31,905.07,Month-to-month,DSL,0,2.0,Electronic check,Yes
C01692,68,Female,Central,37,110.82,4129.37,One year,Fiber optic,1,9.0,Electronic check,No
C01693,55,Female,West,22,48.0,1074.08,One year,No,3,8.0,Credit card,No
C01694,40,Female,Central,46,55.25,2764.48,Month-to-month,No,1,10.0,Mailed check,No
C01695,27,Male,Central,54,60.28,3336.07,Two year,Fiber optic,4,9.0,Credit card,No
C01696,56,Female,South,11,122.29,1374.42,Month-to-month,Fiber optic,3,2.0,Credit card,No
C01697,44,Female,West,14,109.19,1534.99,Month-to-month,DSL,3,2.0,Bank transfer,No
C01698,26,Female,North,2,86.03,87.18,Month-to-month,DSL,3,9.0,Mailed check,No
C01699,38,Male,Central,1,119.27,119.27,One year,Fiber optic,3,6.0,Electronic check,Yes
C01700,72,Male,West,4,118.49,574.52,Two year,Fiber optic,3,7.0,Credit card,No
C01701,33,Female,West,51,69.83,3752.82,Month-to-month,DSL,4,,Mailed check,No
C01702,28,Male,Central,66,114.87,7645.6,Month-to-month,Fiber optic,0,6.0,Mailed check,No
C01703,56,Female,Central,30,48.72,1546.49,Month-to-month,Fiber optic,1,10.0,Credit card,No
C01704,29,Male,Central,64,82.87,5170.62,One year,Fiber optic,5,5.0,Electronic check,No
C01705,70,Female,North,53,38.6,1956.37,Month-to-month,DSL,2,7.0,Mailed check,No
C01706,66,Male,North,59,74.08,4178.45,Month-to-month,DSL,3,8.0,Mailed check,Yes
C01707,74,Male,Central,54,84.84,4543.93,Month-to-month,Fiber optic,2,10.0,Electronic check,No
C01708,70,Male,South,15,34.19,660.33,Month-to-month,No,4,3.0,Electronic check,Yes
C01709,31,Male,East,38,78.2,2866.99,One year,DSL,0,10.0,Electronic check,No
C01710,30,Male,North,38,99.94,3786.52,Month-to-month,No,3,7.0,Bank transfer,No
C01711,37,Male,West,47,95.62,4599.51,Month-to-month,Fiber optic,2,9.0,Electronic check,No
C01712,44,Male,Central,58,31.25,1993.72,Month-to-month,No,3,3.0,Electronic check,Yes
C01713,68,Female,Central,9,35.96,76.58,Month-to-month,Fiber optic,1,2.0,Bank transfer,No
C01714,59,Female,East,49,65.41,3133.59,Month-to-month,Fiber optic,2,1.0,Electronic check,Yes
C01715,54,Female,West,60,121.91,7203.86,Month-to-month,Fiber optic,3,4.0,Mailed check,No
C01716,68,Male,East,9,125.02,993.67,Month-to-month,Fiber optic,2,6.0,Credit card,No
C01717,54,Female,East,30,60.61,1760.86,Month-to-month,DSL,0,3.0,Credit card,Yes
C01718,39,Female,East,65,107.67,6706.43,Month-to-month,Fiber optic,3,3.0,Mailed check,No
C01719,41,Male,Central,2,91.4,127.66,One year,Fiber optic,0,9.0,Electronic check,Yes
C01720,47,Female,South,12,138.09,1662.33,Month-to-month,Fiber optic,3,8.0,Electronic check,Yes
C01721,23,Female,East,58,35.88,1924.57,Month-to-month,No,2,7.0,Credit card,No
C01722,60,Male,West,13,88.01,1071.87,One year,Fiber optic,3,7.0,Credit card,Yes
C01723,55,Male,East,51,93.14,4753.07,Month-to-month,DSL,1,9.0,Credit card,No
C01724,59,Male,North,65,60.38,3942.67,Month-to-month,No,0,3.0,Mailed check,No
C01725,48,Male,South,36,30.4,849.24,One year,DSL,1,10.0,Mailed check,No
C01726,62,Female,West,35,30.99,1189.69,Month-to-month,DSL,1,9.0,Electronic check,No
C01727,72,Female,West,31,77.17,2500.92,Two year,No,0,4.0,Electronic check,No
C01728,50,Female,West,27,104.63,2713.64,Month-to-month,No,2,4.0,Credit card,Yes
C01729,43,Male,Central,28,105.52,3206.25,Two year,Fiber optic,2,2.0,Mailed check,Yes
C01730,23,Male,West,40,45.81,1900.77,One year,Fiber optic,1,8.0,Electronic check,No
C01731,62,Female,East,65,123.67,8085.24,Month-to-month,Fiber optic,3,4.0,Credit card,Yes
C01732,69,Male,South,71,68.37,4956.73,Month-to-month,No,2,3.0,Electronic check,No
C01733,57,Female,South,63,135.9,8406.75,One year,No,0,7.0,Mailed check,No
C01734,67,Female,Central,9,38.59,294.29,Month-to-month,DSL,2,2.0,Electronic check,No
C01735,67,Male,East,23,121.19,2880.01,Month-to-month,No,0,2.0,Credit card,No
C01736,63,Female,West,55,129.46,7000.63,Two year,Fiber optic,2,9.0,Electronic check,No
C01737,46,Male,North,40,119.61,4731.53,One year,DSL,1,1.0,Credit card,No
C01738,23,Male,North,25,118.02,3040.65,Two year,DSL,2,10.0,Credit card,No
C01739,18,Male,South,23,66.55,1577.13,Two year,DSL,4,7.0,Credit card,No
C01740,29,Male,North,9,107.03,966.41,One year,No,0,4.0,Electronic check,No
C01741,42,Male,West,24,91.62,2208.27,One year,Fiber optic,1,6.0,Electronic check,No
C01742,60,Female,West,31,73.82,2262.19,One year,Fiber optic,3,4.0,Electronic check,No
C01743,43,Female,East,30,139.21,4304.22,Two year,DSL,1,5.0,Bank transfer,Yes
C01744,19,Male,South,40,58.4,2636.0,One year,Fiber optic,4,8.0,Bank transfer,No
C01745,29,Female,East,20,72.51,1494.1,Month-to-month,Fiber optic,5,10.0,Electronic check,Yes
C01746,73,Female,,15,128.83,2124.75,One year,No,2,3.0,Electronic check,No
C01747,74,Male,East,64,58.24,3661.85,Month-to-month,Fiber optic,3,6.0,Credit card,No
C01748,39,Male,North,30,42.56,1174.56,Two year,Fiber optic,1,9.0,Electronic check,No
C01749,63,,North,19,60.65,1034.12,One year,Fiber optic,2,1.0,Bank transfer,No
C01750,59,Female,North,46,112.32,5028.97,One year,Fiber optic,2,1.0,Credit card,No
C01751,71,Female,North,40,123.88,4911.17,Month-to-month,No,2,7.0,Bank transfer,Yes
C01752,68,Male,East,42,38.16,1735.64,Month-to-month,Fiber optic,0,2.0,Bank transfer,No
C01753,53,Female,East,16,96.5,1694.44,Month-to-month,No,3,10.0,Mailed check,No
C01754,40,Male,West,53,90.24,4706.27,One year,DSL,5,2.0,Bank transfer,No
C01755,53,Female,East,14,101.91,1378.15,One year,Fiber optic,2,8.0,Electronic check,No
C01756,36,Female,North,61,102.17,6232.06,Month-to-month,No,3,4.0,Electronic check,No
C01757,37,Female,North,31,135.34,4230.65,Month-to-month,No,4,10.0,Credit card,No
C01758,52,Male,West,30,64.85,2033.51,Month-to-month,Fiber optic,5,9.0,Electronic check,Yes
C01759,50,Male,Central,28,59.47,1605.29,Month-to-month,Fiber optic,2,8.0,Credit card,No
C01760,51,Female,South,31,91.84,2816.98,Two year,No,2,7.0,Mailed check,No
C01761,39,Male,South,48,74.38,3773.44,Two year,Fiber optic,1,3.0,Electronic check,No
C01762,41,Male,South,36,79.48,2819.49,One year,No,1,2.0,Bank transfer,No
C01763,18,Male,South,10,32.97,243.51,Month-to-month,DSL,2,3.0,Electronic check,Yes
C01764,52,Female,South,41,42.05,1711.22,Month-to-month,DSL,2,1.0,Electronic check,No
C01765,50,Male,East,20,132.57,2663.12,Two year,Fiber optic,0,8.0,Electronic check,No
C01766,71,Female,West,8,32.85,32.85,Two year,Fiber optic,2,3.0,Electronic check,No
C01767,46,Female,West,61,92.87,5598.52,Month-to-month,Fiber optic,2,5.0,Electronic check,No
C01768,44,Female,Central,23,111.78,2633.93,One year,Fiber optic,2,7.0,Mailed check,No
C01769,21,Female,South,43,26.36,1433.48,Month-to-month,No,1,8.0,Credit card,No
C01770,29,Male,East,13,50.62,578.73,Month-to-month,Fiber optic,0,6.0,Electronic check,No
C01771,37,Female,South,25,68.36,1823.73,Two year,No,1,8.0,Electronic check,No
C01772,39,Female,North,28,83.28,2358.72,Two year,Fiber optic,2,2.0,Mailed check,No
C01773,38,Female,South,10,64.28,816.8,Two year,Fiber optic,0,3.0,Electronic check,No
C01774,40,Female,South,71,99.63,6980.9,Month-to-month,DSL,2,8.0,Electronic check,No
C01775,61,Female,East,23,51.04,1339.4,Month-to-month,Fiber optic,3,8.0,Bank transfer,No
C01776,25,Female,North,42,27.93,1383.37,Two year,DSL,2,7.0,Credit card,No
C01777,36,Female,West,41,25.18,1249.07,One year,DSL,2,10.0,Electronic check,No
C01778,27,Male,Central,31,64.73,2220.74,Month-to-month,Fiber optic,4,10.0,Bank transfer,No
C01779,35,Male,Central,43,66.59,2892.0,Month-to-month,Fiber optic,4,1.0,Credit card,No
C01780,57,Male,North,41,134.09,5585.43,Month-to-month,Fiber optic,2,6.0,Credit card,Yes
C01781,20,Female,North,6,30.15,117.96,One year,Fiber optic,2,10.0,Electronic check,No
C01782,37,Male,Central,49,85.96,3912.04,Two year,Fiber optic,3,4.0,Mailed check,Yes
C01783,19,Male,Central,9,91.45,861.43,Month-to-month,Fiber optic,0,1.0,Credit card,No
C01784,72,Female,East,32,105.42,3349.29,Month-to-month,Fiber optic,3,2.0,Electronic check,Yes
C01785,59,Male,South,27,98.45,2802.61,Month-to-month,No,2,8.0,Credit card,No
C01786,31,Female,East,33,25.94,985.32,One year,No,3,10.0,Credit card,No
C01787,29,Female,East,6,97.66,426.64,Month-to-month,DSL,2,8.0,Mailed check,No
C01788,23,Male,Central,51,62.07,3465.57,Month-to-month,Fiber optic,2,1.0,Electronic check,Yes
C01789,44,Male,East,31,113.88,3588.5,One year,No,1,5.0,Electronic check,No
C01790,60,Female,North,5,46.66,46.66,Month-to-month,No,3,4.0,Bank transfer,No
C01791,51,Female,West,1,107.36,107.36,One year,Fiber optic,2,10.0,Electronic check,No
C01792,68,Female,West,39,96.93,3480.27,One year,Fiber optic,1,6.0,Electronic check,No
C01793,37,Female,South,48,100.01,4915.03,Month-to-month,Fiber optic,3,3.0,Bank transfer,No
C01794,33,Male,North,40,45.23,1730.17,One year,No,5,6.0,Bank transfer,No
C01795,45,Female,North,52,101.96,5175.86,One year,Fiber optic,3,8.0,Credit card,No
C01796,29,Male,Central,55,109.75,5939.65,One year,DSL,2,6.0,Credit card,No
C01797,73,Male,East,63,81.28,5075.55,One year,No,1,5.0,Credit card,No
C01798,28,Female,East,71,64.14,4640.29,Month-to-month,Fiber optic,1,8.0,Mailed check,No
C01799,45,Male,Central,64,44.15,2578.93,Month-to-month,DSL,3,4.0,Bank transfer,No
C01800,47,Female,North,58,58.35,3223.83,Month-to-month,Fiber optic,6,2.0,Credit card,Yes
C01801,21,Female,South,32,112.84,3680.64,Month-to-month,Fiber optic,1,9.0,Bank transfer,Yes
C01802,44,Male,Central,37,72.08,2577.85,Month-to-month,Fiber optic,3,8.0,Electronic check,No
C01803,43,Female,East,45,105.81,4848.79,Month-to-month,Fiber optic,4,8.0,Credit card,No
C01804,32,Female,North,13,110.11,1356.81,One year,DSL,5,9.0,Bank transfer,No
C01805,25,Male,West,49,102.53,5260.19,Month-to-month,DSL,1,8.0,Credit card,No
C01806,20,Female,North,43,102.46,4437.08,Two year,Fiber optic,4,1.0,Credit card,Yes
C01807,18,Male,West,38,95.24,3803.06,One year,DSL,3,9.0,Electronic check,No
C01808,45,Female,West,61,84.62,5239.48,Month-to-month,Fiber optic,3,1.0,Credit card,Yes
C01809,23,Male,Central,50,47.75,2474.24,One year,Fiber optic,4,7.0,Bank transfer,No
C01810,72,Female,East,68,121.92,8177.7,Month-to-month,Fiber optic,0,10.0,Mailed check,No
C01811,31,Female,South,71,135.89,9823.3,Two year,Fiber optic,1,5.0,Electronic check,No
C01812,55,Female,Central,60,78.65,4751.36,Two year,DSL,1,4.0,Mailed check,No
C01813,56,Male,East,22,132.32,2767.97,Two year,Fiber optic,3,10.0,Electronic check,Yes
C01814,46,Female,West,14,139.77,1656.78,One year,Fiber optic,4,5.0,Bank transfer,Yes
C01815,68,Male,North,22,80.91,1801.01,Two year,Fiber optic,2,10.0,Credit card,No
C01816,24,Male,West,52,108.3,5857.78,One year,No,1,4.0,Credit card,No
C01817,31,Female,East,63,99.04,6103.45,Two year,DSL,2,2.0,Mailed check,No
C01818,32,Female,South,64,52.29,3205.44,Month-to-month,No,1,6.0,Credit card,No
C01819,25,Female,West,50,30.42,1473.56,Two year,DSL,2,4.0,Electronic check,No
C01820,34,Male,North,50,77.14,4022.19,One year,No,2,8.0,Credit card,No
C01821,35,Female,West,69,115.53,7696.05,Month-to-month,DSL,2,3.0,Credit card,No
C01822,61,Female,Central,50,62.39,3021.97,Two year,Fiber optic,3,8.0,Bank transfer,No
C01823,35,Female,East,11,115.21,1116.45,One year,DSL,0,,Credit card,No
C01824,67,Male,North,37,100.3,3795.42,Two year,Fiber optic,1,4.0,Electronic check,No
C01825,62,Female,East,26,104.99,2708.33,Month-to-month,DSL,1,8.0,Electronic check,No
C01826,69,Female,East,46,57.86,2609.57,One year,DSL,2,3.0,Credit card,No
C01827,23,Female,East,46,79.06,3609.75,One year,DSL,2,3.0,Credit card,Yes
C01828,74,Male,South,22,45.9,1127.52,Month-to-month,DSL,4,6.0,Bank transfer,Yes
C01829,52,Male,West,22,53.36,1342.16,One year,Fiber optic,0,4.0,Electronic check,No
C01830,73,Male,South,7,35.33,401.0,One year,Fiber optic,3,4.0,Credit card,No
C01831,38,Female,East,22,39.58,957.07,Month-to-month,DSL,1,4.0,Mailed check,No
C01832,72,Male,East,60,49.21,3160.19,One year,No,3,7.0,Electronic check,No
C01833,51,Male,West,48,91.73,4263.3,Month-to-month,Fiber optic,0,4.0,Credit card,No
C01834,22,Female,West,68,75.74,5208.47,Two year,DSL,1,7.0,Mailed check,No
C01835,41,Male,Central,67,55.7,4031.9,Two year,Fiber optic,3,3.0,Electronic check,No
C01836,25,,West,62,124.03,7414.35,Month-to-month,Fiber optic,3,9.0,Credit card,No
C01837,71,Female,West,13,85.39,1029.94,Month-to-month,Fiber optic,3,10.0,Credit card,No
C01838,35,Male,Central,25,131.16,3123.62,Month-to-month,No,2,1.0,Electronic check,Yes
C01839,30,Male,South,5,98.02,533.41,Month-to-month,Fiber optic,3,2.0,Bank transfer,Yes
C01840,49,Female,South,7,26.82,403.41,Two year,No,2,2.0,Electronic check,Yes
C01841,42,Male,East,17,130.05,2291.48,Month-to-month,Fiber optic,5,2.0,Mailed check,Yes
C01842,23,Female,East,21,123.61,2563.21,Month-to-month,No,2,8.0,Credit card,Yes
C01843,64,Male,West,2,98.06,277.97,Month-to-month,Fiber optic,3,3.0,Electronic check,Yes
C01844,66,Male,North,61,86.5,5233.04,One year,Fiber optic,1,6.0,Electronic check,No
C01845,60,Male,North,38,77.09,2958.57,One year,Fiber optic,3,3.0,Bank transfer,No
C01846,53,Female,West,48,80.45,3954.39,Month-to-month,Fiber optic,2,1.0,Credit card,No
C01847,40,Male,Central,48,113.46,5709.0,Month-to-month,DSL,0,1.0,Electronic check,Yes
C01848,48,Male,South,70,84.01,5948.12,Month-to-month,DSL,0,10.0,Electronic check,No
C01849,47,Male,South,11,45.24,530.29,Month-to-month,DSL,2,6.0,Credit card,Yes
C01850,27,Male,East,25,31.69,1092.25,Month-to-month,DSL,1,7.0,Electronic check,No
C01851,22,Male,East,23,39.51,615.34,One year,No,4,2.0,Mailed check,No
C01852,32,Female,North,40,53.92,2143.0,Month-to-month,Fiber optic,1,5.0,Electronic check,No
C01853,43,Female,East,38,67.29,2445.83,Month-to-month,DSL,3,7.0,Electronic check,No
C01854,27,Male,Central,57,127.63,7239.15,One year,Fiber optic,1,8.0,Credit card,No
C01855,24,Female,West,41,52.5,2243.1,One year,DSL,3,7.0,Electronic check,No
C01856,66,Female,Central,17,61.75,1196.85,Month-to-month,No,1,6.0,Bank transfer,No
C01857,39,Female,West,41,50.65,1998.59,Month-to-month,No,1,,Mailed check,No
C01858,51,Female,Central,70,87.76,6243.57,One year,DSL,3,4.0,Credit card,No
C01859,47,Male,South,42,95.96,3895.67,Month-to-month,Fiber optic,3,7.0,Mailed check,Yes
C01860,59,Female,North,43,86.19,3514.1,One year,No,1,3.0,Bank transfer,No
C01861,60,Female,North,13,134.46,1758.61,One year,Fiber optic,4,8.0,Electronic check,No
C01862,34,Female,Central,1,139.47,139.47,Two year,No,0,5.0,Electronic check,No
C01863,66,Male,West,16,121.3,2164.38,Month-to-month,Fiber optic,2,6.0,Credit card,Yes
C01864,39,Female,South,2,117.61,535.22,Month-to-month,DSL,0,5.0,Mailed check,Yes
C01865,65,Female,Central,33,67.1,2123.02,Two year,Fiber optic,0,6.0,Bank transfer,No
C01866,41,Female,South,64,91.68,5595.79,Month-to-month,DSL,2,8.0,Credit card,No
C01867,24,Male,East,33,65.42,1953.78,Month-to-month,No,2,3.0,Electronic check,No
C01868,61,Male,South,47,115.2,5289.05,One year,Fiber optic,3,5.0,Bank transfer,No
C01869,19,Female,North,62,44.76,2806.22,Month-to-month,DSL,1,5.0,Bank transfer,No
C01870,62,Male,South,55,49.92,2706.42,One year,Fiber optic,2,1.0,Mailed check,No
C01871,20,Male,South,47,29.45,1195.37,Two year,Fiber optic,1,9.0,Bank transfer,No
C01872,29,Female,East,57,95.03,5684.63,One year,No,1,7.0,Electronic check,No
C01873,52,Female,North,21,104.18,2287.21,Month-to-month,Fiber optic,3,1.0,Credit card,Yes
C01874,71,Male,South,31,25.39,1050.94,Two year,Fiber optic,1,1.0,Credit card,No
C01875,41,Male,East,29,83.74,2158.3,One year,DSL,0,10.0,Credit card,No
C01876,24,Male,South,58,68.34,4154.62,Month-to-month,No,1,9.0,Bank transfer,No
C01877,31,Male,West,30,116.12,3461.25,One year,Fiber optic,1,8.0,Mailed check,Yes
C01878,69,Male,West,68,29.47,1945.18,Month-to-month,DSL,3,8.0,Bank transfer,No
C01879,59,Female,Central,14,30.59,431.91,Month-to-month,Fiber optic,1,9.0,Electronic check,No
C01880,23,Female,Central,13,96.32,1147.24,One year,Fiber optic,2,6.0,Electronic check,Yes
C01881,39,Male,South,52,93.04,4816.63,Month-to-month,Fiber optic,0,1.0,Credit card,No
C01882,33,Male,West,56,120.58,6894.44,Month-to-month,Fiber optic,1,5.0,Bank transfer,Yes
C01883,28,Female,West,49,93.11,4267.94,One year,Fiber optic,2,4.0,Bank transfer,No
C01884,66,Male,East,23,134.18,3310.74,Month-to-month,No,2,2.0,Credit card,Yes
C01885,53,Male,West,1,61.15,120.01,Month-to-month,Fiber optic,2,9.0,Credit card,Yes
C01886,28,Male,North,24,70.76,1681.71,Month-to-month,DSL,1,7.0,Bank transfer,No
C01887,55,Female,South,34,137.43,4812.96,One year,No,1,10.0,Electronic check,No
C01888,41,Male,Central,30,37.37,1175.67,Two year,Fiber optic,1,2.0,Credit card,No
C01889,21,Male,Central,67,116.53,7735.52,Month-to-month,Fiber optic,2,10.0,Bank transfer,No
C01890,43,Female,North,63,26.33,1542.86,One year,No,2,7.0,Electronic check,No
C01891,28,Male,East,56,80.95,4758.13,Month-to-month,DSL,0,6.0,Electronic check,No
C01892,31,Male,South,2,42.64,42.64,Month-to-month,No,1,2.0,Bank transfer,No
C01893,68,Male,North,10,93.87,909.16,Month-to-month,Fiber optic,4,7.0,Electronic check,Yes
C01894,58,Female,North,32,116.79,3525.72,Month-to-month,DSL,5,6.0,Credit card,No
C01895,25,Female,East,45,28.8,1369.17,Month-to-month,No,0,8.0,Mailed check,No
C01896,66,Female,West,49,43.83,2133.11,One year,Fiber optic,3,2.0,Electronic check,No
C01897,50,Male,East,22,64.4,1229.37,One year,DSL,4,7.0,Mailed check,No
C01898,67,Male,South,8,54.42,305.01,Two year,No,3,1.0,Electronic check,Yes
C01899,60,Female,West,24,69.07,1664.34,Two year,No,5,1.0,Credit card,No
C01900,37,Female,West,58,134.46,7841.44,Month-to-month,No,4,5.0,Electronic check,No
C01901,48,Male,Central,72,36.64,2347.5,Month-to-month,DSL,6,2.0,Bank transfer,No
C01902,48,Female,South,68,73.68,4904.43,Month-to-month,DSL,3,8.0,Mailed check,No
C01903,59,Female,South,43,77.57,3359.58,Month-to-month,Fiber optic,2,5.0,Electronic check,Yes
C01904,32,Female,East,7,57.24,582.15,Two year,No,4,3.0,Mailed check,Yes
C01905,36,Female,East,70,57.03,4117.99,Month-to-month,DSL,0,3.0,Bank transfer,No
C01906,31,Male,East,12,107.2,1218.16,Month-to-month,Fiber optic,3,5.0,Mailed check,Yes
C01907,34,Male,,20,96.05,2070.86,Month-to-month,DSL,3,6.0,Bank transfer,Yes
C01908,27,Male,North,71,118.48,8364.82,Two year,Fiber optic,0,8.0,Bank transfer,No
C01909,20,Male,East,37,71.58,2348.46,Month-to-month,Fiber optic,2,6.0,Mailed check,No
C01910,71,Female,East,15,94.77,1637.68,One year,DSL,3,6.0,Bank transfer,No
C01911,22,Female,South,37,127.76,4795.77,Month-to-month,Fiber optic,0,7.0,Bank transfer,Yes
C01912,68,Female,West,6,122.9,765.61,Month-to-month,Fiber optic,3,6.0,Electronic check,No
C01913,18,Male,Central,23,130.8,3009.63,Month-to-month,Fiber optic,1,4.0,Electronic check,No
C01914,62,Female,East,69,55.93,3904.58,One year,No,3,3.0,Bank transfer,No
C01915,36,Male,North,22,138.32,3044.14,One year,DSL,1,6.0,Electronic check,Yes
C01916,47,Female,North,65,118.88,7683.83,Month-to-month,DSL,1,2.0,Credit card,No
C01917,34,Male,East,40,116.4,4558.03,Month-to-month,Fiber optic,2,3.0,Mailed check,Yes
C01918,45,Male,West,48,101.77,4896.5,Month-to-month,Fiber optic,3,2.0,Bank transfer,Yes
C01919,43,Male,South,51,138.08,6909.89,Month-to-month,DSL,3,5.0,Mailed check,No
C01920,48,Female,South,40,75.78,2859.83,Month-to-month,No,2,10.0,Credit card,No
C01921,40,Male,Central,3,110.28,371.31,Month-to-month,DSL,2,9.0,Electronic check,Yes
C01922,48,Male,North,67,105.36,7206.12,One year,DSL,1,1.0,Electronic check,Yes
C01923,65,Male,North,35,109.19,3702.22,One year,No,4,9.0,Mailed check,No
C01924,42,Female,North,48,111.42,5254.82,One year,No,0,2.0,Credit card,No
C01925,38,Male,Central,40,46.94,1623.22,One year,Fiber optic,1,10.0,Mailed check,No
C01926,25,,East,48,65.14,2929.29,Two year,DSL,1,3.0,Electronic check,No
C01927,38,Male,North,26,70.11,1631.1,Two year,Fiber optic,2,2.0,Electronic check,Yes
C01928,25,Male,South,61,111.02,6918.36,Month-to-month,DSL,4,8.0,Bank transfer,No
C01929,28,Female,Central,17,107.37,1564.83,Month-to-month,Fiber optic,1,9.0,Credit card,No
C01930,72,Female,West,48,120.84,5869.2,Month-to-month,Fiber optic,2,4.0,Credit card,No
C01931,23,Male,South,42,115.68,4818.78,Two year,Fiber optic,2,6.0,Credit card,Yes
C01932,45,Female,South,37,93.54,3551.78,Month-to-month,Fiber optic,3,8.0,Credit card,No
C01933,65,Male,North,2,41.09,257.11,Month-to-month,Fiber optic,3,9.0,Bank transfer,No
C01934,72,Female,West,29,98.08,2839.83,Month-to-month,DSL,3,5.0,Electronic check,No
C01935,26,Male,North,4,127.01,678.1,One year,DSL,4,8.0,Electronic check,Yes
C01936,27,Male,South,37,98.97,3894.37,One year,No,4,8.0,Electronic check,No
C01937,39,Male,South,50,128.0,6601.95,One year,DSL,1,8.0,Credit card,No
C01938,49,Male,West,38,139.89,5214.99,One year,DSL,1,9.0,Bank transfer,No
C01939,72,Female,West,55,66.31,3351.63,Two year,DSL,2,9.0,Bank transfer,No
C01940,29,Female,West,26,108.18,2793.95,Month-to-month,Fiber optic,1,5.0,Mailed check,No
C01941,27,Female,South,23,87.1,2030.06,Two year,Fiber optic,0,4.0,Credit card,No
C01942,32,Male,South,33,77.32,2258.55,One year,Fiber optic,3,10.0,Credit card,No
C01943,67,Female,South,17,52.58,903.02,Month-to-month,Fiber optic,4,5.0,Credit card,Yes
C01944,19,Male,North,58,53.28,2790.24,Two year,Fiber optic,2,10.0,Mailed check,No
C01945,39,Female,West,59,46.27,2961.8,Two year,DSL,2,10.0,Electronic check,No
C01946,24,Female,East,30,97.62,3000.21,Two year,No,1,1.0,Credit card,No
C01947,26,Male,East,58,41.34,2275.03,Two year,No,3,2.0,Credit card,No
C01948,70,Male,Central,2,74.61,168.22,Month-to-month,Fiber optic,0,6.0,Mailed check,No
C01949,18,Male,North,12,85.18,1059.69,Month-to-month,Fiber optic,2,1.0,Electronic check,Yes
C01950,36,Female,Central,21,75.4,1655.84,Month-to-month,Fiber optic,3,7.0,Electronic check,No
C01951,70,Female,West,28,123.32,3463.37,Two year,DSL,1,1.0,Bank transfer,No
C01952,52,Male,South,17,75.96,1433.07,Two year,Fiber optic,0,9.0,Credit card,No
C01953,22,Female,West,37,34.53,1087.43,Two year,No,2,5.0,Electronic check,No
C01954,44,Female,West,58,139.1,8048.42,Two year,DSL,2,7.0,Credit card,No
C01955,73,Male,South,33,122.17,4299.61,One year,DSL,1,5.0,Credit card,Yes
C01956,40,Female,South,33,100.91,3277.27,Month-to-month,Fiber optic,3,7.0,Credit card,No
C01957,48,Male,Central,5,111.98,596.11,Month-to-month,Fiber optic,1,7.0,Credit card,Yes
C01958,48,Female,North,21,39.74,685.25,Month-to-month,Fiber optic,2,3.0,Electronic check,No
C01959,55,Male,North,59,113.08,6971.72,One year,DSL,1,9.0,Bank transfer,No
C01960,28,Female,West,59,48.89,2927.3,Month-to-month,Fiber optic,4,9.0,Credit card,No
C01961,65,Male,Central,8,81.23,461.03,Two year,DSL,7,4.0,Bank transfer,Yes
C01962,74,Male,East,2,45.47,254.5,One year,No,2,1.0,Credit card,No
C01963,26,Male,North,60,111.69,6540.42,Month-to-month,DSL,1,5.0,Electronic check,No
C01964,64,Female,East,13,53.28,795.21,Two year,DSL,0,7.0,Bank transfer,No
C01965,64,Male,South,42,54.12,2427.54,One year,Fiber optic,1,8.0,Credit card,No
C01966,60,Female,Central,60,37.56,2553.6,One year,DSL,1,3.0,Electronic check,No
C01967,39,Female,West,57,107.87,6182.17,Month-to-month,Fiber optic,4,5.0,Mailed check,Yes
C01968,44,Female,South,40,59.02,2368.13,Month-to-month,DSL,3,8.0,Mailed check,No
C01969,65,Female,West,28,84.6,2068.8,Month-to-month,Fiber optic,6,6.0,Bank transfer,No
C01970,26,Female,West,56,63.21,3471.26,Month-to-month,DSL,0,8.0,Credit card,No
C01971,65,Male,,51,114.09,5711.45,One year,Fiber optic,1,7.0,Credit card,Yes
C01972,70,Female,South,61,51.05,3086.94,Two year,DSL,0,2.0,Credit card,No
C01973,56,Male,East,37,133.2,4850.39,Two year,Fiber optic,2,3.0,Electronic check,No
C01974,37,Female,North,68,61.95,4330.53,Month-to-month,DSL,2,8.0,Credit card,Yes
C01975,49,Male,East,56,36.94,1984.71,Two year,No,0,8.0,Bank transfer,No
C01976,20,Female,South,5,52.64,334.53,Month-to-month,Fiber optic,3,9.0,Credit card,Yes
C01977,71,Female,East,22,33.5,719.67,Month-to-month,DSL,3,3.0,Mailed check,Yes
C01978,37,Male,Central,58,78.9,4482.79,One year,DSL,1,1.0,Credit card,Yes
C01979,21,Female,Central,9,53.78,376.98,Two year,DSL,3,3.0,Credit card,Yes
C01980,63,Male,East,52,126.9,6633.75,Two year,DSL,2,5.0,Credit card,No
C01981,55,Male,West,25,84.47,2317.36,Two year,Fiber optic,1,2.0,Bank transfer,Yes
C01982,53,Female,North,15,51.84,667.97,Month-to-month,Fiber optic,3,2.0,Electronic check,Yes
C01983,21,Female,,39,76.9,3006.23,Month-to-month,No,2,2.0,Credit card,Yes
C01984,60,Male,West,68,47.54,3305.3,Month-to-month,Fiber optic,2,2.0,Bank transfer,Yes
C01985,54,Female,West,65,45.55,2957.78,One year,DSL,3,4.0,Credit card,No
C01986,63,Female,Central,30,59.58,1523.37,Month-to-month,DSL,3,9.0,Electronic check,No
C01987,65,Female,East,1,37.45,109.3,Month-to-month,DSL,2,4.0,Bank transfer,No
C01988,30,Female,Central,64,46.69,2762.2,Month-to-month,DSL,3,3.0,Mailed check,No
C01989,30,Male,Central,65,132.88,8413.31,One year,Fiber optic,5,6.0,Credit card,Yes
C01990,70,Male,East,44,101.68,4278.21,One year,DSL,4,7.0,Bank transfer,No
C01991,48,Female,North,46,130.93,5998.51,Month-to-month,DSL,1,4.0,Electronic check,Yes
C01992,42,Female,South,38,54.54,1927.98,Month-to-month,DSL,3,1.0,Credit card,No
C01993,34,Male,West,1,123.56,123.56,One year,Fiber optic,1,3.0,Electronic check,No
C01994,54,Female,East,12,66.66,856.92,One year,DSL,1,1.0,Mailed check,No
C01995,60,Female,Central,11,41.58,453.34,Month-to-month,No,4,2.0,Electronic check,Yes
C01996,18,Female,Central,66,117.54,7871.29,Month-to-month,Fiber optic,0,,Mailed check,No
C01997,49,Male,North,4,31.86,31.86,Two year,Fiber optic,2,2.0,Credit card,No
C01998,74,Male,Central,41,71.56,2924.42,One year,Fiber optic,1,4.0,Credit card,Yes
C01999,33,Male,South,27,119.22,3338.99,Month-to-month,Fiber optic,2,4.0,Credit card,Yes
C02000,34,Female,Central,1,95.98,95.98,One year,Fiber optic,2,9.0,Electronic check,No
C02001,68,Female,East,67,84.58,5567.62,One year,Fiber optic,1,2.0,Electronic check,Yes
C02002,21,Male,East,2,65.67,280.26,Month-to-month,Fiber optic,0,1.0,Credit card,Yes
C02003,40,Female,North,62,33.63,2087.99,Month-to-month,Fiber optic,3,6.0,Bank transfer,No
C02004,44,Female,North,56,138.96,7759.18,Two year,DSL,0,7.0,Bank transfer,No
C02005,63,Male,East,58,45.1,2610.01,Month-to-month,Fiber optic,2,6.0,Mailed check,Yes
C02006,25,Male,East,12,54.36,835.77,Month-to-month,Fiber optic,0,8.0,Electronic check,No
C02007,42,Female,East,64,52.13,3332.71,One year,Fiber optic,0,9.0,Bank transfer,No
C02008,26,Female,North,44,129.41,5700.87,Month-to-month,No,1,7.0,Electronic check,No
C02009,62,Female,East,29,112.82,3269.27,One year,Fiber optic,3,6.0,Credit card,No
C02010,54,Female,North,50,77.59,3637.11,Month-to-month,No,2,7.0,Electronic check,No
C02011,46,Male,North,25,134.87,3447.14,Month-to-month,Fiber optic,0,3.0,Mailed check,Yes
C02012,40,Female,East,21,31.07,529.3,Month-to-month,Fiber optic,0,3.0,Credit card,Yes
C02013,26,Female,West,21,127.77,2493.84,Two year,Fiber optic,0,4.0,Credit card,No
C02014,70,Male,West,41,31.95,1047.98,One year,DSL,1,8.0,Electronic check,No
C02015,54,Male,Central,44,69.98,2848.3,Two year,DSL,2,,Credit card,No
C02016,36,Female,Central,18,31.21,261.78,Month-to-month,Fiber optic,1,,Electronic check,No
C02017,41,Female,South,18,139.88,2364.08,One year,DSL,2,7.0,Bank transfer,No
C02018,59,Female,West,69,130.15,8915.15,Month-to-month,DSL,0,8.0,Credit card,No
C02019,59,Male,North,38,92.25,3664.69,One year,Fiber optic,2,3.0,Electronic check,No
C02020,44,Male,Central,62,50.05,3112.21,Month-to-month,Fiber optic,3,2.0,Electronic check,No
C02021,35,Female,South,24,56.83,1401.94,One year,DSL,1,8.0,Electronic check,No
C02022,55,Female,West,21,76.7,1802.61,Month-to-month,DSL,5,2.0,Credit card,No
C02023,55,Female,Central,21,62.12,1004.52,Month-to-month,No,6,2.0,Electronic check,No
C02024,52,Female,West,39,27.45,1129.3,One year,No,3,4.0,Electronic check,No
C02025,22,Male,Central,57,100.47,5774.03,Month-to-month,Fiber optic,3,8.0,Electronic check,No
C02026,44,Female,North,37,95.54,3658.53,Month-to-month,DSL,3,4.0,Electronic check,Yes
C02027,52,Male,North,22,129.0,2568.56,Two year,Fiber optic,2,2.0,Credit card,Yes
C02028,72,Female,West,70,79.84,5502.7,Month-to-month,DSL,3,2.0,Bank transfer,No
C02029,47,Male,East,42,64.64,2575.23,One year,Fiber optic,0,3.0,Electronic check,No
C02030,37,Female,North,29,83.82,2237.6,Two year,Fiber optic,1,1.0,Credit card,Yes
C02031,49,Female,West,1,47.39,347.39,One year,Fiber optic,0,4.0,Credit card,Yes
C02032,28,Female,North,41,96.94,3889.63,Month-to-month,Fiber optic,6,1.0,Credit card,Yes
C02033,23,Female,Central,45,113.55,5248.83,One year,No,5,9.0,Mailed check,No
C02034,56,Female,North,67,42.65,2963.4,Month-to-month,Fiber optic,1,1.0,Bank transfer,No
C02035,74,Female,East,17,61.61,831.34,Month-to-month,Fiber optic,1,2.0,Credit card,Yes
C02036,66,Male,Central,12,124.8,1418.83,One year,Fiber optic,0,1.0,Credit card,No
C02037,51,Male,East,72,83.14,5995.12,Two year,Fiber optic,0,3.0,Credit card,No
C02038,20,Female,West,40,86.16,3505.72,Month-to-month,No,6,9.0,Electronic check,No
C02039,74,Female,West,2,108.08,265.77,Month-to-month,Fiber optic,1,6.0,Electronic check,No
C02040,43,Female,Central,8,91.46,994.65,One year,No,3,10.0,Bank transfer,No
C02041,34,Female,East,35,33.0,1291.56,Month-to-month,Fiber optic,0,7.0,Mailed check,No
C02042,68,Female,Central,45,117.46,5384.24,One year,Fiber optic,1,5.0,Mailed check,No
C02043,60,Female,East,18,131.13,2505.58,Month-to-month,DSL,3,10.0,Credit card,Yes
C02044,60,Female,Central,27,31.13,1043.43,Month-to-month,DSL,1,2.0,Mailed check,No
C02045,33,Female,West,54,38.94,2009.31,One year,No,1,2.0,Bank transfer,No
C02046,74,Male,North,70,105.73,7164.17,Two year,DSL,3,4.0,Credit card,No
C02047,43,Female,West,36,94.51,3311.36,Month-to-month,Fiber optic,2,10.0,Mailed check,No
C02048,48,Male,Central,30,68.99,1863.65,Two year,DSL,1,9.0,Mailed check,No
C02049,60,Female,North,27,87.01,2201.82,Month-to-month,Fiber optic,1,6.0,Credit card,No
C02050,55,Female,Central,10,105.88,1073.77,Month-to-month,No,4,10.0,Bank transfer,Yes
C02051,27,Female,North,4,83.01,249.02,Month-to-month,No,4,7.0,Bank transfer,Yes
C02052,35,Male,Central,61,41.12,2605.53,Month-to-month,DSL,2,3.0,Credit card,No
C02053,38,Female,West,3,35.29,151.41,One year,Fiber optic,2,1.0,Credit card,No
C02054,72,Male,North,60,75.47,4582.91,Month-to-month,DSL,3,1.0,Electronic check,No
C02055,58,Female,West,18,131.13,2170.6,Month-to-month,No,3,9.0,Mailed check,Yes
C02056,38,Male,North,51,89.14,4414.5,Month-to-month,DSL,4,4.0,Electronic check,No
C02057,59,Male,East,69,66.2,4281.3,Two year,No,2,5.0,Electronic check,No
C02058,60,Female,Central,54,129.5,7078.21,Two year,No,1,4.0,Credit card,No
C02059,40,Female,South,53,69.69,3981.89,Month-to-month,Fiber optic,1,1.0,Credit card,No
C02060,40,Male,North,20,83.55,1697.82,Month-to-month,Fiber optic,0,1.0,Electronic check,Yes
C02061,68,Male,East,44,38.4,1729.75,Two year,Fiber optic,1,8.0,Electronic check,No
C02062,50,Male,South,47,109.8,5080.86,Month-to-month,DSL,4,7.0,Mailed check,No
C02063,26,Female,North,31,105.53,3238.95,One year,Fiber optic,2,3.0,Credit card,Yes
C02064,59,Male,East,3,116.34,540.22,One year,DSL,3,2.0,Mailed check,Yes
C02065,51,Male,South,66,62.4,4132.01,Two year,Fiber optic,2,6.0,Mailed check,No
C02066,47,Male,North,15,75.15,1223.15,Month-to-month,Fiber optic,1,1.0,Credit card,Yes
C02067,59,Male,South,71,44.36,3344.68,Month-to-month,No,4,3.0,Credit card,No
C02068,69,Male,North,68,135.92,9407.63,Month-to-month,No,5,8.0,Electronic check,No
C02069,36,Female,Central,2,34.9,74.65,Month-to-month,DSL,4,2.0,Mailed check,Yes
C02070,41,Female,Central,54,99.64,5396.43,Month-to-month,DSL,1,8.0,Credit card,No
C02071,28,Male,South,46,106.1,4822.65,Two year,Fiber optic,4,9.0,Bank transfer,No
C02072,54,Female,Central,17,43.14,808.22,Month-to-month,DSL,1,2.0,Mailed check,No
C02073,40,Female,East,59,67.01,3891.59,Month-to-month,Fiber optic,1,7.0,Electronic check,No
C02074,37,Male,Central,9,29.96,322.16,Month-to-month,Fiber optic,2,8.0,Mailed check,No
C02075,57,Female,North,18,89.01,1757.92,Month-to-month,Fiber optic,3,6.0,Bank transfer,No
C02076,41,Female,South,69,139.42,9367.06,Month-to-month,Fiber optic,3,,Credit card,No
C02077,44,Female,West,54,74.44,3741.14,Month-to-month,No,1,10.0,Mailed check,No
C02078,43,Male,South,9,138.85,1242.95,One year,Fiber optic,0,4.0,Credit card,Yes
C02079,32,Male,Central,11,39.52,535.05,Two year,No,1,3.0,Credit card,Yes
C02080,25,Male,East,19,70.13,1375.5,Month-to-month,No,4,2.0,Electronic check,No
C02081,65,Male,East,6,128.73,590.74,One year,Fiber optic,1,10.0,Bank transfer,No
C02082,23,Female,East,14,125.82,1896.44,Month-to-month,DSL,3,3.0,Bank transfer,Yes
C02083,36,Female,West,42,62.21,2899.06,Month-to-month,No,3,2.0,Electronic check,No
C02084,56,Female,North,1,103.04,103.04,Two year,DSL,2,1.0,Credit card,Yes
C02085,25,Female,West,21,126.91,2556.36,Two year,Fiber optic,2,3.0,Electronic check,No
C02086,55,Female,West,23,113.19,2607.21,Month-to-month,Fiber optic,2,7.0,Credit card,No
C02087,59,Male,Central,70,97.27,6790.04,Month-to-month,Fiber optic,3,7.0,Credit card,No
C02088,55,Male,Central,71,42.55,3201.51,Month-to-month,DSL,3,9.0,Bank transfer,No
C02089,35,Male,West,61,33.4,2079.94,Month-to-month,DSL,1,7.0,Electronic check,No
C02090,19,Male,,25,95.68,2348.26,One year,No,1,1.0,Electronic check,No
C02091,68,Female,East,38,82.53,3047.69,Month-to-month,Fiber optic,2,9.0,Electronic check,No
C02092,36,Male,South,37,52.37,1708.55,Two year,No,1,3.0,Mailed check,No
C02093,63,Male,Central,62,58.67,3842.97,One year,No,1,10.0,Credit card,No
C02094,29,Male,South,54,70.09,3879.01,Month-to-month,Fiber optic,1,4.0,Electronic check,No
C02095,27,Female,East,66,81.98,5397.11,Two year,Fiber optic,2,1.0,Electronic check,Yes
C02096,62,Female,North,40,69.88,2811.51,One year,Fiber optic,1,4.0,Electronic check,No
C02097,71,Male,South,67,69.54,4643.03,Month-to-month,DSL,0,5.0,Bank transfer,No
C02098,67,Male,South,54,38.31,1803.91,Month-to-month,No,1,9.0,Credit card,No
C02099,60,Male,East,54,124.54,6511.98,Two year,No,3,6.0,Bank transfer,Yes
C02100,32,Female,East,48,95.05,4531.76,Two year,DSL,3,1.0,Electronic check,No
C02101,70,Male,West,25,41.8,1011.82,Month-to-month,No,1,1.0,Credit card,Yes
C02102,56,Female,East,44,73.75,3243.18,One year,DSL,4,7.0,Credit card,No
C02103,27,Female,North,26,72.92,2150.55,Two year,No,2,1.0,Electronic check,No
C02104,25,Female,East,47,94.07,4378.34,Two year,Fiber optic,2,6.0,Electronic check,No
C02105,67,Male,North,19,95.02,1690.97,Month-to-month,DSL,3,9.0,Electronic check,No
C02106,33,Male,Central,58,99.2,5761.55,Month-to-month,No,1,9.0,Bank transfer,No
C02107,61,Male,West,42,105.26,4211.39,Two year,Fiber optic,1,7.0,Credit card,No
C02108,25,Female,South,52,36.89,1941.61,Month-to-month,DSL,2,4.0,Credit card,No
C02109,33,Male,South,16,60.07,852.4,Month-to-month,Fiber optic,3,6.0,Credit card,Yes
C02110,34,Male,North,58,26.99,1599.18,One year,Fiber optic,6,2.0,Electronic check,No
C02111,34,Male,South,58,77.28,4455.2,Month-to-month,Fiber optic,2,8.0,Bank transfer,Yes
C02112,56,Female,North,11,74.38,796.96,One year,Fiber optic,1,2.0,Bank transfer,No
C02113,70,Female,Central,26,109.45,2939.68,Month-to-month,DSL,5,1.0,Electronic check,Yes
C02114,69,Male,North,49,44.22,2276.94,One year,DSL,0,7.0,Mailed check,No
C02115,60,Female,West,63,97.62,6450.06,Month-to-month,Fiber optic,1,6.0,Credit card,No
C02116,29,Female,East,54,60.27,3358.73,Two year,DSL,1,6.0,Credit card,No
C02117,72,Female,South,34,68.92,2306.53,Month-to-month,Fiber optic,1,5.0,Credit card,No
C02118,48,Female,Central,22,107.72,2274.95,Month-to-month,No,4,6.0,Bank transfer,Yes
C02119,49,Male,North,66,33.23,2245.21,Two year,No,4,5.0,Electronic check,No
C02120,57,Female,Central,63,64.42,4277.68,One year,Fiber optic,4,2.0,Electronic check,No
C02121,61,Female,West,65,70.0,4678.44,Month-to-month,Fiber optic,3,6.0,Mailed check,No
C02122,72,Female,West,22,107.31,2253.98,Month-to-month,No,2,1.0,Mailed check,No
C02123,51,Female,Central,32,47.91,1601.01,One year,No,4,1.0,Bank transfer,Yes
C02124,52,Female,East,18,133.95,2444.4,Two year,DSL,2,6.0,Electronic check,No
C02125,60,Male,South,69,139.74,9799.43,Month-to-month,Fiber optic,3,8.0,Credit card,No
C02126,32,Female,North,63,119.17,7552.92,Two year,DSL,2,1.0,Credit card,No
C02127,35,Female,Central,13,59.47,812.71,Month-to-month,DSL,1,4.0,Electronic check,No
C02128,53,Male,East,18,101.34,1646.93,One year,DSL,2,10.0,Electronic check,Yes
C02129,21,Male,Central,40,34.56,1501.21,Month-to-month,Fiber optic,2,8.0,Mailed check,No
C02130,36,Female,South,30,125.2,3547.41,Month-to-month,Fiber optic,4,9.0,Electronic check,Yes
C02131,58,Male,Central,34,84.34,2881.0,Two year,No,1,7.0,Electronic check,No
C02132,73,Female,Central,27,45.29,1140.21,Month-to-month,Fiber optic,2,2.0,Electronic check,No
C02133,47,Female,,49,62.65,2978.39,Two year,Fiber optic,2,4.0,Credit card,No
C02134,40,Female,East,65,117.09,7698.24,Month-to-month,DSL,2,6.0,Bank transfer,No
C02135,43,Male,West,67,125.08,8379.88,Month-to-month,DSL,1,7.0,Electronic check,No
C02136,57,Male,South,33,84.77,2497.41,Two year,DSL,4,2.0,Bank transfer,No
C02137,49,Female,North,60,80.24,4784.72,One year,No,1,10.0,Electronic check,No
C02138,19,Female,South,50,111.33,5508.25,Month-to-month,DSL,1,10.0,Credit card,No
C02139,48,Male,East,15,120.01,1988.76,One year,Fiber optic,2,1.0,Electronic check,Yes
C02140,40,Male,North,58,112.96,6365.32,Month-to-month,DSL,5,6.0,Credit card,No
C02141,57,Male,South,26,69.21,2087.0,Two year,Fiber optic,1,2.0,Mailed check,No
C02142,67,Female,Central,46,98.82,4674.23,Month-to-month,No,3,4.0,Bank transfer,No
C02143,72,Female,North,52,123.6,6385.5,Month-to-month,No,2,9.0,Electronic check,No
C02144,52,Male,North,68,42.45,2823.77,Month-to-month,DSL,1,7.0,Mailed check,No
C02145,38,Male,East,69,69.64,4709.42,One year,No,2,4.0,Bank transfer,No
C02146,43,Male,North,58,31.51,1875.48,Two year,DSL,2,1.0,Credit card,Yes
C02147,28,Female,North,37,72.02,2546.56,Two year,No,2,9.0,Mailed check,No
C02148,71,Male,North,29,113.81,3282.89,Month-to-month,DSL,2,3.0,Bank transfer,Yes
C02149,66,Male,North,32,47.66,1362.13,Month-to-month,Fiber optic,1,7.0,Bank transfer,No
C02150,66,Male,Central,69,87.32,6132.0,Month-to-month,Fiber optic,2,3.0,Electronic check,No
C02151,36,Female,North,15,29.21,463.57,Two year,No,3,8.0,Electronic check,Yes
C02152,36,Male,East,38,128.23,4802.54,Month-to-month,No,2,4.0,Mailed check,No
C02153,66,Male,West,49,119.3,5809.44,One year,DSL,3,8.0,Bank transfer,No
C02154,49,Female,West,2,85.31,85.31,Month-to-month,No,1,1.0,Bank transfer,Yes
C02155,58,Male,West,46,106.17,4930.81,Two year,Fiber optic,2,,Bank transfer,No
C02156,45,Male,South,19,36.95,513.79,Month-to-month,DSL,2,10.0,Mailed check,No
C02157,43,Female,Central,21,122.2,2701.49,Month-to-month,DSL,1,5.0,Credit card,No
C02158,54,Female,North,45,107.26,4852.69,Two year,DSL,1,5.0,Credit card,No
C02159,64,Male,North,1,38.8,38.8,Two year,DSL,3,7.0,Electronic check,No
C02160,37,Male,Central,12,137.78,1741.51,One year,Fiber optic,1,9.0,Electronic check,No
C02161,64,Male,North,33,27.59,968.76,One year,DSL,1,9.0,Credit card,No
C02162,31,Female,North,43,97.28,4026.2,One year,Fiber optic,1,1.0,Credit card,No
C02163,40,Female,North,8,44.75,554.11,Month-to-month,DSL,1,3.0,Electronic check,Yes
C02164,70,Female,North,27,107.71,2608.17,Month-to-month,Fiber optic,0,9.0,Credit card,No
C02165,72,Female,North,23,33.1,924.73,One year,DSL,1,10.0,Credit card,No
C02166,70,Male,East,39,34.33,1314.4,One year,DSL,4,7.0,Credit card,No
C02167,36,Female,West,22,78.62,1878.22,Month-to-month,Fiber optic,2,1.0,Credit card,Yes
C02168,66,Female,North,1,139.31,355.37,Month-to-month,No,0,7.0,Electronic check,Yes
C02169,71,Male,Central,39,56.8,2151.08,One year,No,2,10.0,Bank transfer,No
C02170,73,Female,North,62,95.44,5860.21,Month-to-month,Fiber optic,2,9.0,Credit card,No
C02171,19,Female,West,43,84.64,3686.71,One year,No,1,8.0,Credit card,No
C02172,60,Female,Central,27,121.84,3119.63,One year,Fiber optic,2,6.0,Credit card,Yes
C02173,74,Female,East,35,58.19,1986.9,Month-to-month,No,1,10.0,Electronic check,No
C02174,61,Male,East,11,88.82,914.53,Month-to-month,DSL,4,7.0,Bank transfer,No
C02175,31,Male,North,18,134.32,2239.84,Month-to-month,DSL,2,6.0,Mailed check,No
C02176,61,Male,South,32,63.25,1953.63,Month-to-month,DSL,1,9.0,Electronic check,No
C02177,23,Female,Central,43,75.53,3360.75,One year,No,0,1.0,Electronic check,No
C02178,45,Female,South,36,127.21,4681.69,One year,DSL,1,2.0,Bank transfer,No
C02179,53,Male,North,70,63.24,4400.22,Two year,DSL,0,9.0,Bank transfer,No
C02180,44,Male,West,46,68.78,3173.24,Month-to-month,Fiber optic,0,1.0,Electronic check,No
C02181,57,Male,West,2,59.97,74.31,One year,No,1,9.0,Bank transfer,No
C02182,31,Female,North,38,118.1,4223.6,Month-to-month,Fiber optic,1,10.0,Mailed check,No
C02183,52,Male,North,42,131.99,5391.08,Two year,Fiber optic,1,3.0,Electronic check,No
C02184,54,Male,North,4,97.58,534.17,Month-to-month,DSL,5,9.0,Bank transfer,Yes
C02185,54,Male,North,28,96.72,2887.74,One year,No,2,6.0,Bank transfer,No
C02186,34,Female,West,63,69.85,4271.8,Month-to-month,DSL,0,6.0,Electronic check,No
C02187,35,Male,North,26,26.44,855.3,Month-to-month,DSL,2,10.0,Mailed check,No
C02188,32,Male,West,33,45.0,1304.9,Two year,Fiber optic,2,8.0,Mailed check,No
C02189,44,Male,North,16,41.96,593.79,Month-to-month,DSL,1,9.0,Bank transfer,No
C02190,51,Male,Central,6,38.33,212.16,Month-to-month,Fiber optic,5,9.0,Credit card,No
C02191,38,Male,West,23,100.22,2264.08,One year,Fiber optic,2,8.0,Credit card,No
C02192,41,Female,South,56,40.68,2174.25,Month-to-month,DSL,2,5.0,Bank transfer,No
C02193,34,Female,East,71,34.85,2493.36,Month-to-month,DSL,2,2.0,Electronic check,Yes
C02194,30,Female,North,48,69.0,3428.47,Month-to-month,DSL,2,1.0,Electronic check,Yes
C02195,55,Female,North,60,53.64,3000.34,Month-to-month,DSL,0,3.0,Electronic check,No
C02196,64,Female,East,47,41.77,1982.12,Two year,No,1,5.0,Credit card,No
C02197,34,Male,North,48,41.8,2151.14,One year,Fiber optic,2,2.0,Bank transfer,No
C02198,67,Female,West,31,54.46,1626.35,Month-to-month,DSL,1,4.0,Mailed check,No
C02199,50,Male,South,5,86.74,351.67,Month-to-month,DSL,2,8.0,Credit card,No
C02200,27,Male,North,30,112.18,3237.78,Two year,No,1,1.0,Credit card,No
C02201,38,Female,East,63,123.07,8053.41,Two year,No,2,4.0,Credit card,No
C02202,18,Male,East,39,111.41,4568.97,Month-to-month,No,1,10.0,Credit card,No
C02203,20,Male,West,55,97.24,5303.97,One year,DSL,2,4.0,Bank transfer,No
C02204,37,Male,North,4,129.38,694.56,Month-to-month,Fiber optic,2,8.0,Electronic check,Yes
C02205,43,Male,East,15,84.77,1192.64,Month-to-month,DSL,1,7.0,Electronic check,Yes
C02206,63,Female,Central,22,97.84,2129.14,Two year,Fiber optic,1,8.0,Electronic check,No
C02207,25,Female,South,26,72.34,1721.85,Two year,Fiber optic,1,8.0,Mailed check,No
C02208,65,Male,Central,72,62.65,4234.33,Month-to-month,Fiber optic,1,6.0,Mailed check,No
C02209,31,Male,West,34,63.15,2060.07,Two year,DSL,2,10.0,Bank transfer,No
C02210,25,Female,East,48,42.06,1955.13,One year,Fiber optic,2,3.0,Credit card,No
C02211,57,Female,Central,47,116.61,5544.66,One year,DSL,3,3.0,Bank transfer,No
C02212,62,Male,Central,31,31.37,1070.71,One year,No,4,6.0,Credit card,No
C02213,52,Female,South,70,102.59,7162.9,Month-to-month,DSL,2,8.0,Electronic check,No
C02214,24,Male,Central,17,124.41,1966.3,Two year,Fiber optic,1,7.0,Electronic check,Yes
C02215,24,Male,North,3,82.2,147.91,Month-to-month,DSL,2,10.0,Electronic check,Yes
C02216,40,Male,North,54,33.07,2024.45,Month-to-month,Fiber optic,3,6.0,Mailed check,No
C02217,43,Female,,48,74.27,3659.33,Month-to-month,Fiber optic,4,8.0,Bank transfer,No
C02218,74,Male,South,19,64.47,1438.36,Two year,Fiber optic,2,2.0,Bank transfer,Yes
C02219,34,Male,Central,63,138.34,8981.96,Month-to-month,DSL,0,1.0,Bank transfer,No
C02220,28,Male,West,12,104.5,1155.38,Month-to-month,Fiber optic,0,9.0,Credit card,No
C02221,71,Male,West,19,107.96,2174.27,One year,DSL,2,5.0,Bank transfer,Yes
C02222,26,Female,North,12,84.32,876.51,Month-to-month,Fiber optic,2,3.0,Bank transfer,No
C02223,19,Male,East,14,106.58,1647.12,Month-to-month,DSL,5,8.0,Electronic check,No
C02224,42,Male,South,53,108.1,5853.47,Month-to-month,DSL,3,4.0,Electronic check,Yes
C02225,40,Female,East,51,32.63,1364.13,One year,DSL,1,1.0,Credit card,No
C02226,53,Female,South,47,50.6,2438.62,Month-to-month,DSL,2,6.0,Electronic check,No
C02227,68,Male,South,62,26.49,1513.89,Month-to-month,DSL,3,2.0,Bank transfer,No
C02228,71,Female,Central,6,83.63,450.72,Month-to-month,Fiber optic,1,10.0,Bank transfer,No
C02229,34,Female,,45,125.72,5558.45,Two year,DSL,2,4.0,Bank transfer,No
C02230,73,Female,East,9,95.1,992.09,One year,No,2,4.0,Electronic check,No
C02231,54,Female,North,69,82.52,5591.35,Month-to-month,Fiber optic,0,9.0,Electronic check,No
C02232,21,Female,West,46,131.49,5856.69,Two year,Fiber optic,4,1.0,Mailed check,No
C02233,71,Male,East,55,44.81,2343.42,Two year,No,4,7.0,Mailed check,No
C02234,25,Male,South,42,33.58,1378.18,One year,Fiber optic,0,10.0,Electronic check,No
C02235,51,Male,West,28,130.49,3715.26,Month-to-month,Fiber optic,2,1.0,Mailed check,Yes
C02236,63,Male,North,50,128.82,6620.38,Month-to-month,DSL,1,10.0,Mailed check,No
C02237,32,Female,East,61,103.54,6392.98,One year,Fiber optic,2,7.0,Electronic check,No
C02238,33,Male,Central,13,53.29,780.34,Month-to-month,DSL,1,2.0,Credit card,No
C02239,45,Male,East,63,136.52,8711.53,Month-to-month,Fiber optic,0,9.0,Mailed check,No
C02240,68,Female,North,53,113.01,6112.13,Month-to-month,DSL,5,9.0,Bank transfer,No
C02241,30,Female,South,7,102.5,872.51,Month-to-month,Fiber optic,1,10.0,Credit card,No
C02242,55,Female,North,68,50.63,3742.84,One year,Fiber optic,2,10.0,Mailed check,No
C02243,43,Male,East,13,84.01,1212.26,Month-to-month,DSL,2,7.0,Mailed check,Yes
C02244,24,Male,South,44,119.6,5305.38,One year,DSL,3,1.0,Electronic check,No
C02245,58,Female,North,10,123.93,1169.52,One year,No,4,8.0,Credit card,No
C02246,65,Male,West,15,89.56,1389.89,Month-to-month,DSL,2,8.0,Mailed check,Yes
C02247,50,Male,North,47,85.12,4173.72,Month-to-month,DSL,0,8.0,Electronic check,No
C02248,28,Female,South,49,105.23,4973.53,Month-to-month,Fiber optic,1,2.0,Electronic check,No
C02249,26,Male,Central,50,85.75,4476.29,Month-to-month,No,3,8.0,Mailed check,No
C02250,42,Female,North,25,73.03,1761.74,One year,Fiber optic,2,9.0,Bank transfer,Yes
C02251,46,Male,South,60,34.82,2054.41,One year,Fiber optic,0,1.0,Electronic check,Yes
C02252,49,Female,South,4,39.5,236.27,Two year,No,1,1.0,Electronic check,No
C02253,31,Female,East,62,112.43,6891.65,Two year,Fiber optic,4,1.0,Bank transfer,Yes
C02254,46,Female,South,22,27.84,681.3,Month-to-month,No,1,7.0,Electronic check,No
C02255,34,Male,Central,45,31.02,1223.08,One year,Fiber optic,1,4.0,Electronic check,Yes
C02256,57,Female,North,66,129.03,8647.37,Month-to-month,No,6,9.0,Mailed check,No
C02257,63,Female,Central,19,105.96,2042.64,Month-to-month,Fiber optic,3,10.0,Bank transfer,No
C02258,55,Female,East,30,25.48,763.85,Month-to-month,DSL,4,1.0,Credit card,No
C02259,18,Male,North,60,60.88,3694.0,Month-to-month,DSL,1,8.0,Credit card,No
C02260,74,Male,North,63,112.78,7102.12,One year,DSL,1,8.0,Credit card,No
C02261,19,Male,North,17,73.02,1307.57,One year,Fiber optic,3,1.0,Electronic check,No
C02262,74,Male,South,37,78.91,2888.58,Month-to-month,No,2,2.0,Mailed check,Yes
C02263,19,Female,South,24,77.76,1822.61,Month-to-month,Fiber optic,2,9.0,Credit card,No
C02264,47,Female,West,38,48.25,1568.31,One year,Fiber optic,0,1.0,Bank transfer,No
C02265,24,Female,South,28,107.96,3227.61,One year,Fiber optic,2,2.0,Credit card,Yes
C02266,23,Female,West,1,36.85,36.85,One year,No,0,10.0,Credit card,No
C02267,56,Female,South,67,83.33,5825.43,Month-to-month,Fiber optic,4,8.0,Electronic check,No
C02268,59,Male,South,46,44.54,2012.49,Month-to-month,DSL,3,10.0,Credit card,No
C02269,24,Male,South,34,30.35,1214.53,One year,Fiber optic,1,3.0,Credit card,No
C02270,73,Female,South,8,41.47,488.09,One year,Fiber optic,3,8.0,Bank transfer,No
C02271,36,Male,Central,6,124.97,894.15,Month-to-month,DSL,2,7.0,Bank transfer,No
C02272,36,Male,South,35,45.26,1591.07,Month-to-month,DSL,2,9.0,Electronic check,Yes
C02273,34,Female,South,47,57.01,2500.27,Month-to-month,DSL,0,3.0,Credit card,No
C02274,44,Female,Central,19,40.88,749.42,One year,DSL,3,1.0,Credit card,No
C02275,28,Male,West,54,109.59,5870.69,Month-to-month,DSL,5,4.0,Credit card,Yes
C02276,42,Male,North,29,76.23,2195.34,One year,No,1,6.0,Mailed check,No
C02277,29,Male,Central,1,133.52,133.52,Two year,Fiber optic,2,6.0,Bank transfer,No
C02278,20,Female,North,39,101.4,3911.66,Month-to-month,No,2,9.0,Electronic check,No
C02279,39,Female,North,14,86.11,905.54,Month-to-month,DSL,1,7.0,Bank transfer,No
C02280,56,Female,East,2,100.51,155.97,Month-to-month,No,2,9.0,Electronic check,Yes
C02281,61,Female,West,10,29.65,315.37,Month-to-month,Fiber optic,1,8.0,Electronic check,No
C02282,38,Male,North,21,134.33,2703.64,Two year,No,3,4.0,Electronic check,No
C02283,36,Female,West,38,134.99,5089.1,Two year,Fiber optic,3,9.0,Credit card,No
C02284,62,Male,North,72,56.76,4111.11,Month-to-month,Fiber optic,3,4.0,Credit card,No
C02285,56,Male,West,16,97.25,1707.92,Two year,Fiber optic,3,9.0,Credit card,Yes
C02286,65,Female,North,5,48.22,399.29,Month-to-month,Fiber optic,1,7.0,Credit card,No
C02287,69,Female,East,14,87.96,1277.25,One year,Fiber optic,3,3.0,Electronic check,No
C02288,64,Male,West,23,113.64,2609.31,One year,DSL,4,1.0,Credit card,Yes
C02289,71,Male,South,15,133.08,2049.48,Month-to-month,DSL,1,9.0,Electronic check,No
C02290,41,Male,West,24,64.01,1806.23,Month-to-month,No,2,8.0,Credit card,No
C02291,40,Female,West,70,104.75,7407.72,One year,DSL,3,1.0,Credit card,No
C02292,36,Female,West,28,107.39,3046.01,Month-to-month,Fiber optic,1,,Electronic check,Yes
C02293,31,Male,South,46,50.43,2480.71,Two year,DSL,4,5.0,Credit card,No
C02294,60,Male,West,50,97.34,4874.21,Month-to-month,Fiber optic,3,6.0,Bank transfer,Yes
C02295,58,Male,West,10,100.37,875.69,Month-to-month,DSL,2,4.0,Electronic check,No
C02296,63,Male,South,18,112.87,2100.53,Two year,Fiber optic,0,2.0,Bank transfer,Yes
C02297,27,Male,West,30,139.99,4225.25,Month-to-month,No,3,7.0,Electronic check,Yes
C02298,46,Male,Central,34,29.63,974.63,Month-to-month,No,1,8.0,Bank transfer,No
C02299,30,Male,Central,1,48.27,129.83,Month-to-month,DSL,2,7.0,Electronic check,No
C02300,68,Female,West,47,41.68,1687.08,Month-to-month,Fiber optic,7,10.0,Mailed check,No
C02301,33,Female,West,22,42.76,859.62,Month-to-month,No,1,4.0,Electronic check,No
C02302,26,Male,Central,24,77.24,1721.96,Month-to-month,DSL,1,6.0,Mailed check,No
C02303,50,Female,South,44,126.03,5429.09,Month-to-month,DSL,0,4.0,Electronic check,No
C02304,68,Male,West,69,76.6,5262.3,Month-to-month,Fiber optic,2,10.0,Bank transfer,No
C02305,70,Female,North,63,101.88,6281.94,Two year,Fiber optic,2,5.0,Electronic check,No
C02306,23,Male,South,71,68.3,5100.84,Two year,Fiber optic,3,5.0,Electronic check,No
C02307,36,Female,Central,30,61.76,1920.55,Month-to-month,DSL,5,8.0,Electronic check,No
C02308,26,Male,South,9,120.94,969.3,Two year,No,0,3.0,Electronic check,Yes
C02309,35,Female,Central,16,100.39,1345.17,Two year,No,1,4.0,Credit card,Yes
C02310,48,Male,East,25,65.35,1546.23,Two year,Fiber optic,2,9.0,Credit card,No
C02311,33,Female,South,22,130.13,2813.4,One year,Fiber optic,1,1.0,Credit card,No
C02312,21,Male,North,15,82.33,1139.71,Month-to-month,No,0,1.0,Bank transfer,Yes
C02313,47,Female,East,11,46.65,813.15,Month-to-month,Fiber optic,1,9.0,Electronic check,No
C02314,21,Male,East,14,80.57,879.85,Two year,Fiber optic,2,3.0,Bank transfer,Yes
C02315,30,Female,East,48,102.59,4931.98,Month-to-month,Fiber optic,1,8.0,Bank transfer,No
C02316,18,Male,North,36,67.22,2400.43,Two year,DSL,1,7.0,Electronic check,No
C02317,22,Female,South,3,122.04,328.75,One year,No,0,2.0,Bank transfer,No
C02318,42,Female,North,41,86.31,3247.8,Month-to-month,Fiber optic,2,2.0,Electronic check,Yes
C02319,66,Female,South,61,78.79,4799.77,Month-to-month,DSL,4,10.0,Credit card,No
C02320,62,Male,Central,31,123.75,3863.31,Two year,Fiber optic,1,9.0,Bank transfer,Yes
C02321,23,Male,North,23,78.24,1905.97,Month-to-month,No,1,3.0,Bank transfer,Yes
C02322,19,Male,West,20,72.66,1525.68,One year,DSL,4,5.0,Credit card,No
C02323,37,Female,North,28,36.93,1216.78,Two year,Fiber optic,3,9.0,Credit card,Yes
C02324,55,Female,East,21,66.69,1100.49,Month-to-month,DSL,2,3.0,Credit card,No
C02325,60,Male,Central,67,70.66,4698.97,Month-to-month,Fiber optic,4,7.0,Credit card,No
C02326,64,Female,South,72,45.77,3595.44,Month-to-month,No,1,4.0,Mailed check,No
C02327,37,Male,North,25,92.6,2474.01,Two year,No,1,9.0,Bank transfer,No
C02328,27,Female,East,67,41.54,2565.16,Month-to-month,No,1,3.0,Electronic check,No
C02329,19,Male,South,62,50.72,3157.86,Month-to-month,Fiber optic,0,5.0,Credit card,No
C02330,26,Male,Central,6,89.53,380.07,Month-to-month,Fiber optic,4,8.0,Credit card,Yes
C02331,21,Male,Central,36,55.93,1948.75,Month-to-month,Fiber optic,2,7.0,Bank transfer,No
C02332,67,Male,West,48,98.56,5030.83,Month-to-month,Fiber optic,1,2.0,Electronic check,Yes
C02333,33,Male,West,31,104.41,3380.48,Month-to-month,Fiber optic,0,1.0,Bank transfer,Yes
C02334,64,Male,West,33,59.65,1740.46,Two year,Fiber optic,1,9.0,Credit card,No
C02335,49,Male,West,36,35.05,1147.02,Month-to-month,Fiber optic,5,8.0,Electronic check,No
C02336,48,Male,East,50,81.29,4064.62,Two year,Fiber optic,6,2.0,Electronic check,No
C02337,43,Female,Central,22,35.68,745.31,Two year,Fiber optic,2,7.0,Bank transfer,No
C02338,64,Male,South,43,84.25,3669.73,One year,Fiber optic,1,3.0,Bank transfer,No
C02339,20,Male,North,18,108.52,1837.21,One year,DSL,0,5.0,Electronic check,No
C02340,23,Female,West,65,96.34,6207.17,Month-to-month,Fiber optic,2,7.0,Electronic check,Yes
C02341,42,Female,West,7,76.55,417.95,One year,DSL,3,7.0,Electronic check,Yes
C02342,40,Male,Central,5,133.77,613.71,Month-to-month,No,1,4.0,Credit card,No
C02343,49,Female,South,3,36.7,215.69,Month-to-month,DSL,2,9.0,Bank transfer,Yes
C02344,60,Female,East,26,126.2,3325.71,One year,No,2,6.0,Electronic check,No
C02345,51,Female,East,44,117.01,5043.24,Month-to-month,DSL,4,9.0,Bank transfer,Yes
C02346,32,Male,South,71,73.27,5372.02,Month-to-month,No,2,6.0,Electronic check,No
C02347,36,,West,33,42.58,1564.7,One year,Fiber optic,0,,Bank transfer,No
C02348,60,Male,East,14,42.92,600.71,Month-to-month,No,3,3.0,Mailed check,Yes
C02349,29,Female,West,27,131.01,3498.56,Month-to-month,No,3,1.0,Electronic check,Yes
C02350,46,Female,East,10,51.88,783.18,Month-to-month,Fiber optic,2,6.0,Mailed check,No
C02351,48,Female,South,34,125.52,4508.72,Month-to-month,DSL,2,6.0,Bank transfer,No
C02352,60,Female,Central,53,82.88,4165.4,Month-to-month,Fiber optic,1,10.0,Mailed check,No
C02353,58,Male,East,3,78.1,413.44,Month-to-month,Fiber optic,3,3.0,Electronic check,Yes
C02354,44,Male,West,56,96.24,5648.01,Month-to-month,No,2,1.0,Mailed check,Yes
C02355,35,Female,East,17,49.73,943.91,One year,No,2,9.0,Credit card,No
C02356,38,Female,South,49,74.26,3568.7,Two year,DSL,4,6.0,Electronic check,No
C02357,41,Male,Central,59,132.93,7791.02,One year,Fiber optic,4,1.0,Mailed check,No
C02358,30,Male,South,56,52.4,3190.99,Month-to-month,Fiber optic,1,4.0,Mailed check,No
C02359,53,Female,,49,130.98,6543.33,One year,Fiber optic,3,10.0,Electronic check,No
C02360,29,Male,East,50,139.33,7048.59,Two year,Fiber optic,2,9.0,Credit card,No
C02361,54,Male,North,14,30.97,733.58,Two year,Fiber optic,1,6.0,Mailed check,No
C02362,60,Female,North,10,86.11,709.94,Month-to-month,No,1,1.0,Credit card,Yes
C02363,72,Male,Central,28,44.76,1239.67,Month-to-month,DSL,1,7.0,Credit card,No
C02364,24,Male,East,44,96.5,4274.5,Month-to-month,Fiber optic,4,1.0,Electronic check,Yes
C02365,61,Female,South,45,138.8,6214.26,One year,Fiber optic,3,4.0,Credit card,Yes
C02366,22,Male,Central,56,128.14,6899.79,Month-to-month,DSL,1,5.0,Credit card,No
C02367,37,Female,West,23,131.36,3171.86,Two year,Fiber optic,4,8.0,Bank transfer,No
C02368,28,Male,West,63,49.54,3008.34,Month-to-month,DSL,0,7.0,Credit card,No
C02369,27,Male,West,33,87.37,2767.84,One year,Fiber optic,2,5.0,Bank transfer,No
C02370,27,Male,North,18,52.01,882.32,Month-to-month,No,1,1.0,Electronic check,Yes
C02371,20,Female,North,53,128.43,6772.26,Month-to-month,DSL,1,1.0,Bank transfer,Yes
C02372,64,Male,West,10,46.98,451.57,Month-to-month,DSL,0,9.0,Electronic check,No
C02373,21,Female,North,30,42.71,1425.86,One year,Fiber optic,4,7.0,Bank transfer,Yes
C02374,40,Male,West,57,26.4,1680.13,Month-to-month,DSL,0,4.0,Bank transfer,No
C02375,57,Male,North,56,45.92,2532.62,Month-to-month,DSL,1,8.0,Bank transfer,Yes
C02376,74,Female,South,19,46.82,799.86,One year,Fiber optic,1,10.0,Electronic check,No
C02377,66,Female,West,12,33.91,387.66,Two year,Fiber optic,3,1.0,Bank transfer,No
C02378,25,Female,West,3,124.79,240.32,One year,No,2,10.0,Electronic check,No
C02379,74,Male,West,7,114.7,798.65,One year,Fiber optic,2,3.0,Electronic check,No
C02380,55,Male,West,60,54.27,3114.28,Month-to-month,Fiber optic,2,8.0,Bank transfer,No
C02381,28,Female,North,57,115.07,6858.99,Two year,Fiber optic,4,6.0,Electronic check,No
C02382,43,Male,Central,37,73.55,2740.54,Month-to-month,DSL,2,8.0,Credit card,No
C02383,70,Male,South,42,114.18,4714.89,Two year,Fiber optic,2,2.0,Mailed check,No
C02384,40,Female,North,24,62.15,1597.48,One year,Fiber optic,0,7.0,Electronic check,No
C02385,28,Female,Central,14,89.94,1074.35,Month-to-month,No,0,10.0,Bank transfer,No
C02386,67,Male,North,1,68.89,68.89,Month-to-month,DSL,6,8.0,Credit card,Yes
C02387,72,Female,East,49,46.58,2345.99,One year,Fiber optic,5,8.0,Credit card,No
C02388,73,Female,East,3,92.35,297.36,One year,Fiber optic,1,2.0,Credit card,No
C02389,72,Male,West,8,111.35,1048.11,One year,DSL,0,3.0,Credit card,No
C02390,67,Female,North,58,111.61,6173.38,Two year,No,2,9.0,Bank transfer,No
C02391,43,Female,North,42,65.97,2893.46,Month-to-month,DSL,1,5.0,Bank transfer,Yes
C02392,28,Male,East,36,84.65,2965.9,Month-to-month,No,0,6.0,Credit card,No
C02393,53,Male,East,16,112.83,1629.74,One year,Fiber optic,1,2.0,Bank transfer,Yes
C02394,30,Male,West,11,31.27,85.5,Month-to-month,DSL,0,8.0,Credit card,No
C02395,44,Female,West,34,33.27,1047.83,One year,Fiber optic,0,5.0,Bank transfer,No
C02396,55,Male,North,26,68.27,2013.52,Two year,DSL,2,5.0,Electronic check,Yes
C02397,71,Male,Central,39,50.7,2122.67,Month-to-month,Fiber optic,1,,Electronic check,No
C02398,34,Male,East,12,68.08,1062.12,Two year,No,0,7.0,Electronic check,No
C02399,32,Male,Central,17,35.78,591.19,One year,Fiber optic,0,5.0,Credit card,No
C02400,59,Male,Central,9,93.08,853.74,Month-to-month,DSL,4,4.0,Electronic check,Yes
C02401,18,Female,North,31,102.25,2932.86,Two year,Fiber optic,4,7.0,Credit card,Yes
C02402,50,Female,East,20,116.06,2084.28,One year,Fiber optic,3,5.0,Mailed check,No
C02403,60,Male,East,17,99.81,1674.79,Month-to-month,Fiber optic,0,3.0,Electronic check,Yes
C02404,49,Male,East,40,70.58,2616.77,Month-to-month,Fiber optic,2,4.0,Credit card,Yes
C02405,39,Male,South,36,132.52,4642.14,Month-to-month,Fiber optic,0,3.0,Electronic check,No
C02406,65,Female,East,16,108.53,1742.97,One year,Fiber optic,1,8.0,Credit card,No
C02407,39,Female,East,51,85.68,4560.53,Month-to-month,Fiber optic,2,6.0,Electronic check,No
C02408,58,Female,North,25,48.79,1221.23,Month-to-month,Fiber optic,1,3.0,Mailed check,No
C02409,44,Female,South,25,99.63,2286.7,Two year,DSL,1,2.0,Electronic check,No
C02410,19,Male,North,35,93.05,2983.48,One year,Fiber optic,3,10.0,Mailed check,No
C02411,48,Male,Central,11,103.58,1157.37,One year,Fiber optic,4,9.0,Electronic check,No
C02412,20,Male,West,31,114.83,3465.37,Two year,No,1,9.0,Bank transfer,No
C02413,71,Female,South,42,130.23,5487.08,Month-to-month,No,2,8.0,Electronic check,No
C02414,52,Male,South,10,134.14,1310.77,Month-to-month,No,1,9.0,Electronic check,Yes
C02415,39,Male,North,41,97.47,3985.7,One year,DSL,4,7.0,Mailed check,No
C02416,45,Female,South,3,136.08,588.48,Month-to-month,Fiber optic,3,10.0,Electronic check,Yes
C02417,53,Female,Central,44,129.81,5869.68,Month-to-month,No,1,10.0,Credit card,No
C02418,32,Male,North,3,25.3,131.23,One year,DSL,1,5.0,Bank transfer,No
C02419,34,Female,North,13,98.33,1144.01,Month-to-month,DSL,5,3.0,Credit card,No
C02420,41,Female,Central,26,45.52,1100.83,Month-to-month,DSL,1,9.0,Electronic check,No
C02421,32,Female,East,45,58.95,2767.24,One year,Fiber optic,1,9.0,Mailed check,No
C02422,61,Female,North,52,59.21,3274.13,One year,Fiber optic,1,5.0,Bank transfer,No
C02423,23,Male,East,34,80.56,2547.98,Month-to-month,DSL,1,10.0,Mailed check,No
C02424,65,Female,West,10,26.25,491.63,Month-to-month,Fiber optic,0,2.0,Bank transfer,Yes
C02425,37,Female,South,28,52.12,1342.4,Two year,Fiber optic,0,9.0,Bank transfer,No
C02426,49,Female,South,57,28.35,1716.27,Two year,No,2,1.0,Credit card,No
C02427,26,Female,West,7,99.81,998.67,Month-to-month,Fiber optic,0,2.0,Electronic check,Yes
C02428,39,Female,East,52,127.27,6379.58,Month-to-month,No,1,1.0,Mailed check,No
C02429,61,Female,Central,28,139.75,3988.78,One year,Fiber optic,1,1.0,Bank transfer,No
C02430,33,Female,South,1,76.58,76.58,Month-to-month,No,2,2.0,Bank transfer,Yes
C02431,25,Female,South,51,54.92,2868.01,Month-to-month,Fiber optic,2,4.0,Mailed check,Yes
C02432,47,Female,North,2,123.11,153.37,Month-to-month,No,3,4.0,Electronic check,Yes
C02433,27,Male,West,27,38.01,726.27,Month-to-month,No,3,5.0,Electronic check,Yes
C02434,35,Female,East,15,137.04,1942.53,Month-to-month,Fiber optic,2,10.0,Electronic check,Yes
C02435,43,Male,South,43,107.21,4662.08,Month-to-month,Fiber optic,3,6.0,Bank transfer,Yes
C02436,50,Female,West,5,82.95,617.13,Two year,DSL,4,3.0,Credit card,Yes
C02437,54,Female,South,7,36.11,313.6,Month-to-month,Fiber optic,1,2.0,Electronic check,No
C02438,56,Female,North,39,27.09,1277.42,Month-to-month,DSL,4,10.0,Credit card,No
C02439,66,Female,East,72,87.62,6234.62,Month-to-month,DSL,4,3.0,Electronic check,No
C02440,21,Male,East,3,72.59,131.55,Two year,Fiber optic,2,9.0,Credit card,No
C02441,38,Male,East,34,121.91,4196.4,Month-to-month,DSL,1,8.0,Electronic check,No
C02442,18,Female,East,58,98.87,5678.21,Month-to-month,No,1,9.0,Electronic check,No
C02443,18,Female,Central,21,74.67,1736.45,One year,Fiber optic,2,2.0,Credit card,Yes
C02444,30,Female,South,36,50.99,1624.8,One year,No,4,8.0,Electronic check,No
C02445,52,Female,South,61,80.25,5024.65,One year,Fiber optic,1,8.0,Credit card,No
C02446,68,Female,East,53,43.74,2499.42,Month-to-month,DSL,3,10.0,Credit card,No
C02447,62,Male,North,22,101.71,2292.38,Month-to-month,DSL,1,8.0,Mailed check,No
C02448,54,Male,North,55,94.66,5343.21,Month-to-month,No,0,2.0,Electronic check,Yes
C02449,62,Female,East,49,118.16,5692.46,One year,DSL,0,5.0,Electronic check,No
C02450,27,Female,East,37,76.7,2713.19,Month-to-month,Fiber optic,0,5.0,Bank transfer,No
C02451,65,Female,West,32,57.04,1878.11,Month-to-month,DSL,1,5.0,Electronic check,No
C02452,68,Female,North,67,121.19,8011.4,Month-to-month,Fiber optic,2,4.0,Credit card,No
C02453,23,Female,Central,63,104.46,6626.06,Two year,DSL,3,9.0,Bank transfer,No
C02454,44,Female,East,72,106.27,7696.68,Month-to-month,Fiber optic,4,3.0,Electronic check,No
C02455,65,Female,North,49,85.73,4190.66,Month-to-month,DSL,2,5.0,Mailed check,No
C02456,45,Male,South,26,125.74,3311.58,Two year,No,2,5.0,Credit card,No
C02457,65,Female,South,8,51.2,504.8,One year,DSL,0,7.0,Bank transfer,No
C02458,71,Female,East,10,71.19,696.9,One year,DSL,3,5.0,Mailed check,No
C02459,45,Male,East,69,116.57,7971.8,One year,DSL,3,10.0,Mailed check,No
C02460,21,Female,East,27,40.29,1211.23,Month-to-month,No,1,10.0,Electronic check,Yes
C02461,37,Female,East,8,117.93,984.43,One year,Fiber optic,1,5.0,Credit card,No
C02462,30,Female,Central,17,65.55,1182.01,Month-to-month,Fiber optic,2,3.0,Credit card,Yes
C02463,45,Male,Central,2,39.43,166.25,Two year,Fiber optic,4,8.0,Credit card,No
C02464,51,Female,East,39,34.1,1352.18,Month-to-month,No,2,10.0,Bank transfer,No
C02465,44,Male,Central,43,121.95,5192.22,One year,DSL,1,9.0,Credit card,No
C02466,29,Female,Central,28,114.54,3114.59,Month-to-month,Fiber optic,3,2.0,Credit card,Yes
C02467,35,Female,Central,54,58.12,3125.21,Month-to-month,No,9,1.0,Credit card,Yes
C02468,56,Female,South,35,38.38,1415.56,Month-to-month,DSL,1,7.0,Electronic check,No
C02469,19,Female,East,70,53.43,3819.36,One year,DSL,4,4.0,Credit card,No
C02470,30,Male,South,55,49.49,2743.54,Month-to-month,Fiber optic,7,4.0,Electronic check,No
C02471,68,Female,North,6,109.3,708.63,Two year,DSL,1,1.0,Credit card,Yes
C02472,23,Female,North,20,49.79,830.1,Month-to-month,DSL,1,10.0,Electronic check,No
C02473,41,Male,West,55,49.85,2672.09,One year,Fiber optic,1,1.0,Bank transfer,No
C02474,29,Male,East,39,28.71,1220.33,One year,DSL,2,7.0,Electronic check,No
C02475,23,Male,Central,55,93.64,5025.18,Month-to-month,Fiber optic,1,10.0,Bank transfer,Yes
C02476,42,Female,West,25,104.23,2626.94,One year,Fiber optic,0,1.0,Credit card,Yes
C02477,47,Female,North,3,100.15,308.18,One year,Fiber optic,6,7.0,Credit card,Yes
C02478,28,Female,Central,57,90.39,5135.15,One year,Fiber optic,2,10.0,Bank transfer,No
C02479,22,Female,East,57,136.1,7859.52,One year,Fiber optic,1,5.0,Bank transfer,No
C02480,25,Male,East,47,79.36,3764.0,One year,Fiber optic,4,3.0,Electronic check,No
C02481,55,Female,Central,30,123.92,3537.98,Month-to-month,No,1,8.0,Bank transfer,No
C02482,67,Male,West,1,99.29,176.71,Month-to-month,Fiber optic,2,10.0,Credit card,Yes
C02483,28,Male,North,53,34.68,1761.97,Month-to-month,Fiber optic,1,6.0,Bank transfer,No
C02484,36,Male,North,48,118.16,5467.1,One year,No,1,1.0,Mailed check,No
C02485,37,Male,East,49,92.2,4629.14,Two year,Fiber optic,0,7.0,Bank transfer,No
C02486,38,Female,North,13,100.16,1124.2,Month-to-month,DSL,3,3.0,Electronic check,No
C02487,31,Female,North,53,45.73,2370.49,Month-to-month,DSL,2,10.0,Credit card,No
C02488,21,Female,West,53,75.31,4035.46,Month-to-month,Fiber optic,2,3.0,Credit card,No
C02489,47,Male,North,62,126.27,7817.74,One year,Fiber optic,3,7.0,Electronic check,No
C02490,38,Male,North,41,49.77,1946.93,One year,Fiber optic,1,7.0,Bank transfer,No
C02491,37,Male,East,53,25.01,1176.47,One year,Fiber optic,1,5.0,Bank transfer,No
C02492,33,Female,North,29,54.61,1469.68,One year,DSL,4,8.0,Bank transfer,No
C02493,70,Male,South,51,81.07,3972.95,One year,Fiber optic,1,9.0,Electronic check,No
C02494,52,Male,,50,119.45,5953.53,Month-to-month,Fiber optic,1,7.0,Bank transfer,No
C02495,41,Female,West,57,98.98,5560.05,Month-to-month,No,0,8.0,Credit card,No
C02496,29,Female,Central,62,130.69,7895.97,Month-to-month,Fiber optic,3,1.0,Electronic check,Yes
C02497,63,Female,South,1,77.39,77.39,Two year,Fiber optic,4,3.0,Credit card,No
C02498,68,Male,West,57,69.94,3890.1,One year,Fiber optic,2,5.0,Credit card,No
C02499,19,Female,South,58,51.61,3033.6,Month-to-month,Fiber optic,3,2.0,Credit card,No
C02500,70,Male,South,40,50.08,2057.52,Month-to-month,Fiber optic,3,5.0,Bank transfer,No
C02501,57,Female,North,38,109.65,4367.99,Month-to-month,Fiber optic,2,1.0,Electronic check,Yes
C02502,23,Male,Central,53,34.24,1911.89,Two year,DSL,1,4.0,Credit card,No
C02503,60,Female,North,33,52.91,1582.79,Month-to-month,DSL,1,1.0,Electronic check,No
C02504,24,Female,South,30,126.88,3506.4,One year,Fiber optic,3,5.0,Electronic check,Yes
C02505,20,Female,East,58,91.35,5070.49,Month-to-month,Fiber optic,1,5.0,Electronic check,No
C02506,24,Male,East,57,30.36,1655.14,One year,Fiber optic,2,5.0,Bank transfer,No
C02507,44,Male,South,15,105.99,1348.65,One year,Fiber optic,6,10.0,Credit card,Yes
C02508,53,Female,South,60,83.27,4903.78,Month-to-month,No,1,6.0,Credit card,No
C02509,41,Female,South,24,123.27,2963.32,One year,Fiber optic,3,2.0,Credit card,Yes
C02510,24,Male,Central,10,103.48,950.32,Month-to-month,Fiber optic,1,7.0,Electronic check,No
C02511,29,Male,East,64,25.51,1674.45,One year,Fiber optic,2,10.0,Electronic check,No
C02512,66,Male,Central,18,48.66,784.6,Month-to-month,No,0,3.0,Credit card,Yes
C02513,72,Male,Central,15,54.67,705.76,One year,Fiber optic,1,1.0,Bank transfer,No
C02514,60,Male,West,20,105.76,2371.4,Month-to-month,Fiber optic,3,10.0,Bank transfer,No
C02515,23,Male,Central,36,83.57,3003.56,One year,Fiber optic,2,2.0,Electronic check,Yes
C02516,64,Male,North,12,110.96,1348.32,Month-to-month,DSL,1,9.0,Credit card,No
C02517,57,Male,Central,12,83.98,1134.4,One year,Fiber optic,4,5.0,Credit card,Yes
C02518,47,Female,East,29,62.65,1948.41,Month-to-month,Fiber optic,2,8.0,Bank transfer,No
C02519,26,Male,West,16,36.92,535.81,Month-to-month,DSL,4,8.0,Electronic check,Yes
C02520,74,Male,South,14,48.3,833.09,Two year,Fiber optic,2,9.0,Electronic check,No
C02521,43,Male,North,66,71.09,4624.61,Month-to-month,DSL,0,8.0,Mailed check,No
C02522,20,Female,Central,43,88.42,3954.5,Month-to-month,No,1,6.0,Electronic check,Yes
C02523,29,Male,East,1,132.94,132.94,One year,Fiber optic,2,3.0,Mailed check,Yes
C02524,40,Male,North,8,52.57,374.55,Month-to-month,DSL,0,10.0,Credit card,No
C02525,21,Male,West,59,101.6,6027.79,Two year,Fiber optic,1,2.0,Credit card,No
C02526,36,Male,North,20,42.54,904.92,Month-to-month,Fiber optic,3,4.0,Electronic check,No
C02527,44,Male,East,11,107.08,1051.34,Two year,Fiber optic,1,3.0,Mailed check,Yes
C02528,72,Male,West,48,26.3,1015.09,Two year,Fiber optic,3,5.0,Electronic check,No
C02529,22,Female,West,61,100.43,6195.28,Month-to-month,DSL,1,3.0,Credit card,No
C02530,50,Male,East,29,43.77,1238.33,Month-to-month,DSL,5,9.0,Electronic check,Yes
C02531,70,Male,South,54,45.74,2411.35,One year,Fiber optic,1,5.0,Electronic check,No
C02532,63,Female,Central,31,89.27,3015.53,One year,Fiber optic,3,9.0,Bank transfer,No
C02533,70,Female,North,8,68.17,501.41,Month-to-month,Fiber optic,1,1.0,Electronic check,Yes
C02534,27,Female,North,58,79.2,4516.06,Month-to-month,DSL,2,5.0,Credit card,No
C02535,63,Male,North,67,60.52,3784.82,Month-to-month,No,1,6.0,Bank transfer,No
C02536,73,Male,Central,71,134.65,9397.73,One year,Fiber optic,1,9.0,Credit card,No
C02537,36,Male,East,8,58.43,598.81,One year,Fiber optic,5,8.0,Bank transfer,No
C02538,46,Female,North,41,87.34,3472.13,Month-to-month,DSL,1,7.0,Electronic check,Yes
C02539,48,Male,North,45,123.25,5640.53,Month-to-month,Fiber optic,2,9.0,Bank transfer,No
C02540,46,Female,North,6,101.38,414.4,One year,No,1,4.0,Electronic check,No
C02541,34,Female,Central,69,62.12,4155.9,Two year,DSL,1,10.0,Credit card,No
C02542,73,Female,East,8,88.53,574.03,Month-to-month,Fiber optic,4,10.0,Bank transfer,No
C02543,72,Male,North,20,34.54,762.31,Month-to-month,Fiber optic,3,10.0,Bank transfer,No
C02544,39,Female,South,70,87.75,6110.71,Month-to-month,DSL,2,6.0,Electronic check,Yes
C02545,63,Male,West,41,74.61,2892.41,One year,DSL,3,1.0,Credit card,No
C02546,40,Female,East,49,112.16,5603.01,Month-to-month,Fiber optic,2,9.0,Mailed check,No
C02547,63,Female,Central,36,122.51,4484.5,Month-to-month,DSL,4,5.0,Mailed check,No
C02548,51,Female,North,55,47.96,2688.86,One year,DSL,1,9.0,Bank transfer,No
C02549,44,Male,North,6,34.38,250.57,Month-to-month,No,4,1.0,Electronic check,Yes
C02550,25,Female,North,49,69.91,3297.5,Month-to-month,Fiber optic,1,1.0,Credit card,No
C02551,55,,South,5,86.43,620.94,Month-to-month,Fiber optic,1,4.0,Mailed check,Yes
C02552,36,Male,West,13,68.33,873.13,Month-to-month,Fiber optic,2,9.0,Electronic check,No
C02553,30,Male,West,37,97.28,3639.56,Month-to-month,Fiber optic,3,1.0,Bank transfer,No
C02554,29,Female,South,33,83.15,2801.39,Month-to-month,Fiber optic,0,2.0,Credit card,No
C02555,73,Female,West,11,132.71,1318.07,Month-to-month,DSL,4,5.0,Bank transfer,Yes
C02556,23,Male,West,58,72.08,4465.1,Month-to-month,DSL,4,9.0,Electronic check,No
C02557,63,Female,North,22,34.49,754.72,Two year,Fiber optic,4,2.0,Electronic check,No
C02558,67,Female,West,63,59.72,3767.37,Two year,No,3,8.0,Electronic check,No
C02559,19,Male,East,2,94.68,127.48,Month-to-month,Fiber optic,0,5.0,Mailed check,No
C02560,51,Female,North,18,54.44,1152.42,One year,No,2,8.0,Bank transfer,No
C02561,50,Female,South,22,55.93,1409.29,Month-to-month,Fiber optic,0,8.0,Credit card,No
C02562,38,Male,West,43,64.05,2777.89,One year,Fiber optic,4,10.0,Mailed check,No
C02563,56,Male,West,29,110.81,2993.62,Two year,Fiber optic,2,1.0,Electronic check,No
C02564,41,Female,South,12,133.12,1572.77,One year,DSL,1,7.0,Mailed check,No
C02565,43,Male,West,42,65.29,2732.43,One year,Fiber optic,2,5.0,Electronic check,No
C02566,42,Female,South,69,47.48,3208.37,Month-to-month,DSL,2,4.0,Electronic check,Yes
C02567,63,Male,East,10,73.37,586.2,Month-to-month,Fiber optic,1,8.0,Credit card,Yes
C02568,54,Male,North,19,65.46,1010.6,Month-to-month,DSL,2,6.0,Mailed check,No
C02569,39,Male,Central,35,138.85,5080.42,Month-to-month,No,0,5.0,Bank transfer,No
C02570,70,Female,Central,53,78.34,4263.26,One year,Fiber optic,1,7.0,Electronic check,No
C02571,63,Female,North,10,103.12,1036.37,Month-to-month,Fiber optic,2,6.0,Mailed check,No
C02572,71,Female,East,17,130.09,2114.06,Month-to-month,Fiber optic,1,4.0,Bank transfer,No
C02573,59,Male,West,17,97.34,1708.8,One year,DSL,4,4.0,Bank transfer,Yes
C02574,40,Female,East,45,53.68,2446.22,One year,Fiber optic,4,3.0,Credit card,No
C02575,62,Female,South,6,94.85,508.93,One year,Fiber optic,2,3.0,Credit card,No
C02576,36,Male,Central,48,71.22,3477.01,Month-to-month,Fiber optic,5,5.0,Electronic check,Yes
C02577,33,Female,South,31,73.57,2357.53,Two year,Fiber optic,2,2.0,Credit card,Yes
C02578,43,Male,South,24,137.62,3405.98,Month-to-month,No,0,9.0,Electronic check,No
C02579,73,Female,South,63,57.04,3460.3,One year,DSL,0,6.0,Credit card,No
C02580,50,Female,Central,59,78.93,4721.56,Month-to-month,No,3,7.0,Credit card,No
C02581,39,Male,East,58,43.38,2692.68,Month-to-month,DSL,0,6.0,Credit card,No
C02582,44,Male,West,64,45.53,2958.38,Two year,No,4,9.0,Bank transfer,No
C02583,34,Female,Central,17,94.4,1904.8,Month-to-month,No,4,9.0,Credit card,No
C02584,55,Male,Central,62,111.37,6877.88,Month-to-month,No,3,5.0,Credit card,No
C02585,37,Male,Central,13,98.19,1018.81,Month-to-month,DSL,3,4.0,Electronic check,Yes
C02586,49,Male,Central,24,62.87,1381.55,Two year,Fiber optic,1,10.0,Electronic check,Yes
C02587,39,Female,Central,40,31.86,1174.0,Two year,No,1,6.0,Electronic check,No
C02588,36,Male,Central,54,79.08,4354.11,Month-to-month,Fiber optic,5,8.0,Electronic check,No
C02589,73,Male,West,42,82.99,3610.35,One year,Fiber optic,2,2.0,Credit card,No
C02590,37,Female,North,41,113.62,4678.84,Month-to-month,Fiber optic,1,4.0,Credit card,Yes
C02591,22,Male,North,28,98.63,2805.53,One year,DSL,1,3.0,Mailed check,No
C02592,39,,West,43,125.19,5670.43,Month-to-month,Fiber optic,1,5.0,Electronic check,Yes
C02593,48,Female,South,35,115.04,3901.74,Month-to-month,DSL,1,6.0,Electronic check,No
C02594,23,Female,Central,35,67.08,2336.87,One year,Fiber optic,2,10.0,Bank transfer,No
C02595,35,Male,Central,43,97.71,4133.67,Two year,Fiber optic,1,2.0,Electronic check,No
C02596,27,Female,West,44,110.94,4705.28,Month-to-month,DSL,1,10.0,Bank transfer,No
C02597,46,Female,West,24,135.04,2940.96,Month-to-month,DSL,2,9.0,Bank transfer,Yes
C02598,59,Male,South,10,73.57,930.18,Two year,No,1,5.0,Credit card,No
C02599,73,Male,East,22,99.55,2075.47,Month-to-month,Fiber optic,1,3.0,Electronic check,No
C02600,40,Male,Central,30,70.16,2067.24,Month-to-month,Fiber optic,3,9.0,Electronic check,No
C02601,67,Male,Central,12,109.85,1382.79,Month-to-month,Fiber optic,6,2.0,Mailed check,Yes
C02602,30,Male,South,13,129.88,1509.94,Month-to-month,Fiber optic,5,10.0,Mailed check,No
C02603,62,Male,Central,69,130.71,8893.83,Month-to-month,Fiber optic,3,10.0,Bank transfer,No
C02604,50,Male,East,21,43.07,901.21,Month-to-month,Fiber optic,1,3.0,Electronic check,Yes
C02605,61,Male,Central,54,48.47,2551.64,Month-to-month,DSL,4,6.0,Credit card,Yes
C02606,61,Male,East,10,111.82,926.82,Month-to-month,Fiber optic,2,6.0,Bank transfer,Yes
C02607,48,Female,West,71,97.57,7018.55,Two year,DSL,4,8.0,Electronic check,No
C02608,32,Male,North,16,129.09,1995.8,Month-to-month,No,2,8.0,Mailed check,No
C02609,47,Male,South,29,61.09,1792.12,One year,Fiber optic,4,,Mailed check,No
C02610,65,Male,West,57,122.52,6992.18,Month-to-month,DSL,4,1.0,Electronic check,No
C02611,73,Male,Central,15,103.63,1699.89,Month-to-month,Fiber optic,2,9.0,Electronic check,No
C02612,70,Male,North,40,47.48,1952.16,Month-to-month,DSL,2,9.0,Credit card,Yes
C02613,28,Male,North,57,39.55,2124.96,Month-to-month,Fiber optic,2,8.0,Credit card,No
C02614,52,Female,West,2,105.81,385.95,One year,No,0,3.0,Credit card,No
C02615,23,Female,East,2,43.22,43.22,Month-to-month,Fiber optic,2,8.0,Bank transfer,No
C02616,56,Female,Central,57,116.35,6509.87,One year,Fiber optic,3,5.0,Credit card,No
C02617,74,Female,North,19,89.07,1548.03,Two year,Fiber optic,1,3.0,Electronic check,Yes
C02618,20,Female,South,66,79.84,4969.44,Month-to-month,Fiber optic,2,4.0,Electronic check,No
C02619,55,Male,North,67,56.69,3706.96,Two year,DSL,0,5.0,Credit card,No
C02620,71,Female,West,64,138.14,8900.46,Month-to-month,Fiber optic,0,8.0,Credit card,No
C02621,66,Female,Central,72,108.05,7575.32,Month-to-month,Fiber optic,0,3.0,Mailed check,Yes
C02622,40,Female,North,60,114.48,7125.09,Month-to-month,DSL,1,3.0,Electronic check,No
C02623,23,Female,South,28,113.4,2875.2,One year,DSL,1,4.0,Bank transfer,No
C02624,70,Male,Central,72,92.16,6518.04,One year,DSL,4,5.0,Electronic check,No
C02625,70,Female,North,25,133.07,3103.62,Two year,DSL,0,10.0,Bank transfer,No
C02626,51,Female,Central,43,92.14,4099.73,One year,DSL,2,3.0,Electronic check,No
C02627,73,Male,Central,1,84.81,182.68,Month-to-month,Fiber optic,2,10.0,Credit card,Yes
C02628,18,Male,North,70,56.48,3913.69,Two year,Fiber optic,0,1.0,Credit card,No
C02629,53,Female,North,43,57.4,2254.93,Two year,Fiber optic,0,6.0,Bank transfer,No
C02630,20,Male,West,69,109.74,7392.29,One year,DSL,1,9.0,Electronic check,No
C02631,71,Male,North,26,63.5,1688.5,One year,Fiber optic,2,4.0,Electronic check,Yes
C02632,56,Male,East,23,108.8,2400.98,Two year,No,1,3.0,Credit card,Yes
C02633,70,Female,North,38,134.56,5028.97,Month-to-month,DSL,1,7.0,Bank transfer,No
C02634,50,Male,East,63,75.52,4746.7,Two year,DSL,1,3.0,Electronic check,No
C02635,22,Male,South,40,36.19,1385.71,Two year,Fiber optic,2,1.0,Electronic check,No
C02636,19,Male,West,58,101.65,5633.25,One year,DSL,1,1.0,Bank transfer,No
C02637,37,Male,Central,16,26.1,217.97,Month-to-month,Fiber optic,5,5.0,Credit card,No
C02638,60,Female,East,56,115.51,6272.56,Month-to-month,Fiber optic,0,6.0,Electronic check,No
C02639,26,Female,West,53,85.45,4419.72,Two year,Fiber optic,3,1.0,Electronic check,No
C02640,66,Female,West,65,81.32,5299.31,Two year,No,4,3.0,Credit card,No
C02641,31,Female,Central,5,90.49,459.79,One year,No,3,8.0,Mailed check,Yes
C02642,46,Female,South,28,84.39,2540.91,Two year,Fiber optic,2,6.0,Bank transfer,No
C02643,29,Male,South,7,62.23,224.56,Month-to-month,Fiber optic,2,7.0,Bank transfer,Yes
C02644,44,Female,South,29,57.37,1709.69,Two year,No,1,8.0,Credit card,No
C02645,43,Male,West,55,72.76,3883.81,Month-to-month,Fiber optic,1,10.0,Credit card,No
C02646,18,Female,Central,47,127.91,6308.1,Month-to-month,No,1,1.0,Mailed check,Yes
C02647,50,Female,,55,40.57,2215.46,Month-to-month,Fiber optic,3,5.0,Electronic check,Yes
C02648,62,Male,North,54,62.35,3282.66,Month-to-month,DSL,2,3.0,Bank transfer,No
C02649,71,Female,West,72,47.11,3433.07,Month-to-month,DSL,1,7.0,Electronic check,No
C02650,36,Female,East,64,74.12,4773.24,One year,DSL,2,4.0,Credit card,No
C02651,68,Male,South,43,40.35,1678.06,Month-to-month,No,1,2.0,Mailed check,No
C02652,68,Female,North,64,112.49,7288.45,One year,DSL,3,9.0,Bank transfer,No
C02653,74,Male,Central,4,36.9,374.16,Month-to-month,Fiber optic,0,6.0,Mailed check,No
C02654,39,Male,Central,52,101.51,5416.25,Two year,Fiber optic,1,2.0,Bank transfer,No
C02655,66,Male,West,38,55.79,2097.69,Month-to-month,No,1,3.0,Credit card,No
C02656,50,Male,East,69,79.3,5738.2,One year,Fiber optic,0,8.0,Credit card,No
C02657,21,Female,South,37,48.0,1848.32,One year,DSL,1,5.0,Credit card,No
C02658,33,Female,East,13,108.98,1252.08,Month-to-month,Fiber optic,6,10.0,Electronic check,Yes
C02659,56,Female,North,53,134.05,7112.89,Month-to-month,Fiber optic,1,1.0,Credit card,Yes
C02660,27,Female,South,69,50.5,3451.99,Month-to-month,No,2,1.0,Electronic check,No
C02661,42,Female,East,2,134.61,188.01,Month-to-month,Fiber optic,1,7.0,Mailed check,Yes
C02662,62,Male,East,5,62.41,359.21,Month-to-month,Fiber optic,4,4.0,Bank transfer,Yes
C02663,26,Male,North,48,89.15,3997.35,Month-to-month,No,2,9.0,Electronic check,No
C02664,46,Female,Central,41,105.68,4573.35,One year,Fiber optic,1,8.0,Bank transfer,No
C02665,30,Female,South,40,47.92,2008.59,Month-to-month,DSL,2,1.0,Bank transfer,No
C02666,48,Male,East,7,76.15,256.84,Month-to-month,No,2,10.0,Mailed check,No
C02667,31,Female,East,42,32.8,1467.61,Month-to-month,Fiber optic,1,10.0,Electronic check,No
C02668,73,Male,East,41,105.16,4378.05,Month-to-month,No,1,3.0,Bank transfer,Yes
C02669,22,Male,Central,62,72.91,4740.21,Month-to-month,Fiber optic,2,7.0,Electronic check,No
C02670,72,Male,West,29,127.54,3957.27,One year,Fiber optic,4,7.0,Bank transfer,Yes
C02671,63,Male,Central,26,56.51,1753.14,One year,Fiber optic,1,1.0,Mailed check,No
C02672,66,Male,South,6,131.21,745.59,Month-to-month,Fiber optic,1,8.0,Electronic check,Yes
C02673,66,Female,South,41,41.22,1771.14,Month-to-month,DSL,2,10.0,Electronic check,No
C02674,28,Female,East,47,94.8,4383.54,Month-to-month,Fiber optic,1,5.0,Electronic check,No
C02675,71,Female,East,21,60.4,1415.16,One year,DSL,3,10.0,Credit card,No
C02676,51,Male,South,53,45.9,2132.7,Month-to-month,DSL,0,7.0,Electronic check,Yes
C02677,72,Female,East,68,35.8,2243.09,Two year,Fiber optic,3,8.0,Bank transfer,No
C02678,68,Female,North,13,100.4,1240.12,One year,Fiber optic,2,6.0,Credit card,Yes
C02679,51,Male,East,42,51.81,2166.99,One year,Fiber optic,2,7.0,Credit card,No
C02680,39,Male,West,50,90.87,4568.02,Month-to-month,Fiber optic,3,10.0,Bank transfer,No
C02681,24,Male,East,2,137.63,466.41,Two year,Fiber optic,3,6.0,Bank transfer,Yes
C02682,23,Female,Central,13,61.34,699.91,Month-to-month,Fiber optic,1,6.0,Electronic check,Yes
C02683,40,Female,Central,29,29.02,647.76,Month-to-month,Fiber optic,1,2.0,Bank transfer,No
C02684,64,Female,Central,10,41.42,356.07,Two year,DSL,2,6.0,Bank transfer,No
C02685,46,Female,North,26,38.72,915.81,One year,Fiber optic,0,9.0,Electronic check,No
C02686,45,Female,Central,11,78.28,944.06,Month-to-month,No,1,7.0,Electronic check,No
C02687,31,Male,South,65,110.63,7419.7,Month-to-month,Fiber optic,1,8.0,Bank transfer,No
C02688,50,Female,East,44,59.09,2815.21,Month-to-month,No,0,2.0,Electronic check,No
C02689,54,Male,East,24,41.77,1165.9,One year,DSL,2,9.0,Electronic check,No
C02690,73,Female,South,57,98.69,5539.9,Month-to-month,Fiber optic,1,6.0,Credit card,No
C02691,59,Female,Central,2,59.64,95.02,Month-to-month,Fiber optic,1,5.0,Mailed check,No
C02692,52,Female,West,43,91.14,3982.71,Month-to-month,Fiber optic,4,1.0,Bank transfer,No
C02693,69,Male,Central,50,132.39,6503.91,Two year,Fiber optic,2,9.0,Bank transfer,Yes
C02694,42,Female,Central,59,58.5,3349.88,One year,DSL,3,7.0,Electronic check,No
C02695,71,Female,East,17,83.94,1483.15,Month-to-month,Fiber optic,1,4.0,Bank transfer,No
C02696,39,Female,West,43,117.78,4859.88,Two year,Fiber optic,1,6.0,Credit card,No
C02697,25,Female,East,56,104.55,6018.69,Month-to-month,Fiber optic,2,10.0,Mailed check,No
C02698,41,Male,East,58,111.42,6402.13,One year,DSL,0,9.0,Credit card,No
C02699,25,Male,West,13,113.85,1561.13,One year,DSL,2,3.0,Credit card,No
C02700,24,Male,West,71,87.09,6214.41,Month-to-month,No,1,8.0,Mailed check,No
C02701,68,Female,Central,20,86.65,1921.13,One year,DSL,1,1.0,Mailed check,No
C02702,63,Male,,29,107.67,2822.43,Two year,Fiber optic,5,5.0,Electronic check,No
C02703,30,Female,West,14,105.23,1662.29,Month-to-month,DSL,2,6.0,Electronic check,Yes
C02704,65,Male,Central,11,102.06,1308.38,Month-to-month,Fiber optic,1,7.0,Credit card,No
C02705,21,Female,North,19,68.95,1352.23,Two year,Fiber optic,1,1.0,Electronic check,No
C02706,34,Male,West,10,120.28,1281.0,Month-to-month,No,0,4.0,Electronic check,No
C02707,58,Female,South,53,52.16,2853.94,Month-to-month,Fiber optic,2,3.0,Electronic check,No
C02708,35,Male,East,44,42.91,1752.88,Month-to-month,DSL,3,4.0,Credit card,No
C02709,59,Male,West,29,64.69,1884.13,Two year,DSL,2,7.0,Credit card,Yes
C02710,67,Female,South,40,54.19,2301.1,One year,DSL,4,1.0,Electronic check,Yes
C02711,21,Male,Central,44,101.27,4187.74,Two year,Fiber optic,5,8.0,Credit card,No
C02712,19,Male,East,14,51.57,792.63,Month-to-month,No,0,2.0,Credit card,No
C02713,71,Male,South,22,100.5,2224.06,Two year,DSL,3,6.0,Mailed check,No
C02714,47,Female,South,64,84.02,5471.38,Month-to-month,Fiber optic,2,9.0,Electronic check,No
C02715,46,Male,East,1,42.53,42.53,One year,Fiber optic,3,9.0,Bank transfer,No
C02716,44,Male,Central,69,54.72,3664.13,One year,Fiber optic,2,10.0,Mailed check,No
C02717,42,Female,North,70,85.0,5740.58,Month-to-month,Fiber optic,4,5.0,Credit card,No
C02718,57,,East,19,109.31,1865.86,One year,Fiber optic,3,5.0,Bank transfer,No
C02719,51,Male,Central,24,70.8,1823.84,Month-to-month,DSL,1,10.0,Electronic check,No
C02720,27,Male,East,15,51.78,688.37,Month-to-month,Fiber optic,2,2.0,Credit card,No
C02721,53,Male,East,41,58.93,2316.77,One year,Fiber optic,3,10.0,Electronic check,No
C02722,56,Male,South,16,35.94,738.63,Month-to-month,Fiber optic,1,1.0,Credit card,Yes
C02723,24,Female,North,57,27.89,1538.21,One year,DSL,0,1.0,Mailed check,No
C02724,39,Male,West,28,136.91,3978.04,Month-to-month,Fiber optic,1,1.0,Electronic check,Yes
C02725,63,Female,Central,70,36.09,2368.89,Month-to-month,No,2,3.0,Credit card,No
C02726,53,Female,East,62,39.36,2388.38,One year,Fiber optic,3,9.0,Bank transfer,No
C02727,25,Male,East,29,125.16,3493.79,Month-to-month,DSL,4,3.0,Credit card,Yes
C02728,20,Male,North,43,101.3,4438.08,Two year,No,1,5.0,Credit card,Yes
C02729,51,Male,Central,2,75.15,119.26,Two year,DSL,2,9.0,Credit card,No
C02730,44,Female,Central,5,99.64,607.87,Month-to-month,Fiber optic,2,9.0,Credit card,Yes
C02731,72,Female,Central,37,132.52,4926.17,Month-to-month,DSL,2,,Electronic check,No
C02732,47,Male,South,35,36.43,983.15,Month-to-month,No,3,4.0,Credit card,No
C02733,71,Male,West,29,53.03,1498.26,One year,DSL,2,5.0,Credit card,No
C02734,30,Female,East,7,123.93,637.2,Month-to-month,Fiber optic,2,6.0,Electronic check,Yes
C02735,43,Male,South,61,114.77,7052.95,Two year,No,2,4.0,Credit card,No
C02736,25,Male,South,30,139.34,4263.48,Two year,Fiber optic,3,7.0,Credit card,No
C02737,50,Male,South,34,61.1,2176.24,Month-to-month,DSL,6,9.0,Credit card,No
C02738,28,Female,East,30,133.66,3991.37,One year,DSL,1,1.0,Credit card,No
C02739,46,Female,North,36,64.52,2077.9,Month-to-month,DSL,5,9.0,Credit card,No
C02740,37,Male,West,47,107.24,5071.72,Month-to-month,DSL,2,7.0,Bank transfer,No
C02741,28,Male,East,56,126.52,7146.19,Month-to-month,Fiber optic,0,1.0,Credit card,No
C02742,23,Male,Central,40,44.64,1758.22,One year,Fiber optic,4,8.0,Credit card,No
C02743,47,Female,South,12,48.65,596.62,Month-to-month,No,4,5.0,Credit card,No
C02744,71,Male,North,63,91.81,5500.84,Two year,Fiber optic,5,1.0,Credit card,Yes
C02745,29,Male,South,21,122.04,2572.77,Month-to-month,No,0,1.0,Bank transfer,Yes
C02746,41,Male,Central,2,34.08,51.9,One year,Fiber optic,3,1.0,Bank transfer,No
C02747,30,Female,South,3,122.85,186.64,Two year,Fiber optic,2,5.0,Electronic check,Yes
C02748,64,Male,West,56,64.46,3689.0,One year,Fiber optic,2,6.0,Credit card,No
C02749,41,Female,Central,28,71.72,1934.02,Month-to-month,Fiber optic,6,3.0,Electronic check,No
C02750,73,Female,South,2,64.08,162.53,Month-to-month,DSL,1,10.0,Bank transfer,No
C02751,31,Female,West,59,129.82,7732.59,Month-to-month,No,0,1.0,Mailed check,No
C02752,22,Male,South,22,40.04,930.2,Month-to-month,Fiber optic,0,10.0,Credit card,No
C02753,51,Male,South,71,91.04,6262.72,Two year,Fiber optic,1,2.0,Credit card,No
C02754,55,Male,South,64,42.03,2632.3,Month-to-month,Fiber optic,3,2.0,Electronic check,No
C02755,74,Male,West,4,131.79,827.16,Month-to-month,DSL,3,5.0,Electronic check,No
C02756,67,Female,Central,50,116.76,6047.33,One year,Fiber optic,2,8.0,Credit card,No
C02757,68,Male,South,44,51.89,2408.34,Month-to-month,Fiber optic,1,7.0,Mailed check,No
C02758,54,Male,South,13,59.24,811.27,Two year,No,1,8.0,Credit card,No
C02759,38,Female,Central,25,68.87,1573.54,Month-to-month,Fiber optic,2,5.0,Mailed check,No
C02760,42,Male,East,36,71.62,2553.98,Month-to-month,Fiber optic,2,9.0,Credit card,No
C02761,25,Male,East,11,118.99,1245.52,One year,Fiber optic,4,8.0,Electronic check,No
C02762,42,Female,West,52,89.92,4663.14,Month-to-month,No,2,1.0,Credit card,Yes
C02763,38,Female,North,20,74.21,1267.23,Two year,No,3,6.0,Electronic check,No
C02764,20,Female,Central,68,107.74,7469.49,Month-to-month,Fiber optic,0,10.0,Electronic check,No
C02765,29,Male,South,58,77.65,4203.7,Month-to-month,Fiber optic,0,8.0,Electronic check,No
C02766,48,Female,West,46,39.75,1957.07,Month-to-month,Fiber optic,2,9.0,Credit card,No
C02767,39,Female,East,9,37.36,467.67,Month-to-month,No,0,8.0,Electronic check,No
C02768,74,Male,West,2,62.49,424.98,One year,No,2,7.0,Mailed check,No
C02769,45,Male,West,11,94.33,1000.16,Month-to-month,Fiber optic,3,4.0,Bank transfer,Yes
C02770,72,Female,North,36,40.51,1380.36,One year,Fiber optic,3,1.0,Bank transfer,No
C02771,55,Male,North,57,88.27,5049.44,Two year,DSL,3,4.0,Credit card,No
C02772,20,Male,Central,12,56.01,756.09,Month-to-month,DSL,2,3.0,Electronic check,No
C02773,29,Female,East,51,104.97,5339.94,One year,DSL,3,8.0,Bank transfer,No
C02774,58,Female,South,4,28.25,28.25,Month-to-month,DSL,2,4.0,Electronic check,Yes
C02775,49,Male,North,20,78.94,1662.58,One year,Fiber optic,0,4.0,Credit card,No
C02776,35,Female,North,44,31.01,1364.34,Month-to-month,Fiber optic,2,9.0,Electronic check,No
C02777,47,Female,Central,60,63.01,3629.37,One year,Fiber optic,3,2.0,Credit card,No
C02778,69,Female,Central,56,26.79,1256.51,Month-to-month,Fiber optic,5,8.0,Credit card,No
C02779,40,Male,South,39,78.95,3379.05,Month-to-month,DSL,2,4.0,Credit card,Yes
C02780,20,Male,South,3,113.21,464.44,Month-to-month,Fiber optic,1,10.0,Bank transfer,No
C02781,35,Female,East,22,36.53,887.57,Month-to-month,DSL,2,10.0,Electronic check,No
C02782,71,Male,North,57,109.55,6227.1,Two year,DSL,1,5.0,Electronic check,No
C02783,61,Female,East,6,92.18,656.58,Month-to-month,No,1,8.0,Credit card,No
C02784,65,Female,West,51,83.03,4076.69,Two year,DSL,0,10.0,Bank transfer,No
C02785,69,Male,Central,51,93.94,4820.85,Month-to-month,Fiber optic,1,7.0,Electronic check,No
C02786,24,Female,South,55,63.63,3536.1,Month-to-month,Fiber optic,3,9.0,Mailed check,No
C02787,34,Female,North,16,106.69,1552.91,Month-to-month,Fiber optic,1,7.0,Electronic check,No
C02788,21,Female,North,18,114.66,2048.21,Month-to-month,Fiber optic,5,1.0,Electronic check,Yes
C02789,18,Female,South,15,114.5,1655.59,Two year,Fiber optic,3,7.0,Credit card,No
C02790,65,Female,West,29,55.99,1509.12,Month-to-month,Fiber optic,1,3.0,Electronic check,No
C02791,71,Female,North,38,100.2,3726.77,Two year,Fiber optic,1,6.0,Credit card,No
C02792,26,Female,West,9,42.03,122.24,Month-to-month,No,3,8.0,Electronic check,No
C02793,59,Female,East,41,81.97,3520.19,Month-to-month,DSL,2,2.0,Credit card,No
C02794,48,Male,West,18,25.3,689.75,Month-to-month,Fiber optic,1,7.0,Electronic check,No
C02795,21,Male,East,41,47.26,1798.71,One year,DSL,1,6.0,Electronic check,No
C02796,70,Male,North,22,97.65,2314.8,Month-to-month,DSL,1,3.0,Credit card,Yes
C02797,67,Female,North,69,125.55,8658.15,Two year,No,2,8.0,Bank transfer,No
C02798,50,Male,East,23,30.64,703.19,Month-to-month,Fiber optic,1,8.0,Bank transfer,No
C02799,58,Female,East,63,89.23,5427.2,Month-to-month,DSL,3,1.0,Credit card,No
C02800,40,Male,Central,13,98.23,1193.33,One year,Fiber optic,1,4.0,Mailed check,No
C02801,63,Male,Central,7,132.22,1005.46,One year,DSL,3,1.0,Electronic check,No
C02802,43,Male,North,14,100.34,1258.46,Two year,Fiber optic,4,7.0,Mailed check,No
C02803,74,Female,South,31,36.85,1031.1,Month-to-month,Fiber optic,1,9.0,Mailed check,No
C02804,21,Female,South,65,41.88,2645.98,One year,No,3,10.0,Credit card,No
C02805,27,Female,North,13,98.11,975.43,Month-to-month,DSL,2,4.0,Electronic check,No
C02806,73,Female,North,57,49.8,2887.84,Two year,Fiber optic,1,3.0,Mailed check,No
C02807,34,Male,North,51,131.76,6815.31,Month-to-month,No,1,4.0,Credit card,No
C02808,35,Female,East,25,130.88,3326.69,Two year,No,1,1.0,Electronic check,Yes
C02809,63,Male,North,25,134.1,3493.93,Month-to-month,DSL,3,4.0,Mailed check,No
C02810,28,Male,North,69,58.69,3983.01,One year,Fiber optic,1,7.0,Credit card,No
C02811,47,Female,North,52,107.45,5859.08,Two year,No,2,1.0,Credit card,No
C02812,34,Female,West,18,101.25,1695.78,Two year,Fiber optic,3,8.0,Credit card,No
C02813,29,Male,West,66,29.09,1886.27,Month-to-month,Fiber optic,2,9.0,Mailed check,No
C02814,72,Female,Central,30,55.54,1617.72,Month-to-month,Fiber optic,4,4.0,Credit card,Yes
C02815,29,Male,North,6,48.78,320.62,Two year,No,2,8.0,Mailed check,No
C02816,23,Female,South,59,67.64,3954.82,One year,Fiber optic,2,5.0,Electronic check,No
C02817,56,Female,East,63,134.6,8464.36,One year,DSL,4,10.0,Credit card,No
C02818,67,Female,West,32,122.24,3809.91,Month-to-month,Fiber optic,2,6.0,Credit card,No
C02819,25,Female,North,51,58.74,2929.97,Month-to-month,Fiber optic,4,6.0,Electronic check,No
C02820,58,Female,South,17,85.95,1161.15,Month-to-month,Fiber optic,0,9.0,Electronic check,Yes
C02821,48,Male,East,62,47.11,3041.19,One year,DSL,2,3.0,Electronic check,No
C02822,65,Female,North,27,56.9,1383.0,Month-to-month,Fiber optic,5,7.0,Electronic check,No
C02823,25,Male,South,20,32.48,576.0,Month-to-month,Fiber optic,1,9.0,Bank transfer,No
C02824,73,Male,West,37,98.9,3500.34,Two year,No,0,3.0,Electronic check,No
C02825,53,Female,East,20,100.55,2096.45,Month-to-month,Fiber optic,2,9.0,Bank transfer,No
C02826,66,Female,East,45,121.43,5382.84,Two year,Fiber optic,1,3.0,Mailed check,No
C02827,38,Male,East,54,125.23,6462.42,Month-to-month,Fiber optic,2,7.0,Bank transfer,No
C02828,71,Male,Central,30,43.41,1344.41,Month-to-month,DSL,2,4.0,Bank transfer,Yes
C02829,53,Female,East,57,110.45,6183.56,Month-to-month,Fiber optic,1,7.0,Credit card,No
C02830,25,Male,East,32,40.49,1292.17,Month-to-month,DSL,4,2.0,Mailed check,Yes
C02831,70,Male,Central,70,67.98,4883.43,One year,Fiber optic,4,9.0,Bank transfer,No
C02832,63,Male,North,20,84.29,1537.67,Month-to-month,Fiber optic,2,2.0,Electronic check,Yes
C02833,35,Male,North,51,30.69,1557.56,Month-to-month,DSL,3,4.0,Bank transfer,No
C02834,49,Female,East,39,43.03,1562.42,Month-to-month,Fiber optic,4,9.0,Bank transfer,No
C02835,40,Female,South,68,56.18,3968.24,One year,No,1,1.0,Bank transfer,No
C02836,48,Female,South,16,39.67,646.56,Two year,DSL,1,,Electronic check,No
C02837,73,Male,North,15,132.42,1982.84,Month-to-month,No,1,5.0,Credit card,Yes
C02838,69,Female,Central,63,58.16,3477.94,Month-to-month,DSL,2,3.0,Mailed check,No
C02839,30,Female,West,65,82.63,5483.48,Month-to-month,DSL,0,9.0,Mailed check,No
C02840,73,Male,West,54,139.6,7669.96,One year,Fiber optic,3,9.0,Credit card,No
C02841,42,Male,North,35,90.16,3040.68,Month-to-month,DSL,0,9.0,Credit card,No
C02842,58,Male,South,30,72.32,2192.68,Month-to-month,No,1,6.0,Electronic check,No
C02843,61,Female,West,48,131.93,6420.84,One year,Fiber optic,4,2.0,Bank transfer,No
C02844,45,Female,East,54,50.59,3031.86,Month-to-month,Fiber optic,1,8.0,Electronic check,No
C02845,44,Male,West,20,45.64,971.47,One year,Fiber optic,1,8.0,Mailed check,No
C02846,44,Male,West,1,86.57,86.57,Month-to-month,Fiber optic,2,9.0,Credit card,Yes
C02847,67,,East,6,74.14,421.49,Two year,Fiber optic,3,8.0,Electronic check,No
C02848,40,Female,West,25,116.65,2901.82,Month-to-month,Fiber optic,4,4.0,Electronic check,No
C02849,33,Male,South,50,29.83,1606.59,Month-to-month,No,0,5.0,Credit card,No
C02850,38,Male,North,32,96.04,2940.97,Month-to-month,Fiber optic,1,7.0,Credit card,No
C02851,29,Male,Central,45,106.73,4942.75,Month-to-month,Fiber optic,1,8.0,Bank transfer,Yes
C02852,40,Female,North,34,136.77,4418.99,One year,Fiber optic,3,,Credit card,No
C02853,24,Male,South,19,41.76,893.39,Month-to-month,Fiber optic,1,3.0,Credit card,Yes
C02854,23,Female,North,54,53.32,3021.0,Month-to-month,Fiber optic,0,10.0,Electronic check,No
C02855,59,Female,South,53,132.23,7129.12,One year,Fiber optic,1,10.0,Electronic check,No
C02856,22,Female,South,70,97.52,6866.96,Month-to-month,Fiber optic,5,3.0,Electronic check,Yes
C02857,50,Male,North,60,29.38,1822.03,One year,DSL,1,1.0,Credit card,No
C02858,62,Male,East,28,33.89,888.89,One year,No,2,7.0,Bank transfer,No
C02859,59,Male,Central,51,115.33,5713.09,Month-to-month,Fiber optic,3,1.0,Electronic check,Yes
C02860,43,Female,North,26,90.26,2384.22,One year,Fiber optic,1,2.0,Bank transfer,Yes
C02861,29,Female,Central,63,90.02,5681.61,Two year,No,0,6.0,Electronic check,No
C02862,71,Female,East,44,126.18,5690.47,One year,No,5,4.0,Electronic check,No
C02863,65,Female,East,61,52.73,3195.34,Month-to-month,No,3,1.0,Electronic check,No
C02864,52,Female,East,21,43.45,936.29,Month-to-month,DSL,1,4.0,Credit card,No
C02865,22,Male,South,2,95.59,234.29,Two year,Fiber optic,2,7.0,Electronic check,Yes
C02866,20,Female,North,11,126.48,1477.14,One year,Fiber optic,5,8.0,Mailed check,Yes
C02867,35,Female,East,39,55.5,2306.79,Month-to-month,Fiber optic,2,8.0,Electronic check,No
C02868,26,Male,Central,70,103.35,7091.44,Month-to-month,Fiber optic,1,3.0,Credit card,Yes
C02869,67,Female,East,46,42.52,2061.18,One year,Fiber optic,2,7.0,Mailed check,No
C02870,29,Male,East,59,44.77,2614.34,One year,Fiber optic,5,4.0,Electronic check,No
C02871,34,,West,34,128.67,4471.17,Two year,No,3,7.0,Credit card,No
C02872,73,Male,South,70,38.57,2921.67,Two year,Fiber optic,2,1.0,Bank transfer,No
C02873,64,Male,North,68,27.8,1590.4,Month-to-month,No,3,5.0,Electronic check,No
C02874,30,Male,East,16,114.12,2008.09,One year,No,2,4.0,Electronic check,No
C02875,39,Male,Central,63,66.69,4183.71,Month-to-month,Fiber optic,2,7.0,Bank transfer,No
C02876,47,Female,South,2,70.62,70.62,Month-to-month,No,3,3.0,Electronic check,No
C02877,55,Male,Central,43,116.98,4964.51,Month-to-month,DSL,0,3.0,Electronic check,Yes
C02878,71,Male,Central,32,45.69,1307.37,Two year,DSL,2,6.0,Credit card,Yes
C02879,67,Female,South,22,99.79,2271.5,Month-to-month,No,3,7.0,Electronic check,No
C02880,73,Male,East,68,61.06,3996.86,Month-to-month,Fiber optic,2,5.0,Mailed check,No
C02881,20,Male,West,48,36.99,1956.17,Month-to-month,Fiber optic,6,9.0,Mailed check,No
C02882,31,Male,East,10,104.06,1144.39,Month-to-month,No,1,10.0,Mailed check,No
C02883,50,Female,West,11,61.65,712.22,Month-to-month,Fiber optic,4,7.0,Electronic check,Yes
C02884,20,Male,Central,9,124.66,821.94,Month-to-month,DSL,1,6.0,Mailed check,Yes
C02885,38,Female,West,22,130.69,2676.8,Month-to-month,DSL,1,6.0,Bank transfer,No
C02886,26,Male,Central,5,122.64,601.18,Month-to-month,Fiber optic,5,1.0,Credit card,Yes
C02887,71,Male,Central,20,62.07,1237.55,One year,DSL,2,5.0,Bank transfer,Yes
C02888,21,Female,Central,56,52.21,3064.73,One year,DSL,1,9.0,Bank transfer,No
C02889,26,Female,Central,63,127.67,7743.21,Two year,No,1,7.0,Credit card,No
C02890,29,Male,South,57,77.09,4280.25,Month-to-month,Fiber optic,2,1.0,Credit card,No
C02891,26,Male,North,36,106.39,3955.6,Month-to-month,Fiber optic,1,2.0,Credit card,Yes
C02892,50,Female,North,51,120.12,6075.54,Month-to-month,DSL,2,9.0,Electronic check,No
C02893,38,Male,South,68,56.93,3801.14,Two year,Fiber optic,2,8.0,Electronic check,No
C02894,70,Male,West,4,38.7,38.7,Month-to-month,Fiber optic,2,5.0,Credit card,No
C02895,32,Female,East,66,96.86,6551.54,Month-to-month,Fiber optic,1,10.0,Credit card,No
C02896,48,Male,East,53,92.87,4849.36,Two year,Fiber optic,2,1.0,Bank transfer,Yes
C02897,55,Female,North,28,56.07,1734.01,Two year,DSL,2,8.0,Bank transfer,No
C02898,53,Female,West,33,92.24,3263.78,Month-to-month,DSL,1,10.0,Credit card,No
C02899,63,Female,South,32,115.89,3906.05,One year,DSL,1,5.0,Electronic check,No
C02900,29,Male,West,12,65.25,778.14,Month-to-month,Fiber optic,0,5.0,Credit card,No
C02901,46,Male,North,17,52.87,826.16,Month-to-month,DSL,3,3.0,Electronic check,No
C02902,63,Male,South,22,108.38,2301.52,Month-to-month,DSL,5,9.0,Bank transfer,Yes
C02903,67,Male,North,1,115.38,410.63,Two year,DSL,4,8.0,Credit card,Yes
C02904,53,Female,South,37,134.74,4953.6,Month-to-month,No,4,5.0,Mailed check,Yes
C02905,55,Female,Central,35,41.97,1626.92,One year,Fiber optic,2,3.0,Electronic check,No
C02906,67,Female,East,24,127.27,3126.84,Month-to-month,Fiber optic,1,5.0,Bank transfer,Yes
C02907,53,Female,East,13,112.99,1407.14,One year,Fiber optic,1,5.0,Credit card,Yes
C02908,72,Female,South,70,105.72,7362.44,One year,Fiber optic,1,4.0,Electronic check,Yes
C02909,25,Male,South,49,61.0,3166.51,One year,DSL,2,9.0,Credit card,No
C02910,37,Male,West,35,27.55,968.94,Two year,Fiber optic,0,4.0,Electronic check,No
C02911,24,Male,Central,53,83.37,4350.54,One year,Fiber optic,3,2.0,Electronic check,No
C02912,23,Female,West,27,57.86,1441.19,One year,Fiber optic,1,8.0,Credit card,No
C02913,44,Male,West,16,58.33,981.29,Month-to-month,DSL,2,8.0,Credit card,No
C02914,30,Female,East,49,131.62,6371.91,Two year,No,1,1.0,Credit card,No
C02915,41,Male,North,56,42.59,2474.12,Month-to-month,Fiber optic,1,7.0,Credit card,No
C02916,42,Female,West,47,132.44,6524.68,Month-to-month,DSL,1,5.0,Electronic check,Yes
C02917,53,Female,Central,41,82.94,3478.25,Month-to-month,No,1,7.0,Credit card,No
C02918,71,Male,East,1,121.4,392.02,Month-to-month,DSL,0,3.0,Credit card,Yes
C02919,66,Male,North,46,57.61,2542.84,One year,DSL,1,2.0,Credit card,No
C02920,39,Male,West,45,97.9,4508.1,Month-to-month,DSL,2,6.0,Credit card,No
C02921,36,Male,Central,30,89.01,2858.65,Month-to-month,No,2,1.0,Electronic check,Yes
C02922,61,Male,South,18,131.28,2570.01,Two year,DSL,1,3.0,Credit card,No
C02923,25,Female,North,71,45.62,3430.91,Two year,Fiber optic,2,1.0,Electronic check,No
C02924,48,,West,28,48.53,1361.33,Month-to-month,Fiber optic,2,4.0,Electronic check,Yes
C02925,42,Male,South,20,134.13,2816.09,Two year,Fiber optic,0,10.0,Credit card,No
C02926,28,Female,West,51,36.27,1697.13,Month-to-month,Fiber optic,0,6.0,Credit card,No
C02927,53,Female,West,35,97.99,3670.72,Month-to-month,DSL,3,,Electronic check,No
C02928,36,Male,South,41,31.96,1167.54,Two year,Fiber optic,4,8.0,Electronic check,Yes
C02929,28,Female,North,47,33.85,1779.07,One year,Fiber optic,1,2.0,Credit card,No
C02930,55,Male,East,27,93.67,2685.62,One year,Fiber optic,0,10.0,Credit card,No
C02931,27,Male,East,11,88.41,1128.09,Month-to-month,DSL,4,2.0,Bank transfer,Yes
C02932,56,Male,Central,13,90.9,1481.7,Month-to-month,Fiber optic,0,3.0,Bank transfer,No
C02933,27,Male,South,68,79.47,5561.82,Month-to-month,Fiber optic,1,7.0,Electronic check,No
C02934,42,Male,South,37,110.37,3884.7,Two year,Fiber optic,1,5.0,Bank transfer,No
C02935,64,Female,Central,31,139.1,4400.58,Month-to-month,Fiber optic,0,3.0,Mailed check,No
C02936,31,Male,West,23,56.71,1020.93,Month-to-month,Fiber optic,1,4.0,Mailed check,No
C02937,61,Male,West,52,62.2,3220.73,Month-to-month,Fiber optic,0,5.0,Electronic check,No
C02938,59,Male,Central,66,62.15,4038.54,One year,DSL,3,7.0,Mailed check,No
C02939,69,Male,West,56,112.78,6411.36,Month-to-month,Fiber optic,1,8.0,Electronic check,No
C02940,27,Male,Central,39,65.02,2412.33,One year,DSL,3,4.0,Electronic check,No
C02941,58,Female,West,35,102.82,3479.75,Month-to-month,DSL,4,4.0,Credit card,Yes
C02942,71,Female,East,63,76.28,4880.82,Month-to-month,DSL,0,1.0,Electronic check,Yes
C02943,61,Female,North,62,94.9,6060.01,Month-to-month,DSL,4,10.0,Electronic check,No
C02944,28,Male,West,29,120.34,3490.25,Month-to-month,Fiber optic,2,7.0,Electronic check,No
C02945,64,Female,West,70,84.12,6188.4,One year,Fiber optic,1,3.0,Bank transfer,No
C02946,24,Female,Central,60,79.64,4726.91,Two year,Fiber optic,2,1.0,Credit card,Yes
C02947,51,Female,West,61,55.7,3499.66,Month-to-month,Fiber optic,1,10.0,Credit card,No
C02948,46,Male,East,5,84.33,472.84,Month-to-month,Fiber optic,4,1.0,Credit card,Yes
C02949,48,Female,East,10,55.18,500.39,Month-to-month,Fiber optic,3,2.0,Electronic check,Yes
C02950,47,Male,North,22,122.01,2880.93,Two year,No,2,9.0,Credit card,No
C02951,19,Female,North,55,69.72,3701.05,Two year,No,2,4.0,Bank transfer,No
C02952,46,Male,North,6,39.85,39.85,One year,No,3,9.0,Electronic check,Yes
C02953,71,Female,Central,6,52.6,296.68,Month-to-month,No,4,6.0,Mailed check,No
C02954,42,Male,West,3,86.48,220.91,Month-to-month,No,0,6.0,Credit card,No
C02955,33,Female,South,14,130.37,1984.61,Two year,Fiber optic,1,10.0,Bank transfer,No
C02956,74,Male,East,67,59.56,3803.06,Month-to-month,Fiber optic,3,1.0,Credit card,No
C02957,23,Female,East,52,55.4,2959.36,One year,Fiber optic,2,4.0,Bank transfer,No
C02958,45,Male,South,52,71.75,3791.4,Two year,DSL,2,4.0,Bank transfer,No
C02959,47,Female,East,22,136.29,3046.8,One year,Fiber optic,7,8.0,Bank transfer,Yes
C02960,45,Female,South,46,122.2,5777.81,One year,No,4,4.0,Electronic check,No
C02961,70,Male,West,57,42.21,2402.45,Month-to-month,Fiber optic,2,9.0,Electronic check,No
C02962,42,Male,West,39,95.58,3735.45,Two year,DSL,2,8.0,Electronic check,No
C02963,73,Female,North,62,116.06,7263.26,Month-to-month,Fiber optic,2,10.0,Mailed check,No
C02964,21,Male,East,42,113.32,4744.15,Two year,DSL,4,9.0,Credit card,No
C02965,59,Male,Central,24,81.22,1746.29,Month-to-month,Fiber optic,2,8.0,Electronic check,Yes
C02966,51,Female,Central,46,109.16,4959.79,One year,Fiber optic,3,4.0,Electronic check,No
C02967,31,Male,West,68,92.11,6224.64,Two year,Fiber optic,1,8.0,Credit card,No
C02968,30,Male,West,60,48.17,2805.84,One year,Fiber optic,1,5.0,Mailed check,No
C02969,59,Male,North,36,31.45,1084.73,Month-to-month,DSL,2,4.0,Bank transfer,No
C02970,54,Male,Central,43,67.49,2929.01,Month-to-month,Fiber optic,1,3.0,Electronic check,Yes
C02971,52,Male,West,71,32.12,2239.43,One year,DSL,1,9.0,Bank transfer,No
C02972,20,Male,Central,54,70.43,3931.32,One year,Fiber optic,2,8.0,Mailed check,No
C02973,52,Male,Central,37,120.32,4582.28,Month-to-month,Fiber optic,3,1.0,Bank transfer,Yes
C02974,73,Male,South,21,122.09,2263.89,Two year,DSL,1,4.0,Credit card,No
C02975,18,Male,North,66,28.92,1693.75,Two year,No,3,6.0,Bank transfer,No
C02976,44,Male,West,71,33.0,2043.0,Two year,Fiber optic,0,8.0,Bank transfer,No
C02977,46,Male,East,6,102.03,571.11,One year,DSL,1,4.0,Mailed check,No
C02978,69,Female,North,3,82.5,197.1,Two year,Fiber optic,3,8.0,Bank transfer,No
C02979,34,Male,South,9,42.18,402.27,Two year,DSL,2,3.0,Credit card,No
C02980,45,Female,Central,28,117.64,3420.3,Month-to-month,DSL,4,2.0,Electronic check,Yes
C02981,58,Female,South,12,49.9,592.39,Two year,No,0,1.0,Credit card,No
C02982,21,Female,South,64,33.99,2084.93,Month-to-month,Fiber optic,1,9.0,Electronic check,No
C02983,63,Female,West,66,111.19,7337.89,Two year,Fiber optic,0,7.0,Bank transfer,Yes
C02984,64,Male,West,13,94.93,1160.01,One year,Fiber optic,2,9.0,Mailed check,Yes
C02985,59,Female,South,60,70.36,4000.0,One year,No,1,6.0,Electronic check,No
C02986,54,Male,Central,11,104.66,1294.93,Month-to-month,No,3,6.0,Credit card,Yes
C02987,60,Female,East,57,129.81,7462.86,Month-to-month,DSL,0,3.0,Bank transfer,Yes
C02988,62,Male,North,27,28.93,998.45,Month-to-month,DSL,1,1.0,Electronic check,No
C02989,69,Male,South,3,97.18,105.98,One year,Fiber optic,1,8.0,Credit card,No
C02990,42,Male,Central,31,50.09,1310.57,Two year,Fiber optic,1,2.0,Bank transfer,No
C02991,43,Male,North,60,79.53,4631.41,Month-to-month,Fiber optic,3,9.0,Electronic check,No
C02992,54,Male,North,68,73.76,5075.51,Month-to-month,DSL,2,1.0,Bank transfer,No
C02993,29,Female,West,9,69.85,757.49,One year,Fiber optic,3,10.0,Credit card,No
C02994,66,Male,East,61,46.89,2903.23,Month-to-month,DSL,1,5.0,Bank transfer,No
C02995,61,Female,South,22,117.3,2602.14,Month-to-month,Fiber optic,1,3.0,Electronic check,No
C02996,53,Male,East,34,68.64,2461.94,Month-to-month,Fiber optic,1,3.0,Electronic check,No
C02997,35,Female,North,8,127.03,947.33,One year,DSL,1,7.0,Electronic check,No
C02998,37,Male,South,71,65.79,4829.56,One year,No,3,9.0,Credit card,No
C02999,42,Male,South,57,121.57,7227.24,Two year,Fiber optic,2,5.0,Electronic check,Yes
C03000,55,Male,East,47,87.61,3958.26,Month-to-month,Fiber optic,3,5.0,Bank transfer,No
C03001,62,Female,West,53,69.35,3637.44,Month-to-month,No,2,9.0,Credit card,No
C03002,56,Female,Central,63,105.96,6467.0,One year,DSL,1,5.0,Bank transfer,No
C03003,71,Male,North,11,115.47,1125.39,Two year,DSL,0,4.0,Bank transfer,No
C03004,72,Male,South,18,80.51,1508.06,Month-to-month,DSL,1,10.0,Credit card,No
C03005,58,Female,South,3,73.92,73.92,Two year,DSL,2,9.0,Electronic check,No
C03006,39,Female,East,36,91.4,3173.46,One year,No,0,6.0,Electronic check,No
C03007,52,Male,East,36,92.29,3480.48,Two year,No,1,1.0,Bank transfer,Yes
C03008,42,Male,Central,3,73.93,255.31,Month-to-month,Fiber optic,1,4.0,Credit card,No
C03009,53,Male,Central,48,112.13,5497.44,Month-to-month,Fiber optic,1,10.0,Electronic check,No
C03010,64,Female,West,1,70.97,70.97,Month-to-month,No,2,10.0,Bank transfer,Yes
C03011,39,Female,North,58,77.09,4481.38,One year,DSL,0,7.0,Electronic check,Yes
C03012,46,Male,North,51,94.61,5108.12,Two year,DSL,0,5.0,Credit card,No
C03013,20,Male,Central,59,138.49,8071.63,Month-to-month,No,2,9.0,Credit card,No
C03014,59,Male,Central,9,54.98,421.62,Month-to-month,Fiber optic,1,6.0,Electronic check,No
C03015,45,Female,South,63,51.67,3342.46,Month-to-month,DSL,3,1.0,Bank transfer,No
C03016,44,Male,North,40,45.34,1678.63,One year,Fiber optic,2,4.0,Bank transfer,No
C03017,48,Male,West,63,104.29,6677.86,Two year,DSL,2,4.0,Credit card,No
C03018,30,Male,East,51,76.65,3639.65,Month-to-month,Fiber optic,3,7.0,Bank transfer,No
C03019,52,Male,Central,48,69.69,3045.12,One year,Fiber optic,1,3.0,Electronic check,Yes
C03020,60,Female,East,3,48.47,192.58,Month-to-month,DSL,1,8.0,Credit card,No
C03021,37,Male,West,50,127.48,6227.03,Two year,Fiber optic,4,3.0,Credit card,No
C03022,25,Male,West,33,75.96,2421.82,Two year,Fiber optic,1,7.0,Credit card,No
C03023,40,Female,North,62,94.88,6014.05,Month-to-month,Fiber optic,2,4.0,Bank transfer,Yes
C03024,29,,North,50,37.94,1990.63,One year,Fiber optic,4,3.0,Credit card,No
C03025,39,Male,West,6,37.42,40.42,Two year,Fiber optic,3,8.0,Credit card,Yes
C03026,53,Female,North,65,32.75,2206.71,Two year,DSL,4,10.0,Credit card,No
C03027,24,Female,South,5,67.24,291.17,One year,DSL,2,8.0,Bank transfer,No
C03028,60,Male,West,22,79.38,1808.92,Month-to-month,Fiber optic,3,6.0,Electronic check,Yes
C03029,30,Male,South,16,53.13,847.06,One year,Fiber optic,0,10.0,Bank transfer,No
C03030,68,Female,North,71,65.21,4404.39,One year,DSL,3,9.0,Electronic check,No
C03031,59,Male,North,12,25.72,201.67,Month-to-month,No,3,10.0,Electronic check,No
C03032,33,Female,East,61,65.38,3688.18,Two year,No,4,1.0,Bank transfer,Yes
C03033,50,Female,West,16,38.7,646.98,Month-to-month,DSL,2,9.0,Credit card,No
C03034,24,Male,West,47,39.76,1928.25,Two year,DSL,4,6.0,Credit card,Yes
C03035,23,Female,Central,7,25.52,72.98,Month-to-month,Fiber optic,2,7.0,Credit card,Yes
C03036,72,Male,West,29,105.08,3029.96,Month-to-month,DSL,1,10.0,Electronic check,No
C03037,63,Female,West,45,132.1,5798.39,Month-to-month,No,1,6.0,Credit card,Yes
C03038,26,Male,South,52,96.48,5205.42,One year,Fiber optic,2,7.0,Bank transfer,No
C03039,34,Male,South,63,36.06,2078.89,Two year,DSL,2,10.0,Electronic check,No
C03040,29,Female,South,59,138.81,8143.14,Month-to-month,Fiber optic,2,2.0,Bank transfer,No
C03041,40,Female,North,38,137.19,5018.48,Month-to-month,DSL,0,8.0,Electronic check,Yes
C03042,34,Male,Central,22,78.85,1769.92,Two year,Fiber optic,2,8.0,Bank transfer,No
C03043,36,Female,,19,37.4,866.33,One year,DSL,2,,Bank transfer,No
C03044,48,Male,East,72,107.89,7468.08,Month-to-month,No,3,1.0,Mailed check,No
C03045,28,Male,South,44,135.57,6063.18,Two year,Fiber optic,3,7.0,Bank transfer,No
C03046,68,Male,North,66,114.55,7805.03,Month-to-month,No,1,4.0,Bank transfer,No
C03047,59,Male,Central,32,96.78,3116.3,Month-to-month,DSL,3,4.0,Mailed check,Yes
C03048,61,Female,South,35,95.25,3232.54,Month-to-month,Fiber optic,2,3.0,Bank transfer,Yes
C03049,27,Female,North,60,137.46,8241.89,One year,No,2,6.0,Bank transfer,No
C03050,58,Female,South,53,33.41,1688.89,Month-to-month,Fiber optic,1,3.0,Electronic check,No
C03051,65,Male,North,15,42.2,927.64,Two year,Fiber optic,5,1.0,Bank transfer,No
C03052,27,Female,Central,38,120.54,4705.77,Month-to-month,No,2,1.0,Bank transfer,No
C03053,60,Male,North,16,41.69,802.11,Two year,Fiber optic,1,3.0,Mailed check,No
C03054,38,Female,South,55,69.08,4099.4,Month-to-month,No,1,7.0,Bank transfer,No
C03055,62,Female,South,3,57.37,373.79,Month-to-month,Fiber optic,1,6.0,Electronic check,No
C03056,45,Female,North,60,53.0,3161.79,Month-to-month,Fiber optic,1,8.0,Electronic check,No
C03057,63,Female,North,67,27.96,1877.12,Month-to-month,Fiber optic,0,6.0,Electronic check,No
C03058,26,Male,East,2,90.12,480.24,Month-to-month,Fiber optic,6,3.0,Credit card,Yes
C03059,40,Female,South,46,71.14,3161.55,Two year,DSL,3,10.0,Bank transfer,No
C03060,33,Female,North,6,88.43,504.84,Two year,No,5,6.0,Electronic check,No
C03061,32,Male,South,26,60.02,1408.58,One year,Fiber optic,3,7.0,Electronic check,No
C03062,35,Female,South,25,133.27,3059.01,Month-to-month,Fiber optic,3,5.0,Electronic check,Yes
C03063,39,Male,East,38,93.0,3402.04,Two year,No,4,5.0,Bank transfer,No
C03064,25,Male,Central,67,135.54,8952.16,Month-to-month,Fiber optic,3,10.0,Credit card,No
C03065,58,Female,South,34,65.25,2124.73,One year,DSL,1,4.0,Electronic check,No
C03066,49,Female,West,29,25.26,824.38,One year,Fiber optic,2,9.0,Credit card,No
C03067,65,Male,West,7,114.85,802.17,Month-to-month,Fiber optic,1,1.0,Electronic check,Yes
C03068,58,Female,North,64,120.15,7841.25,Month-to-month,DSL,0,10.0,Bank transfer,No
C03069,26,Female,East,23,31.75,752.89,Two year,DSL,0,8.0,Bank transfer,No
C03070,21,Male,East,34,96.92,3322.14,Month-to-month,Fiber optic,5,9.0,Electronic check,Yes
C03071,42,Male,East,7,101.02,663.44,One year,Fiber optic,2,4.0,Bank transfer,Yes
C03072,45,Male,North,21,41.76,1169.0,Two year,No,1,7.0,Bank transfer,No
C03073,31,Female,East,40,88.54,3478.09,Month-to-month,Fiber optic,1,8.0,Electronic check,No
C03074,62,Male,North,65,52.97,3580.55,Month-to-month,Fiber optic,1,1.0,Electronic check,Yes
C03075,51,Female,Central,24,26.89,468.03,Month-to-month,DSL,1,7.0,Electronic check,No
C03076,60,Female,East,41,124.69,5075.77,One year,No,2,9.0,Electronic check,No
C03077,24,Female,North,64,81.54,5518.56,Month-to-month,No,3,9.0,Electronic check,Yes
C03078,64,Male,East,26,114.9,3090.16,Month-to-month,No,3,8.0,Mailed check,Yes
C03079,29,Male,Central,22,108.13,2168.9,Month-to-month,Fiber optic,5,9.0,Electronic check,No
C03080,43,Female,West,4,139.28,402.34,Two year,DSL,2,3.0,Mailed check,Yes
C03081,43,Female,South,66,75.36,5214.08,Two year,Fiber optic,1,7.0,Credit card,No
C03082,64,Male,Central,8,74.17,606.61,One year,Fiber optic,1,3.0,Credit card,No
C03083,33,Female,North,16,57.4,877.11,Two year,Fiber optic,2,9.0,Bank transfer,No
C03084,31,Female,South,11,96.89,948.94,One year,DSL,3,6.0,Bank transfer,No
C03085,37,Female,North,51,80.9,4078.29,Two year,DSL,3,9.0,Mailed check,No
C03086,38,Male,Central,27,108.81,3149.95,Month-to-month,Fiber optic,3,3.0,Electronic check,Yes
C03087,28,Female,West,51,66.0,3261.0,Month-to-month,No,4,4.0,Credit card,No
C03088,28,Female,East,44,40.05,1671.9,Two year,Fiber optic,5,10.0,Electronic check,No
C03089,31,Female,West,2,124.18,338.29,Month-to-month,Fiber optic,3,10.0,Electronic check,No
C03090,44,Male,South,23,120.23,2609.34,Month-to-month,DSL,2,2.0,Electronic check,Yes
C03091,37,Female,North,1,65.37,65.37,One year,Fiber optic,2,4.0,Bank transfer,No
C03092,40,Male,Central,5,104.39,522.89,One year,Fiber optic,0,2.0,Electronic check,Yes
C03093,58,Female,Central,35,81.63,2861.75,Month-to-month,DSL,1,7.0,Bank transfer,No
C03094,31,Male,North,20,112.51,2128.82,Month-to-month,Fiber optic,1,1.0,Bank transfer,Yes
C03095,69,Male,North,7,69.87,560.07,Month-to-month,DSL,1,1.0,Credit card,Yes
C03096,60,Male,East,30,86.6,2630.82,Month-to-month,No,1,6.0,Credit card,No
C03097,27,Male,North,33,31.65,748.42,Month-to-month,No,2,9.0,Bank transfer,No
C03098,35,Male,West,72,45.11,3364.99,Month-to-month,DSL,1,8.0,Electronic check,No
C03099,28,Male,Central,48,114.9,5429.76,One year,Fiber optic,5,7.0,Credit card,No
C03100,33,Female,South,29,68.88,2118.43,Month-to-month,Fiber optic,2,6.0,Electronic check,No
C03101,38,Male,South,35,29.04,1316.4,Month-to-month,DSL,1,2.0,Electronic check,No
C03102,25,Female,Central,7,44.28,299.9,One year,Fiber optic,6,3.0,Credit card,No
C03103,18,Male,South,28,72.33,1928.51,Month-to-month,Fiber optic,2,7.0,Electronic check,No
C03104,43,Female,South,42,107.56,4724.34,Month-to-month,Fiber optic,4,10.0,Credit card,No
C03105,57,Male,North,2,66.8,66.8,Month-to-month,DSL,3,1.0,Bank transfer,Yes
C03106,35,Female,Central,67,110.7,7700.77,One year,Fiber optic,2,4.0,Credit card,No
C03107,67,Male,Central,38,123.68,4630.31,Month-to-month,DSL,2,2.0,Electronic check,No
C03108,39,Male,North,57,64.23,3567.07,Month-to-month,DSL,2,2.0,Electronic check,No
C03109,69,Female,Central,20,117.04,2640.8,One year,DSL,4,4.0,Electronic check,Yes
C03110,31,Female,North,61,39.59,2469.44,Two year,DSL,0,2.0,Credit card,No
C03111,48,Male,North,27,72.76,2207.81,One year,Fiber optic,2,3.0,Credit card,No
C03112,61,Female,South,67,36.22,2422.81,Two year,Fiber optic,2,5.0,Bank transfer,No
C03113,21,Male,East,38,31.04,1164.91,One year,Fiber optic,4,8.0,Electronic check,No
C03114,71,Male,Central,46,32.42,1191.32,Month-to-month,Fiber optic,2,6.0,Bank transfer,No
C03115,38,Male,West,15,37.05,707.51,Month-to-month,DSL,1,6.0,Electronic check,No
C03116,46,Female,North,72,121.11,8777.71,Month-to-month,No,1,7.0,Credit card,No
C03117,53,Male,East,14,87.52,1208.51,Month-to-month,No,0,3.0,Mailed check,No
C03118,54,Male,Central,3,133.95,490.64,Month-to-month,DSL,1,1.0,Bank transfer,Yes
C03119,19,Male,West,32,86.87,2785.58,Month-to-month,Fiber optic,1,1.0,Credit card,No
C03120,67,Female,South,61,97.3,5793.79,One year,DSL,5,9.0,Electronic check,No
C03121,53,Male,North,67,46.22,3151.14,One year,No,3,9.0,Credit card,No
C03122,74,Female,East,62,87.17,5375.94,Month-to-month,Fiber optic,1,4.0,Bank transfer,No
C03123,44,Female,East,40,69.31,2883.56,Month-to-month,DSL,1,8.0,Electronic check,No
C03124,52,Female,South,67,132.12,8810.0,Month-to-month,Fiber optic,1,3.0,Electronic check,No
C03125,43,Female,North,36,132.4,4696.1,Month-to-month,Fiber optic,3,4.0,Credit card,No
C03126,68,Male,North,35,47.83,1592.42,Month-to-month,DSL,4,7.0,Bank transfer,No
C03127,65,Male,East,14,96.32,1215.88,Month-to-month,Fiber optic,0,10.0,Credit card,No
C03128,69,Female,Central,57,98.39,5529.85,Month-to-month,Fiber optic,2,7.0,Electronic check,No
C03129,46,Male,East,23,89.69,2127.66,Two year,DSL,1,10.0,Mailed check,No
C03130,63,Male,East,15,39.3,477.05,Month-to-month,DSL,2,10.0,Mailed check,No
C03131,38,Male,Central,27,100.21,2529.36,One year,No,2,1.0,Bank transfer,No
C03132,44,Female,West,44,116.89,5261.57,Month-to-month,Fiber optic,0,5.0,Electronic check,No
C03133,61,Female,West,20,64.7,1273.28,Month-to-month,Fiber optic,0,5.0,Electronic check,No
C03134,22,Male,East,26,84.17,2303.62,Month-to-month,Fiber optic,0,2.0,Credit card,No
C03135,58,Female,West,24,38.38,888.08,Two year,Fiber optic,2,3.0,Bank transfer,No
C03136,18,Female,East,43,132.03,5591.53,Month-to-month,Fiber optic,2,10.0,Credit card,No
C03137,51,Female,West,52,37.6,1693.72,Month-to-month,Fiber optic,2,2.0,Electronic check,No
C03138,45,Female,West,49,48.96,2229.55,Two year,DSL,3,5.0,Mailed check,Yes
C03139,44,Female,West,11,59.33,521.73,Month-to-month,DSL,2,5.0,Credit card,No
C03140,46,Male,Central,25,119.97,3041.39,Month-to-month,DSL,3,7.0,Mailed check,No
C03141,46,Female,South,47,105.58,4945.91,One year,Fiber optic,2,6.0,Credit card,No
C03142,41,Male,West,16,25.81,259.13,Month-to-month,Fiber optic,6,1.0,Credit card,Yes
C03143,43,Male,North,6,46.11,46.11,Two year,Fiber optic,2,5.0,Electronic check,No
C03144,50,Female,East,24,111.27,2739.87,Month-to-month,Fiber optic,2,4.0,Electronic check,Yes
C03145,61,Female,Central,49,71.44,3632.17,One year,No,3,2.0,Mailed check,No
C03146,49,Male,West,48,28.01,1489.18,Month-to-month,DSL,0,10.0,Bank transfer,No
C03147,54,Female,South,10,135.85,1213.78,One year,Fiber optic,2,6.0,Credit card,Yes
C03148,65,Male,West,49,42.39,2231.13,Two year,Fiber optic,5,10.0,Credit card,No
C03149,74,Male,South,14,83.7,1256.7,Two year,Fiber optic,3,10.0,Electronic check,No
C03150,24,Male,East,54,53.56,2976.42,Two year,Fiber optic,1,10.0,Bank transfer,No
C03151,58,Female,South,41,109.81,4410.8,One year,DSL,1,3.0,Electronic check,No
C03152,30,Male,West,10,114.32,1123.29,Month-to-month,No,4,9.0,Credit card,No
C03153,29,Male,North,26,70.68,2112.41,Month-to-month,Fiber optic,0,1.0,Credit card,Yes
C03154,63,Female,East,59,100.72,6194.08,Month-to-month,No,3,6.0,Credit card,No
C03155,21,Male,Central,32,129.54,4138.04,Month-to-month,Fiber optic,1,9.0,Credit card,Yes
C03156,66,Female,West,50,118.7,5963.75,Month-to-month,No,2,6.0,Mailed check,No
C03157,61,Male,East,54,72.71,3626.34,One year,DSL,3,3.0,Bank transfer,No
C03158,74,Male,Central,3,75.77,407.9,One year,Fiber optic,1,1.0,Mailed check,Yes
C03159,56,Female,North,68,126.99,8747.16,Two year,DSL,3,5.0,Credit card,No
C03160,67,Male,Central,25,28.95,775.51,Month-to-month,DSL,3,8.0,Electronic check,Yes
C03161,24,Male,South,58,27.62,1511.6,One year,DSL,1,10.0,Mailed check,No
C03162,68,Male,Central,34,48.67,1664.74,One year,Fiber optic,0,8.0,Electronic check,No
C03163,27,Male,Central,42,120.18,5267.42,Two year,Fiber optic,4,5.0,Mailed check,No
C03164,35,Male,West,26,42.62,1162.41,One year,Fiber optic,2,8.0,Electronic check,No
C03165,25,Male,West,62,57.81,3884.22,Month-to-month,DSL,0,8.0,Bank transfer,Yes
C03166,40,Female,West,9,97.34,997.78,Month-to-month,DSL,1,4.0,Bank transfer,Yes
C03167,60,Male,South,65,46.19,2864.53,Two year,Fiber optic,2,3.0,Bank transfer,No
C03168,33,Male,North,15,59.86,836.28,One year,Fiber optic,1,3.0,Bank transfer,Yes
C03169,64,Male,South,64,78.69,4929.69,One year,DSL,1,8.0,Electronic check,No
C03170,52,Female,East,2,51.23,231.12,One year,Fiber optic,0,9.0,Credit card,No
C03171,53,Female,West,1,139.13,312.16,One year,Fiber optic,1,2.0,Electronic check,Yes
C03172,71,Female,South,7,43.8,564.04,One year,Fiber optic,2,10.0,Mailed check,No
C03173,42,Male,East,40,122.74,4859.74,Two year,Fiber optic,2,1.0,Credit card,No
C03174,37,Female,North,20,79.06,1651.4,Two year,Fiber optic,1,5.0,Electronic check,No
C03175,74,Male,North,44,39.85,1945.46,Month-to-month,Fiber optic,0,5.0,Electronic check,No
C03176,49,Female,Central,60,38.63,2550.28,Month-to-month,No,2,1.0,Bank transfer,No
C03177,53,Male,Central,2,82.53,82.53,Month-to-month,DSL,2,8.0,Mailed check,No
C03178,34,Male,Central,38,65.65,2587.72,Month-to-month,Fiber optic,3,10.0,Mailed check,No
C03179,30,Female,South,54,51.98,2627.96,Two year,No,3,3.0,Electronic check,No
C03180,27,Male,East,31,135.28,4103.41,Two year,No,2,7.0,Bank transfer,No
C03181,30,Male,West,67,78.29,5049.41,Month-to-month,Fiber optic,0,10.0,Credit card,No
C03182,29,Male,South,48,131.81,6233.74,Month-to-month,DSL,4,7.0,Bank transfer,No
C03183,60,Female,West,3,43.86,43.86,Month-to-month,Fiber optic,4,5.0,Bank transfer,Yes
C03184,21,Female,West,39,46.1,1620.61,Two year,No,3,10.0,Electronic check,No
C03185,53,Female,East,28,93.54,2483.43,One year,Fiber optic,0,5.0,Credit card,No
C03186,72,Female,East,10,56.04,605.86,Month-to-month,DSL,1,7.0,Electronic check,Yes
C03187,61,Male,South,69,46.27,3197.71,Month-to-month,DSL,0,8.0,Credit card,No
C03188,40,,Central,17,35.89,363.53,One year,Fiber optic,2,7.0,Electronic check,No
C03189,21,Male,Central,7,33.77,536.39,Month-to-month,Fiber optic,3,4.0,Electronic check,No
C03190,65,Male,Central,17,111.61,1824.09,Two year,No,3,8.0,Electronic check,No
C03191,18,Male,West,60,57.45,3247.61,Two year,Fiber optic,1,4.0,Electronic check,No
C03192,56,Male,South,44,137.52,6138.26,Month-to-month,Fiber optic,3,5.0,Credit card,No
C03193,56,Male,West,60,46.06,2762.91,Month-to-month,DSL,1,6.0,Credit card,No
C03194,28,Female,South,34,65.76,2113.94,Month-to-month,Fiber optic,3,3.0,Mailed check,No
C03195,60,Male,Central,9,68.11,671.58,Month-to-month,Fiber optic,1,8.0,Credit card,No
C03196,28,Female,South,28,82.52,2209.7,Month-to-month,DSL,1,3.0,Bank transfer,No
C03197,30,Male,East,15,125.12,1832.45,Month-to-month,DSL,2,2.0,Mailed check,Yes
C03198,64,Female,North,41,121.0,5180.84,Month-to-month,DSL,1,8.0,Credit card,Yes
C03199,73,Female,North,20,26.14,541.33,Two year,No,2,9.0,Bank transfer,No
C03200,33,Female,South,70,72.06,5136.32,Month-to-month,DSL,2,3.0,Mailed check,No
C03201,70,Male,East,28,120.21,3287.56,Two year,Fiber optic,4,6.0,Bank transfer,No
C03202,70,,North,23,25.02,598.44,Month-to-month,Fiber optic,0,10.0,Electronic check,No
C03203,61,Female,Central,71,86.37,6016.65,Month-to-month,DSL,2,4.0,Electronic check,No
C03204,25,Female,North,38,54.84,1961.66,Month-to-month,Fiber optic,2,5.0,Electronic check,No
C03205,35,Male,Central,13,72.47,880.25,Month-to-month,No,0,7.0,Bank transfer,No
C03206,56,Female,South,35,73.34,2462.72,Month-to-month,Fiber optic,5,7.0,Bank transfer,No
C03207,74,Male,South,19,70.05,1486.66,Two year,Fiber optic,1,2.0,Electronic check,Yes
C03208,64,Male,North,52,127.57,6720.51,Two year,No,4,1.0,Credit card,Yes
C03209,41,Male,Central,42,86.69,3340.98,Month-to-month,No,1,4.0,Credit card,Yes
C03210,31,Female,West,53,128.93,7091.92,Month-to-month,No,1,5.0,Bank transfer,Yes
C03211,72,Female,North,68,108.58,7479.61,Month-to-month,Fiber optic,1,7.0,Electronic check,No
C03212,33,Male,North,53,65.38,3636.83,One year,Fiber optic,1,4.0,Electronic check,No
C03213,37,Female,West,25,81.76,2018.36,Month-to-month,Fiber optic,0,2.0,Credit card,Yes
C03214,72,Female,Central,15,69.83,823.34,Month-to-month,DSL,1,8.0,Electronic check,No
C03215,50,Male,North,39,120.29,4492.7,Two year,Fiber optic,2,5.0,Bank transfer,No
C03216,33,Female,South,33,46.57,1792.9,Two year,No,4,1.0,Credit card,No
C03217,18,Female,East,23,132.69,2807.78,One year,DSL,2,6.0,Credit card,No
C03218,42,Female,North,59,91.75,5196.41,Month-to-month,No,4,5.0,Bank transfer,Yes
C03219,74,Male,South,66,95.35,6228.18,Month-to-month,No,2,6.0,Electronic check,No
C03220,42,Female,North,28,84.43,2156.32,Month-to-month,DSL,2,9.0,Electronic check,Yes
C03221,57,Male,East,50,88.77,4518.47,One year,DSL,2,2.0,Mailed check,No
C03222,32,Male,West,71,101.78,7318.0,One year,No,1,7.0,Bank transfer,No
C03223,62,Female,East,1,100.33,162.38,Month-to-month,DSL,0,2.0,Electronic check,Yes
C03224,62,Female,South,27,49.63,1247.89,Two year,Fiber optic,3,8.0,Bank transfer,No
C03225,52,Female,East,54,91.98,5010.23,Month-to-month,DSL,2,4.0,Credit card,Yes
C03226,61,Female,East,36,65.78,2635.62,One year,DSL,4,8.0,Credit card,No
C03227,50,Female,North,58,98.26,5483.98,Month-to-month,DSL,5,1.0,Bank transfer,Yes
C03228,39,Female,North,35,88.0,3247.5,Month-to-month,DSL,2,7.0,Electronic check,No
C03229,60,Male,North,5,45.66,349.5,Month-to-month,No,6,3.0,Credit card,Yes
C03230,65,Female,Central,32,109.49,3487.89,One year,DSL,1,4.0,Electronic check,No
C03231,65,Male,West,30,77.56,2351.76,Month-to-month,DSL,2,3.0,Credit card,No
C03232,30,Male,North,61,88.42,5447.13,Month-to-month,Fiber optic,3,4.0,Credit card,No
C03233,56,Female,South,11,102.35,979.37,One year,No,2,8.0,Mailed check,No
C03234,18,Female,East,12,100.08,956.12,One year,Fiber optic,2,1.0,Credit card,Yes
C03235,50,Male,North,11,111.13,1358.41,One year,Fiber optic,6,7.0,Bank transfer,No
C03236,50,Female,Central,41,48.78,1813.24,One year,DSL,0,2.0,Electronic check,No
C03237,38,Female,Central,72,37.69,2549.71,One year,No,0,4.0,Credit card,No
C03238,74,Male,South,45,101.96,4510.86,One year,Fiber optic,2,6.0,Bank transfer,No
C03239,68,Female,,59,52.14,3118.93,Month-to-month,No,1,1.0,Electronic check,Yes
C03240,20,Male,South,62,38.18,2292.26,Month-to-month,Fiber optic,2,9.0,Mailed check,No
C03241,29,Female,East,44,40.09,1655.36,Month-to-month,No,1,7.0,Bank transfer,No
C03242,29,Female,Central,44,60.97,2825.59,Month-to-month,Fiber optic,3,7.0,Mailed check,No
C03243,69,Female,South,18,139.06,2453.1,Month-to-month,Fiber optic,2,10.0,Electronic check,Yes
C03244,47,Female,South,70,43.08,2895.82,Month-to-month,Fiber optic,0,4.0,Credit card,No
C03245,59,Female,South,57,59.33,3441.0,Month-to-month,DSL,0,2.0,Electronic check,No
C03246,64,Female,North,63,130.88,8254.23,One year,No,1,9.0,Mailed check,No
C03247,61,Male,North,71,135.78,9644.69,One year,Fiber optic,0,7.0,Electronic check,No
C03248,23,Male,East,26,51.32,1400.84,One year,No,0,5.0,Bank transfer,No
C03249,25,Male,West,11,126.25,1368.13,Two year,Fiber optic,3,1.0,Bank transfer,Yes
C03250,40,Female,North,62,40.98,2667.47,Month-to-month,No,0,3.0,Mailed check,No
C03251,37,Female,South,35,112.58,3726.04,Month-to-month,DSL,1,6.0,Mailed check,Yes
C03252,60,Male,Central,70,26.5,2041.19,Month-to-month,No,4,1.0,Bank transfer,No
C03253,26,Male,Central,51,71.76,3522.78,Month-to-month,DSL,2,6.0,Electronic check,Yes
C03254,39,Female,West,19,53.44,769.86,Month-to-month,Fiber optic,1,9.0,Bank transfer,No
C03255,31,Female,East,26,105.96,2636.71,Two year,DSL,2,5.0,Credit card,No
C03256,28,Male,East,44,26.85,1128.97,Month-to-month,Fiber optic,2,7.0,Bank transfer,No
C03257,27,Female,South,29,78.46,2165.09,Month-to-month,Fiber optic,1,3.0,Electronic check,Yes
C03258,29,Female,South,21,105.12,2062.75,Month-to-month,No,0,6.0,Bank transfer,No
C03259,50,Female,South,16,30.37,637.51,Month-to-month,No,0,2.0,Credit card,No
C03260,41,Female,West,47,128.2,5894.8,One year,Fiber optic,1,8.0,Bank transfer,No
C03261,42,Female,West,3,66.54,66.54,One year,No,1,6.0,Credit card,No
C03262,45,Female,West,7,44.01,255.5,One year,Fiber optic,0,7.0,Credit card,Yes
C03263,60,Female,West,4,50.93,503.72,One year,Fiber optic,3,4.0,Electronic check,Yes
C03264,67,Female,North,53,63.97,3230.8,Month-to-month,Fiber optic,3,4.0,Electronic check,Yes
C03265,48,Male,West,3,47.81,47.81,Month-to-month,DSL,1,7.0,Mailed check,No
C03266,54,Male,Central,31,83.72,2534.77,One year,DSL,2,7.0,Bank transfer,No
C03267,60,Male,West,9,97.79,1111.74,Month-to-month,Fiber optic,4,7.0,Electronic check,No
C03268,57,Female,East,43,74.84,3164.19,Month-to-month,Fiber optic,2,2.0,Credit card,No
C03269,25,Male,South,3,74.11,74.11,Month-to-month,Fiber optic,3,2.0,Bank transfer,Yes
C03270,74,Female,West,2,114.9,284.26,One year,No,2,3.0,Credit card,Yes
C03271,27,Male,East,30,59.62,1831.9,Month-to-month,DSL,0,4.0,Credit card,No
C03272,41,Male,South,51,96.62,5000.62,Two year,No,3,6.0,Bank transfer,Yes
C03273,55,Male,East,8,127.69,862.17,Month-to-month,No,2,6.0,Electronic check,No
C03274,40,Female,North,36,50.47,1732.25,Month-to-month,Fiber optic,0,1.0,Bank transfer,No
C03275,31,Male,Central,59,96.29,5849.96,Month-to-month,Fiber optic,1,1.0,Credit card,Yes
C03276,70,Female,West,46,134.02,6226.27,Month-to-month,DSL,4,9.0,Bank transfer,No
C03277,22,Female,South,55,85.93,4847.45,Month-to-month,No,1,6.0,Electronic check,No
C03278,32,Female,West,23,137.34,3150.7,One year,Fiber optic,2,1.0,Electronic check,No
C03279,74,Male,North,68,60.66,4283.34,Month-to-month,No,1,9.0,Mailed check,No
C03280,59,Female,South,11,89.89,1032.76,Month-to-month,DSL,2,4.0,Mailed check,Yes
C03281,22,Female,West,44,60.77,2595.35,Month-to-month,Fiber optic,0,7.0,Mailed check,No
C03282,61,Male,North,32,25.43,925.58,Month-to-month,Fiber optic,2,5.0,Bank transfer,No
C03283,73,Male,West,3,139.69,287.81,Two year,Fiber optic,1,2.0,Electronic check,Yes
C03284,23,Female,Central,68,52.61,3809.01,Month-to-month,Fiber optic,3,7.0,Credit card,No
C03285,41,Female,East,51,136.91,7133.63,One year,DSL,2,4.0,Credit card,No
C03286,44,Male,South,17,100.1,1657.79,Month-to-month,DSL,4,2.0,Electronic check,Yes
C03287,25,Male,West,4,128.95,488.05,Month-to-month,DSL,2,3.0,Electronic check,Yes
C03288,29,Male,South,49,136.23,6695.12,Two year,DSL,1,9.0,Electronic check,No
C03289,27,Female,West,40,90.3,3586.07,Month-to-month,DSL,4,6.0,Electronic check,Yes
C03290,28,Male,West,4,139.96,757.69,Two year,DSL,0,5.0,Electronic check,No
C03291,41,Male,North,71,113.24,7959.23,Month-to-month,Fiber optic,4,8.0,Bank transfer,No
C03292,44,Male,North,52,85.24,4207.1,Month-to-month,Fiber optic,1,3.0,Mailed check,No
C03293,31,Male,North,34,100.32,3372.08,Two year,Fiber optic,1,2.0,Credit card,Yes
C03294,34,Male,North,18,47.34,965.0,Month-to-month,Fiber optic,0,1.0,Electronic check,No
C03295,28,Male,South,20,26.27,677.6,Two year,DSL,2,2.0,Electronic check,No
C03296,63,Female,North,33,54.53,1816.56,Two year,Fiber optic,2,10.0,Bank transfer,No
C03297,30,Female,Central,5,75.02,280.02,Month-to-month,Fiber optic,3,10.0,Electronic check,No
C03298,69,Male,Central,27,51.23,1376.6,Month-to-month,DSL,3,5.0,Bank transfer,Yes
C03299,48,Male,North,16,84.11,1247.49,One year,Fiber optic,3,5.0,Electronic check,Yes
C03300,63,Male,South,9,100.66,605.94,Month-to-month,No,0,4.0,Bank transfer,Yes
C03301,54,Female,West,10,100.42,876.39,One year,Fiber optic,2,6.0,Bank transfer,No
C03302,33,Male,West,25,127.78,3271.06,Month-to-month,No,4,2.0,Electronic check,Yes
C03303,52,Male,East,28,136.13,3771.04,Month-to-month,DSL,1,7.0,Mailed check,No
C03304,33,Female,Central,26,127.43,3266.9,Month-to-month,DSL,4,6.0,Credit card,Yes
C03305,24,Male,West,50,96.32,4982.02,One year,DSL,2,10.0,Electronic check,No
C03306,32,Male,West,38,48.66,1704.48,One year,Fiber optic,2,4.0,Credit card,No
C03307,33,Male,East,14,133.5,1739.07,One year,Fiber optic,1,8.0,Credit card,Yes
C03308,25,Male,East,71,45.11,3252.45,Month-to-month,Fiber optic,1,2.0,Mailed check,Yes
C03309,19,Female,South,53,42.41,2140.95,Month-to-month,No,4,1.0,Electronic check,No
C03310,71,Female,East,34,61.52,1984.16,Month-to-month,Fiber optic,1,8.0,Mailed check,Yes
C03311,47,Male,Central,4,90.96,596.23,Month-to-month,DSL,0,9.0,Bank transfer,No
C03312,40,Male,South,66,103.37,6661.61,Month-to-month,Fiber optic,1,9.0,Bank transfer,Yes
C03313,71,Male,North,54,26.53,1322.75,One year,DSL,5,1.0,Electronic check,No
C03314,30,Female,East,34,114.47,3957.81,Month-to-month,Fiber optic,3,4.0,Electronic check,Yes
C03315,40,Male,West,12,45.13,534.22,Month-to-month,No,1,5.0,Mailed check,No
C03316,66,Male,Central,8,59.1,266.78,One year,Fiber optic,4,3.0,Credit card,No
C03317,54,Female,East,21,62.04,1570.44,Month-to-month,DSL,0,3.0,Mailed check,No
C03318,40,Male,West,17,63.23,955.77,Two year,Fiber optic,4,4.0,Credit card,No
C03319,32,Male,South,16,112.44,1762.21,Month-to-month,DSL,2,1.0,Credit card,Yes
C03320,20,Male,East,30,29.71,956.82,Month-to-month,DSL,2,10.0,Mailed check,No
C03321,22,Female,East,4,47.6,490.4,Two year,Fiber optic,1,4.0,Bank transfer,No
C03322,27,Female,South,24,27.57,600.22,One year,DSL,3,6.0,Credit card,No
C03323,62,Female,West,63,114.5,7075.59,One year,DSL,2,8.0,Bank transfer,No
C03324,54,Male,Central,63,138.13,8776.85,Month-to-month,Fiber optic,0,2.0,Electronic check,Yes
C03325,42,Female,South,1,100.85,400.85,Month-to-month,Fiber optic,0,3.0,Credit card,Yes
C03326,62,Female,North,49,92.87,4571.02,One year,Fiber optic,1,7.0,Electronic check,No
C03327,27,Male,Central,72,129.43,9276.14,Month-to-month,No,2,10.0,Mailed check,No
C03328,30,Male,Central,42,54.32,2340.13,One year,DSL,1,5.0,Mailed check,No
C03329,40,Male,Central,29,32.64,646.56,Month-to-month,DSL,2,10.0,Mailed check,No
C03330,70,Female,South,36,83.65,2919.15,Month-to-month,No,5,,Credit card,No
C03331,53,Male,West,16,54.94,605.24,Month-to-month,DSL,4,8.0,Bank transfer,No
C03332,66,Male,West,29,76.87,2175.23,One year,No,2,10.0,Electronic check,No
C03333,32,Female,West,68,77.47,5191.01,Month-to-month,Fiber optic,1,8.0,Credit card,No
C03334,66,Male,Central,45,61.67,2475.15,Two year,Fiber optic,2,2.0,Bank transfer,No
C03335,22,Female,Central,32,80.93,2616.65,Month-to-month,DSL,2,1.0,Electronic check,Yes
C03336,30,Male,East,9,68.72,711.2,Month-to-month,Fiber optic,5,5.0,Electronic check,No
C03337,47,Male,North,66,38.0,2478.99,Month-to-month,No,3,6.0,Bank transfer,No
C03338,20,Female,North,12,124.67,1266.78,One year,DSL,0,7.0,Bank transfer,No
C03339,66,Female,Central,52,105.65,5683.58,One year,Fiber optic,2,10.0,Credit card,No
C03340,67,Male,Central,22,29.75,939.07,Month-to-month,No,2,6.0,Bank transfer,Yes
C03341,48,Female,North,21,38.32,864.75,Month-to-month,Fiber optic,2,3.0,Mailed check,Yes
C03342,35,Female,South,13,36.1,416.18,One year,DSL,2,1.0,Electronic check,Yes
C03343,23,Male,South,28,32.1,847.64,Month-to-month,Fiber optic,3,10.0,Bank transfer,No
C03344,53,Female,South,49,31.79,1622.71,One year,Fiber optic,0,7.0,Credit card,No
C03345,48,Male,West,30,43.07,1305.6,One year,DSL,1,7.0,Credit card,No
C03346,61,Female,,2,122.5,310.33,Month-to-month,No,1,8.0,Electronic check,No
C03347,52,Male,East,20,120.25,2472.49,One year,DSL,0,9.0,Credit card,No
C03348,25,Male,East,12,115.06,1269.99,One year,No,1,9.0,Bank transfer,No
C03349,24,Female,West,29,95.69,2651.58,Month-to-month,DSL,3,9.0,Credit card,No
C03350,62,Female,West,65,108.2,6990.94,Month-to-month,DSL,2,2.0,Electronic check,Yes
C03351,27,Male,North,70,109.93,7765.23,Month-to-month,Fiber optic,0,3.0,Electronic check,No
C03352,71,Female,North,72,127.27,8929.53,One year,DSL,1,1.0,Bank transfer,No
C03353,24,Male,South,9,109.22,948.68,One year,DSL,2,2.0,Credit card,No
C03354,59,Female,East,36,109.69,3943.44,Month-to-month,DSL,2,10.0,Electronic check,No
C03355,73,Female,Central,4,117.47,396.86,Month-to-month,No,1,5.0,Mailed check,No
C03356,43,Female,Central,36,88.98,3413.69,Month-to-month,DSL,3,7.0,Electronic check,No
C03357,21,Female,West,42,49.5,2263.8,Month-to-month,Fiber optic,3,6.0,Bank transfer,No
C03358,67,Female,North,56,34.72,2006.65,Month-to-month,Fiber optic,0,5.0,Electronic check,No
C03359,28,Female,North,25,73.19,2095.31,Month-to-month,Fiber optic,2,2.0,Electronic check,No
C03360,48,Female,East,3,35.54,238.37,Month-to-month,Fiber optic,1,8.0,Electronic check,No
C03361,74,Male,East,33,44.47,1487.63,One year,DSL,3,8.0,Mailed check,No
C03362,60,Female,West,31,27.74,788.4,One year,No,1,2.0,Bank transfer,No
C03363,20,Female,North,45,59.52,2619.11,Month-to-month,Fiber optic,3,4.0,Electronic check,No
C03364,64,Male,Central,8,136.55,1149.48,One year,No,1,10.0,Bank transfer,No
C03365,27,Female,East,45,68.58,3030.33,Month-to-month,Fiber optic,4,9.0,Bank transfer,No
C03366,60,Female,East,29,52.7,1300.76,Month-to-month,No,0,7.0,Credit card,No
C03367,53,Male,North,54,71.4,3798.5,Two year,No,3,10.0,Credit card,No
C03368,34,Male,Central,71,59.65,4389.29,Month-to-month,Fiber optic,2,9.0,Credit card,No
C03369,42,Male,East,17,102.5,1442.5,Month-to-month,No,1,7.0,Electronic check,Yes
C03370,24,Female,South,55,97.96,5598.26,Month-to-month,DSL,0,6.0,Bank transfer,No
C03371,74,Female,South,10,28.14,367.51,One year,DSL,3,,Bank transfer,No
C03372,31,Female,South,71,83.8,5914.64,Month-to-month,Fiber optic,3,9.0,Bank transfer,No
C03373,35,Female,North,35,29.16,1063.75,Two year,Fiber optic,1,10.0,Bank transfer,No
C03374,46,Male,Central,54,102.9,5700.77,Month-to-month,Fiber optic,2,4.0,Bank transfer,Yes
C03375,56,Female,Central,56,132.62,7431.73,Month-to-month,Fiber optic,3,4.0,Bank transfer,Yes
C03376,46,Male,Central,44,129.36,5834.14,Month-to-month,Fiber optic,6,2.0,Mailed check,Yes
C03377,46,Male,South,28,48.66,1490.1,One year,No,0,1.0,Credit card,Yes
C03378,51,Male,East,55,110.4,6098.27,Month-to-month,Fiber optic,0,4.0,Bank transfer,No
C03379,66,Female,East,35,116.2,3900.39,Two year,DSL,0,3.0,Bank transfer,Yes
C03380,40,Male,East,48,124.4,5956.54,Two year,Fiber optic,0,9.0,Electronic check,Yes
C03381,65,Male,East,45,54.85,2168.25,Month-to-month,Fiber optic,3,5.0,Credit card,Yes
C03382,62,Male,East,34,76.85,2679.76,Month-to-month,No,1,7.0,Bank transfer,No
C03383,72,Male,West,9,50.47,391.28,Month-to-month,DSL,1,3.0,Electronic check,Yes
C03384,70,Female,North,22,27.8,519.31,One year,DSL,2,5.0,Credit card,No
C03385,63,Female,North,68,100.79,6952.05,One year,No,0,9.0,Electronic check,No
C03386,32,Female,Central,38,74.62,2645.0,Month-to-month,DSL,3,3.0,Electronic check,No
C03387,62,Female,Central,46,53.53,2479.2,Two year,Fiber optic,0,4.0,Credit card,No
C03388,59,,Central,19,122.42,2275.01,Month-to-month,Fiber optic,2,6.0,Electronic check,Yes
C03389,34,Female,South,51,82.0,4154.94,One year,Fiber optic,4,3.0,Bank transfer,No
C03390,56,Male,East,36,139.39,5060.68,Two year,No,0,6.0,Bank transfer,No
C03391,32,Female,North,16,116.24,2133.36,Month-to-month,Fiber optic,1,7.0,Electronic check,No
C03392,47,Female,South,11,124.96,1434.33,Month-to-month,DSL,5,6.0,Electronic check,Yes
C03393,63,Female,West,29,113.93,3507.71,Month-to-month,Fiber optic,1,2.0,Electronic check,No
C03394,28,Male,South,41,37.18,1733.7,Two year,DSL,2,8.0,Credit card,No
C03395,37,Male,East,21,32.48,797.53,Month-to-month,DSL,1,9.0,Bank transfer,No
C03396,63,Female,North,18,130.23,2067.55,Two year,Fiber optic,1,3.0,Credit card,Yes
C03397,43,Female,East,20,40.89,781.85,Month-to-month,Fiber optic,2,2.0,Electronic check,Yes
C03398,72,Male,West,22,69.99,1376.18,Month-to-month,Fiber optic,0,6.0,Credit card,No
C03399,18,Female,East,54,95.14,5437.56,Two year,Fiber optic,2,2.0,Mailed check,No
C03400,59,Male,East,36,49.37,1626.75,Month-to-month,Fiber optic,1,4.0,Mailed check,Yes
C03401,64,Female,Central,34,50.91,1506.35,One year,Fiber optic,2,7.0,Bank transfer,No
C03402,70,Male,South,12,78.62,643.44,Month-to-month,No,3,3.0,Electronic check,No
C03403,26,Male,South,40,66.5,2504.56,Month-to-month,DSL,2,4.0,Electronic check,No
C03404,74,Female,West,70,102.81,7215.13,Month-to-month,No,0,4.0,Credit card,No
C03405,40,Female,East,54,33.63,1979.11,Month-to-month,Fiber optic,2,8.0,Credit card,Yes
C03406,38,Male,Central,33,81.21,2519.4,One year,Fiber optic,2,9.0,Bank transfer,No
C03407,38,Male,North,23,45.04,1211.64,Month-to-month,Fiber optic,1,9.0,Electronic check,No
C03408,54,Female,North,26,94.77,2454.47,Month-to-month,Fiber optic,2,2.0,Mailed check,Yes
C03409,55,Male,South,2,38.36,38.36,Month-to-month,Fiber optic,3,8.0,Bank transfer,Yes
C03410,45,Female,East,3,47.73,169.12,One year,No,0,3.0,Mailed check,No
C03411,22,Female,Central,56,117.45,6789.84,One year,No,2,9.0,Mailed check,No
C03412,74,Female,East,61,52.04,3182.11,One year,Fiber optic,5,6.0,Credit card,No
C03413,30,Male,East,70,109.76,7516.96,Two year,Fiber optic,5,10.0,Bank transfer,No
C03414,23,Male,North,46,56.4,2658.02,Month-to-month,Fiber optic,1,5.0,Bank transfer,No
C03415,52,Female,East,67,52.03,3547.23,Month-to-month,Fiber optic,0,4.0,Electronic check,No
C03416,41,Male,East,30,59.4,1753.46,Month-to-month,DSL,1,9.0,Electronic check,No
C03417,53,Female,East,19,126.31,2553.12,Month-to-month,DSL,1,4.0,Electronic check,Yes
C03418,67,Male,West,18,70.67,972.06,One year,Fiber optic,3,8.0,Credit card,No
C03419,23,Female,East,18,53.03,1008.1,One year,DSL,2,1.0,Credit card,No
C03420,34,Male,North,54,86.71,4799.99,Month-to-month,Fiber optic,3,7.0,Electronic check,No
C03421,47,Female,North,1,69.35,69.35,Two year,DSL,4,10.0,Credit card,No
C03422,62,Female,North,69,115.87,7772.54,Month-to-month,DSL,2,3.0,Bank transfer,No
C03423,52,Male,West,56,138.9,7928.12,One year,Fiber optic,1,10.0,Bank transfer,No
C03424,39,Male,Central,28,85.56,2571.85,Month-to-month,Fiber optic,2,1.0,Electronic check,No
C03425,52,Male,Central,51,76.95,4128.42,One year,No,4,2.0,Bank transfer,Yes
C03426,73,Male,South,10,64.45,540.55,Month-to-month,DSL,1,4.0,Mailed check,No
C03427,45,Male,North,32,136.93,4411.92,Two year,DSL,1,4.0,Credit card,No
C03428,68,Male,West,8,80.58,694.63,Two year,DSL,5,7.0,Credit card,Yes
C03429,62,Female,North,9,45.47,153.15,Month-to-month,Fiber optic,0,9.0,Electronic check,Yes
C03430,35,Female,West,1,136.46,160.05,Month-to-month,DSL,2,2.0,Bank transfer,Yes
C03431,32,Male,South,58,135.5,7879.81,One year,Fiber optic,3,8.0,Mailed check,No
C03432,61,Male,Central,54,75.11,4167.74,One year,DSL,1,9.0,Electronic check,No
C03433,29,Male,West,65,65.04,4141.86,Month-to-month,No,1,6.0,Bank transfer,No
C03434,37,Female,West,71,103.25,7518.32,One year,Fiber optic,2,10.0,Electronic check,No
C03435,31,Male,East,70,120.33,8435.15,Two year,Fiber optic,2,1.0,Bank transfer,No
C03436,52,Male,Central,72,82.33,6184.22,One year,DSL,2,8.0,Credit card,No
C03437,34,Male,East,2,63.04,238.07,Month-to-month,DSL,2,5.0,Credit card,Yes
C03438,55,Female,West,57,59.66,3442.27,Two year,Fiber optic,2,5.0,Mailed check,No
C03439,71,Male,South,53,62.56,3138.4,Month-to-month,Fiber optic,3,7.0,Credit card,Yes
C03440,65,Female,East,12,38.57,264.84,Month-to-month,Fiber optic,0,8.0,Electronic check,No
C03441,72,Male,Central,10,114.54,1385.53,Two year,Fiber optic,1,5.0,Bank transfer,No
C03442,19,Male,South,71,37.07,2763.63,Month-to-month,DSL,4,3.0,Electronic check,No
C03443,43,Male,North,64,70.81,4489.08,Month-to-month,No,1,3.0,Mailed check,No
C03444,30,Male,South,24,121.02,2841.96,One year,DSL,1,10.0,Electronic check,No
C03445,70,Female,South,6,71.47,462.1,Two year,DSL,0,5.0,Credit card,Yes
C03446,58,Male,East,25,58.9,1270.72,Month-to-month,Fiber optic,5,4.0,Credit card,Yes
C03447,36,Male,North,1,134.05,134.05,Month-to-month,DSL,0,6.0,Credit card,No
C03448,50,Male,North,50,39.55,2069.38,Month-to-month,Fiber optic,2,7.0,Credit card,No
C03449,52,Female,South,28,126.76,3661.23,Month-to-month,Fiber optic,3,1.0,Credit card,Yes
C03450,46,Male,East,4,32.14,73.35,Month-to-month,Fiber optic,5,1.0,Bank transfer,No
C03451,45,Female,,71,72.56,5391.8,Month-to-month,Fiber optic,2,6.0,Electronic check,No
C03452,21,Female,South,60,97.65,6015.75,Two year,DSL,1,7.0,Bank transfer,No
C03453,43,Female,South,66,67.55,4342.99,One year,DSL,4,5.0,Electronic check,Yes
C03454,37,Female,North,72,86.48,6035.19,Two year,Fiber optic,1,3.0,Bank transfer,No
C03455,64,,South,2,48.46,186.11,Two year,DSL,3,8.0,Bank transfer,No
C03456,67,Male,South,56,90.44,4997.13,Two year,DSL,0,2.0,Bank transfer,No
C03457,60,Female,North,57,40.47,2210.78,One year,Fiber optic,2,7.0,Electronic check,No
C03458,19,Female,West,57,116.55,6676.78,Month-to-month,Fiber optic,1,5.0,Bank transfer,No
C03459,65,Male,North,20,92.14,1950.71,Two year,DSL,3,4.0,Bank transfer,Yes
C03460,40,Male,,29,80.42,2450.97,Month-to-month,No,3,2.0,Mailed check,No
C03461,41,Female,West,67,31.29,2104.71,Month-to-month,Fiber optic,3,7.0,Electronic check,No
C03462,71,Female,Central,5,82.47,112.35,Month-to-month,No,2,2.0,Bank transfer,Yes
C03463,67,Female,East,47,89.81,4364.23,Month-to-month,DSL,4,6.0,Credit card,No
C03464,20,Male,East,58,55.55,3100.99,Month-to-month,Fiber optic,2,9.0,Mailed check,No
C03465,38,Male,West,58,102.92,6015.62,One year,Fiber optic,1,8.0,Credit card,No
C03466,60,Female,Central,43,33.83,1436.37,Month-to-month,No,2,1.0,Electronic check,No
C03467,48,Male,South,56,49.0,3044.0,Month-to-month,Fiber optic,0,10.0,Mailed check,No
C03468,32,Female,West,66,109.82,7548.12,Month-to-month,No,2,7.0,Electronic check,No
C03469,47,Female,East,56,41.93,2279.16,Two year,Fiber optic,2,9.0,Bank transfer,No
C03470,67,Male,North,9,53.24,277.46,Month-to-month,Fiber optic,3,1.0,Electronic check,No
C03471,30,Female,West,18,99.85,1607.34,Month-to-month,DSL,2,10.0,Mailed check,No
C03472,60,Male,Central,22,108.82,2434.77,One year,DSL,0,8.0,Credit card,No
C03473,59,Male,North,25,30.92,692.04,Two year,No,2,9.0,Electronic check,No
C03474,68,Male,North,26,39.56,861.89,Month-to-month,No,5,10.0,Bank transfer,No
C03475,34,Female,Central,16,76.3,1142.25,One year,DSL,2,9.0,Electronic check,No
C03476,30,Female,East,50,93.17,4726.18,Month-to-month,DSL,2,5.0,Electronic check,No
C03477,49,Male,South,8,77.18,605.7,Two year,DSL,2,9.0,Bank transfer,No
C03478,48,Female,West,57,99.41,5594.01,One year,DSL,1,10.0,Electronic check,No
C03479,41,Female,South,48,111.94,5319.59,One year,DSL,5,10.0,Electronic check,No
C03480,62,Female,South,70,134.2,9369.71,Month-to-month,No,2,7.0,Credit card,No
C03481,63,Female,South,1,65.24,98.63,One year,DSL,1,10.0,Electronic check,No
C03482,32,Female,East,22,43.76,1004.91,Month-to-month,No,3,6.0,Mailed check,No
C03483,63,Female,North,65,55.37,3351.79,Month-to-month,No,0,5.0,Bank transfer,No
C03484,31,Female,South,36,42.04,1538.44,One year,DSL,3,2.0,Mailed check,No
C03485,41,Male,South,41,70.34,2829.63,One year,Fiber optic,0,5.0,Bank transfer,No
C03486,19,Male,North,3,125.35,223.98,Month-to-month,Fiber optic,1,10.0,Mailed check,Yes
C03487,37,Male,West,55,64.91,3514.14,Two year,DSL,3,2.0,Electronic check,No
C03488,72,Female,North,19,42.11,973.51,Month-to-month,Fiber optic,3,9.0,Bank transfer,Yes
C03489,43,Female,Central,70,85.1,6078.29,One year,Fiber optic,6,7.0,Mailed check,Yes
C03490,58,Female,North,27,139.07,3769.47,Month-to-month,DSL,0,2.0,Bank transfer,Yes
C03491,24,Male,South,14,46.64,518.4,Month-to-month,No,3,3.0,Mailed check,No
C03492,54,Male,North,43,114.46,4717.84,Two year,DSL,4,1.0,Mailed check,Yes
C03493,39,Male,South,35,119.69,4047.88,Month-to-month,DSL,4,8.0,Electronic check,Yes
C03494,60,Female,West,34,71.15,2420.93,Two year,No,3,4.0,Credit card,No
C03495,70,Male,North,69,96.25,6646.24,Month-to-month,DSL,4,2.0,Electronic check,No
C03496,48,Male,East,27,74.72,1919.74,One year,DSL,4,2.0,Mailed check,No
C03497,23,Female,West,29,55.17,1731.6,Month-to-month,DSL,1,6.0,Mailed check,No
C03498,45,Male,East,45,74.0,3387.67,One year,DSL,7,4.0,Credit card,No
C03499,25,Female,North,13,35.96,167.48,Two year,Fiber optic,1,10.0,Electronic check,No
C03500,43,Female,West,60,106.3,6394.38,One year,Fiber optic,0,10.0,Electronic check,No
C03501,21,Male,North,17,120.36,2159.44,Month-to-month,Fiber optic,1,3.0,Electronic check,Yes
C03502,54,Male,North,18,60.35,1116.67,One year,Fiber optic,5,9.0,Credit card,No
C03503,35,Male,East,1,90.14,177.37,One year,DSL,1,1.0,Mailed check,Yes
C03504,29,Male,South,25,51.7,1252.98,Month-to-month,Fiber optic,4,5.0,Electronic check,No
C03505,18,Male,North,42,39.66,1655.93,One year,No,1,6.0,Bank transfer,No
C03506,68,Male,West,51,101.32,5160.67,One year,Fiber optic,1,3.0,Bank transfer,No
C03507,65,Male,East,65,40.42,2654.91,One year,Fiber optic,5,7.0,Bank transfer,No
C03508,64,Female,Central,57,114.93,6464.14,Month-to-month,DSL,2,6.0,Electronic check,No
C03509,21,Male,East,24,56.25,1513.87,Month-to-month,Fiber optic,2,10.0,Electronic check,No
C03510,37,Female,East,60,119.13,7361.22,Two year,No,0,10.0,Electronic check,No
C03511,73,Female,Central,15,67.38,931.05,One year,No,2,9.0,Electronic check,No
C03512,50,Male,North,16,67.42,903.41,Month-to-month,Fiber optic,3,8.0,Electronic check,No
C03513,25,Female,South,26,111.32,2692.53,Two year,Fiber optic,1,4.0,Credit card,No
C03514,26,Male,West,39,83.68,3324.26,Month-to-month,DSL,1,9.0,Bank transfer,No
C03515,32,Female,South,15,48.11,809.83,Month-to-month,DSL,4,4.0,Electronic check,No
C03516,73,Male,Central,65,122.8,8043.38,One year,DSL,2,8.0,Bank transfer,No
C03517,27,Female,South,20,64.12,1356.67,One year,Fiber optic,4,5.0,Credit card,Yes
C03518,69,Female,East,29,36.82,982.52,Two year,DSL,3,6.0,Electronic check,No
C03519,56,Female,Central,44,72.84,2906.44,One year,Fiber optic,1,9.0,Electronic check,No
C03520,70,Male,South,31,91.01,2746.72,Month-to-month,Fiber optic,0,2.0,Electronic check,Yes
C03521,65,Female,Central,30,95.14,3102.28,Month-to-month,Fiber optic,4,9.0,Credit card,Yes
C03522,36,Female,North,71,121.09,8637.11,Month-to-month,Fiber optic,2,9.0,Credit card,No
C03523,65,Female,South,32,87.26,2856.0,Two year,DSL,3,5.0,Electronic check,No
C03524,27,Female,East,9,50.73,592.28,Month-to-month,Fiber optic,4,7.0,Electronic check,Yes
C03525,34,Male,East,53,55.09,2793.76,Month-to-month,No,0,3.0,Electronic check,No
C03526,30,Male,Central,51,36.6,1900.12,Month-to-month,Fiber optic,5,8.0,Electronic check,No
C03527,25,Female,Central,16,109.63,1830.91,Month-to-month,No,1,2.0,Bank transfer,Yes
C03528,23,Female,West,62,37.18,2165.28,Month-to-month,Fiber optic,3,8.0,Bank transfer,No
C03529,28,Female,West,29,94.67,2800.01,One year,Fiber optic,2,7.0,Bank transfer,No
C03530,24,Female,South,11,93.65,1224.45,Month-to-month,Fiber optic,0,3.0,Credit card,Yes
C03531,39,Female,Central,13,115.33,1439.18,Two year,Fiber optic,3,9.0,Electronic check,No
C03532,22,Female,West,52,33.58,1487.81,Two year,No,2,3.0,Electronic check,No
C03533,21,Male,North,16,48.33,799.17,Month-to-month,Fiber optic,1,6.0,Credit card,No
C03534,74,Male,Central,34,129.6,4307.92,Two year,Fiber optic,2,9.0,Bank transfer,No
C03535,22,Male,South,53,90.81,4840.09,Month-to-month,No,1,1.0,Bank transfer,No
C03536,22,Female,East,62,77.63,4686.74,Month-to-month,Fiber optic,0,5.0,Bank transfer,Yes
C03537,19,Female,East,36,110.98,4004.43,Month-to-month,DSL,3,7.0,Bank transfer,Yes
C03538,25,Female,Central,66,128.79,8684.22,One year,DSL,3,2.0,Bank transfer,No
C03539,48,Male,South,22,55.25,1211.33,One year,No,3,6.0,Bank transfer,No
C03540,65,Female,South,63,128.67,7858.84,Month-to-month,Fiber optic,2,7.0,Mailed check,No
C03541,59,Female,North,19,37.5,768.86,One year,No,1,9.0,Electronic check,No
C03542,51,Female,South,5,137.43,690.14,One year,DSL,1,3.0,Electronic check,No
C03543,22,Male,North,53,43.96,2361.86,One year,Fiber optic,0,9.0,Credit card,No
C03544,62,Male,East,55,55.62,3205.08,Month-to-month,No,2,7.0,Credit card,Yes
C03545,20,Male,Central,67,36.11,2340.61,One year,No,1,,Electronic check,No
C03546,53,Female,East,67,117.42,7823.93,One year,Fiber optic,0,6.0,Bank transfer,No
C03547,41,Female,Central,8,138.19,951.11,Month-to-month,DSL,0,10.0,Credit card,Yes
C03548,68,Female,Central,45,59.15,2690.75,One year,Fiber optic,3,7.0,Credit card,No
C03549,35,Male,North,51,62.45,3210.02,Month-to-month,Fiber optic,0,5.0,Electronic check,No
C03550,54,Male,East,44,57.08,2472.56,One year,Fiber optic,1,10.0,Credit card,No
C03551,43,Female,East,2,42.81,197.68,One year,DSL,2,7.0,Credit card,No
C03552,47,Male,South,4,115.56,306.74,Month-to-month,No,3,3.0,Electronic check,Yes
C03553,71,Female,Central,49,31.98,1586.06,Month-to-month,DSL,0,7.0,Electronic check,No
C03554,58,Male,South,62,136.29,8540.15,One year,Fiber optic,2,10.0,Credit card,Yes
C03555,41,Female,North,13,131.64,1630.01,Two year,Fiber optic,2,7.0,Mailed check,No
C03556,43,Female,East,4,38.62,38.62,Two year,No,3,8.0,Electronic check,Yes
C03557,58,Female,South,30,85.9,2322.7,One year,Fiber optic,3,7.0,Electronic check,Yes
C03558,37,Male,South,23,139.18,3224.44,Month-to-month,DSL,2,9.0,Electronic check,No
C03559,27,Female,East,71,123.05,8990.65,Month-to-month,DSL,3,1.0,Electronic check,No
C03560,44,Female,West,67,107.24,7093.62,One year,DSL,5,9.0,Bank transfer,No
C03561,21,Female,South,41,27.58,1198.48,Month-to-month,DSL,2,10.0,Electronic check,No
C03562,27,Male,South,69,32.86,1967.34,One year,No,2,1.0,Credit card,No
C03563,41,Female,North,17,116.31,2033.26,Month-to-month,Fiber optic,1,8.0,Mailed check,Yes
C03564,63,Male,South,72,68.29,4753.62,Month-to-month,DSL,1,6.0,Electronic check,Yes
C03565,62,Male,East,33,101.87,3302.71,One year,No,0,4.0,Credit card,No
C03566,32,Female,West,35,110.01,3862.18,One year,DSL,3,2.0,Mailed check,No
C03567,42,Female,South,4,73.55,73.55,One year,DSL,1,4.0,Credit card,No
C03568,26,Male,North,13,41.49,839.37,Month-to-month,Fiber optic,4,7.0,Electronic check,No
C03569,61,Male,,14,69.47,881.78,One year,DSL,6,6.0,Electronic check,No
C03570,32,Female,West,36,125.17,4597.17,Month-to-month,DSL,2,1.0,Mailed check,Yes
C03571,63,Female,North,14,63.07,1106.88,One year,No,3,4.0,Mailed check,No
C03572,65,Male,East,8,32.2,301.58,One year,No,1,1.0,Electronic check,Yes
C03573,57,Female,North,44,135.3,5769.04,Month-to-month,Fiber optic,2,4.0,Credit card,Yes
C03574,36,Female,East,63,103.28,6522.05,One year,Fiber optic,2,10.0,Electronic check,No
C03575,72,Female,West,6,87.2,247.55,One year,DSL,1,8.0,Electronic check,No
C03576,57,Male,West,41,120.35,4884.7,Month-to-month,No,0,10.0,Mailed check,No
C03577,54,Female,West,70,72.28,5311.13,One year,Fiber optic,2,2.0,Credit card,No
C03578,66,Female,West,30,138.29,3937.02,Month-to-month,DSL,1,7.0,Electronic check,No
C03579,68,Female,South,14,123.62,1607.05,Two year,DSL,2,4.0,Credit card,No
C03580,22,Female,Central,6,57.26,621.6,Month-to-month,Fiber optic,2,5.0,Mailed check,Yes
C03581,68,Male,South,68,67.67,4575.42,Month-to-month,DSL,4,10.0,Bank transfer,No
C03582,61,Male,South,30,56.71,1567.24,One year,DSL,3,9.0,Bank transfer,No
C03583,29,Male,West,8,100.82,864.94,Month-to-month,Fiber optic,2,7.0,Bank transfer,No
C03584,35,Male,South,63,98.52,6136.44,Two year,Fiber optic,2,10.0,Bank transfer,No
C03585,60,Male,North,58,85.09,4635.22,Month-to-month,DSL,4,5.0,Mailed check,No
C03586,30,Male,West,51,136.07,6735.5,Month-to-month,Fiber optic,3,1.0,Bank transfer,Yes
C03587,43,Female,West,7,79.31,855.17,Month-to-month,DSL,3,10.0,Credit card,Yes
C03588,57,Female,East,6,115.13,740.0,Month-to-month,Fiber optic,0,2.0,Mailed check,No
C03589,55,Female,North,16,100.68,1830.43,Month-to-month,DSL,2,3.0,Credit card,Yes
C03590,69,Female,West,12,84.59,860.7,Month-to-month,Fiber optic,0,10.0,Credit card,No
C03591,24,Male,North,39,29.84,1155.5,Month-to-month,Fiber optic,6,9.0,Mailed check,No
C03592,34,Male,East,29,100.61,2892.36,Month-to-month,Fiber optic,2,1.0,Mailed check,No
C03593,74,Male,East,56,98.9,5456.31,Month-to-month,DSL,2,9.0,Credit card,No
C03594,50,Male,West,8,39.36,346.42,Month-to-month,Fiber optic,2,8.0,Credit card,No
C03595,32,Male,Central,53,116.53,6008.88,Month-to-month,No,3,2.0,Bank transfer,No
C03596,34,Female,North,68,78.7,5533.02,Month-to-month,DSL,3,6.0,Credit card,No
C03597,37,Female,North,10,62.28,692.89,Month-to-month,Fiber optic,1,3.0,Credit card,Yes
C03598,49,Female,East,47,119.76,5602.6,Month-to-month,Fiber optic,1,6.0,Electronic check,No
C03599,34,Male,Central,37,64.49,2406.12,Month-to-month,No,4,2.0,Electronic check,Yes
C03600,53,Female,North,7,96.51,630.22,Month-to-month,Fiber optic,3,1.0,Electronic check,Yes
C03601,43,Female,East,22,96.06,1854.79,Two year,No,1,7.0,Credit card,No
C03602,52,Male,East,57,31.07,1622.39,Month-to-month,Fiber optic,1,8.0,Bank transfer,No
C03603,26,Male,South,63,73.63,4611.68,Month-to-month,Fiber optic,3,2.0,Electronic check,No
C03604,53,Female,West,27,50.62,1313.82,One year,DSL,2,7.0,Electronic check,No
C03605,70,Male,South,8,47.95,480.74,Month-to-month,Fiber optic,3,5.0,Credit card,No
C03606,25,,East,18,100.32,1889.81,Month-to-month,DSL,1,10.0,Electronic check,No
C03607,36,Male,Central,61,26.31,1520.93,One year,Fiber optic,3,6.0,Mailed check,No
C03608,57,Male,South,42,136.44,5586.93,One year,DSL,5,5.0,Electronic check,Yes
C03609,53,Female,North,31,70.47,2297.79,Two year,Fiber optic,0,1.0,Bank transfer,No
C03610,56,Male,Central,1,59.36,87.75,Two year,Fiber optic,1,10.0,Credit card,No
C03611,49,Male,South,57,130.8,7362.36,One year,No,1,7.0,Mailed check,No
C03612,56,Male,West,34,80.97,2581.68,One year,DSL,0,2.0,Credit card,No
C03613,52,Male,West,40,95.65,3724.62,Month-to-month,No,2,1.0,Mailed check,Yes
C03614,22,Female,East,61,105.02,6465.01,Two year,No,2,3.0,Credit card,No
C03615,60,Male,North,41,125.21,5386.63,One year,No,1,6.0,Bank transfer,No
C03616,43,Male,Central,67,39.92,2642.85,Month-to-month,Fiber optic,4,10.0,Electronic check,No
C03617,20,Female,West,41,34.39,1285.04,Month-to-month,DSL,1,7.0,Credit card,No
C03618,41,Female,East,25,139.28,3782.0,One year,No,4,1.0,Electronic check,Yes
C03619,42,Male,,67,26.02,1687.56,Month-to-month,Fiber optic,6,2.0,Bank transfer,No
C03620,22,Female,West,47,106.44,4883.56,One year,Fiber optic,0,3.0,Credit card,No
C03621,74,Male,West,55,95.27,5178.75,Month-to-month,DSL,1,1.0,Bank transfer,No
C03622,30,Female,North,17,88.54,1436.61,One year,DSL,2,2.0,Electronic check,Yes
C03623,36,Female,West,49,115.37,5843.71,Month-to-month,DSL,6,1.0,Electronic check,Yes
C03624,43,Female,South,41,139.13,5453.27,One year,Fiber optic,1,8.0,Bank transfer,No
C03625,65,Male,North,8,30.39,332.3,Month-to-month,Fiber optic,1,7.0,Credit card,Yes
C03626,60,Male,South,19,95.67,1816.09,Month-to-month,No,1,8.0,Credit card,No
C03627,61,Female,North,66,107.43,7006.88,Month-to-month,DSL,2,2.0,Mailed check,No
C03628,31,Female,North,42,60.18,2477.17,Month-to-month,DSL,5,10.0,Electronic check,No
C03629,66,Male,West,56,127.68,7112.48,Month-to-month,Fiber optic,0,4.0,Bank transfer,Yes
C03630,65,Male,East,13,77.55,1021.36,One year,DSL,2,2.0,Electronic check,No
C03631,44,Male,South,16,43.92,635.02,Month-to-month,Fiber optic,2,2.0,Bank transfer,No
C03632,49,Female,North,68,123.26,8371.85,One year,Fiber optic,4,4.0,Credit card,No
C03633,20,Male,West,31,133.44,4020.04,One year,No,1,1.0,Bank transfer,Yes
C03634,61,Female,West,64,36.44,2632.16,Month-to-month,DSL,1,4.0,Bank transfer,No
C03635,72,Female,East,59,111.44,6726.35,Two year,DSL,0,7.0,Electronic check,Yes
C03636,44,Female,North,25,49.73,1316.53,One year,Fiber optic,1,10.0,Electronic check,No
C03637,48,Male,North,69,25.77,1711.56,One year,DSL,1,1.0,Electronic check,No
C03638,46,Female,North,56,54.97,3201.54,One year,Fiber optic,1,6.0,Credit card,No
C03639,22,Female,North,10,123.31,1277.99,One year,Fiber optic,0,3.0,Electronic check,Yes
C03640,53,Male,Central,7,41.24,306.54,Two year,No,3,4.0,Credit card,Yes
C03641,59,Female,South,10,40.03,320.35,Month-to-month,DSL,1,7.0,Credit card,No
C03642,70,Female,West,54,109.99,5980.65,Month-to-month,No,4,3.0,Credit card,Yes
C03643,70,Female,Central,11,71.73,1041.56,One year,No,3,5.0,Credit card,Yes
C03644,46,Female,Central,21,42.08,895.78,Month-to-month,DSL,2,4.0,Mailed check,No
C03645,72,Male,South,32,51.45,1606.85,One year,Fiber optic,0,4.0,Mailed check,No
C03646,48,Female,East,10,116.38,1178.69,Month-to-month,Fiber optic,2,8.0,Credit card,Yes
C03647,54,Female,East,24,96.68,2326.89,Month-to-month,DSL,2,3.0,Mailed check,Yes
C03648,52,Male,North,49,112.51,5430.92,Two year,No,0,6.0,Bank transfer,No
C03649,74,Female,West,70,36.24,2425.62,Month-to-month,DSL,1,8.0,Electronic check,No
C03650,60,Male,East,34,77.68,2760.11,Month-to-month,DSL,2,7.0,Credit card,No
C03651,24,Female,South,54,116.67,6480.98,One year,DSL,1,8.0,Credit card,No
C03652,22,Female,East,39,55.57,2467.23,One year,Fiber optic,1,5.0,Bank transfer,No
C03653,41,Male,West,34,44.46,1580.38,Two year,No,3,5.0,Mailed check,No
C03654,47,Male,North,38,68.91,2636.09,Month-to-month,Fiber optic,4,1.0,Credit card,No
C03655,56,Male,West,70,63.34,4569.07,Two year,Fiber optic,2,8.0,Bank transfer,No
C03656,45,Female,Central,5,46.33,95.45,One year,DSL,3,7.0,Bank transfer,No
C03657,47,Male,West,37,134.7,5080.29,Two year,Fiber optic,2,6.0,Credit card,No
C03658,70,Female,West,4,80.56,478.06,Month-to-month,Fiber optic,3,8.0,Credit card,No
C03659,37,Male,North,64,94.93,6229.15,Month-to-month,Fiber optic,1,7.0,Credit card,Yes
C03660,46,Female,West,44,38.93,1963.01,Month-to-month,Fiber optic,1,2.0,Bank transfer,Yes
C03661,49,Female,West,4,95.15,290.84,One year,No,4,3.0,Bank transfer,No
C03662,44,Male,East,45,88.86,3924.85,Month-to-month,Fiber optic,2,7.0,Electronic check,No
C03663,73,Female,East,32,132.17,4197.17,Month-to-month,Fiber optic,2,1.0,Electronic check,No
C03664,72,Female,West,4,72.42,122.35,One year,Fiber optic,3,9.0,Credit card,Yes
C03665,47,Male,,71,114.94,8241.5,Month-to-month,DSL,3,4.0,Bank transfer,No
C03666,43,Male,South,28,59.98,1780.71,Month-to-month,Fiber optic,2,7.0,Credit card,No
C03667,51,Female,West,2,91.58,267.39,Month-to-month,Fiber optic,3,6.0,Credit card,Yes
C03668,28,Male,Central,45,131.6,5944.41,Two year,Fiber optic,2,7.0,Mailed check,Yes
C03669,42,Male,South,28,96.88,2863.51,One year,Fiber optic,2,4.0,Mailed check,No
C03670,30,Female,East,48,106.78,5211.72,One year,DSL,3,8.0,Credit card,No
C03671,26,Female,Central,12,125.74,1418.5,Two year,DSL,1,2.0,Bank transfer,Yes
C03672,23,Male,North,60,131.42,7585.2,One year,DSL,3,4.0,Credit card,Yes
C03673,51,Male,South,31,48.95,1467.82,Month-to-month,Fiber optic,2,1.0,Credit card,Yes
C03674,18,Male,North,31,47.52,1478.98,One year,No,1,2.0,Electronic check,No
C03675,54,Female,South,58,88.3,5128.5,Two year,Fiber optic,3,1.0,Credit card,No
C03676,42,Male,West,40,139.48,5552.32,Month-to-month,Fiber optic,5,5.0,Bank transfer,No
C03677,38,Female,South,1,81.37,81.37,One year,Fiber optic,0,1.0,Credit card,Yes
C03678,61,Female,Central,42,63.05,2521.08,Month-to-month,DSL,4,3.0,Bank transfer,No
C03679,48,Female,Central,47,86.79,3924.19,One year,DSL,2,5.0,Electronic check,No
C03680,59,Female,Central,23,32.41,810.67,One year,DSL,0,7.0,Electronic check,Yes
C03681,58,Female,West,14,45.38,798.56,Two year,No,3,1.0,Mailed check,No
C03682,19,Male,West,4,42.13,42.13,One year,DSL,3,8.0,Credit card,No
C03683,30,Male,East,61,28.21,1711.62,Month-to-month,Fiber optic,2,6.0,Electronic check,No
C03684,50,Male,Central,1,108.05,226.36,Month-to-month,Fiber optic,1,1.0,Credit card,Yes
C03685,73,Female,North,43,62.43,2656.16,Two year,Fiber optic,4,1.0,Electronic check,Yes
C03686,26,Female,West,61,44.38,2814.58,Month-to-month,DSL,4,10.0,Bank transfer,No
C03687,24,Male,North,26,83.91,2343.41,Month-to-month,No,1,5.0,Electronic check,Yes
C03688,71,Male,South,15,62.2,992.16,One year,Fiber optic,1,10.0,Mailed check,Yes
C03689,73,Female,South,52,70.2,3576.05,Month-to-month,No,1,6.0,Electronic check,No
C03690,27,Female,West,46,61.29,3016.6,Month-to-month,Fiber optic,0,2.0,Credit card,No
C03691,40,Male,West,2,25.46,25.46,Month-to-month,Fiber optic,2,8.0,Credit card,No
C03692,53,Female,North,42,104.16,4334.61,Month-to-month,Fiber optic,5,5.0,Electronic check,Yes
C03693,29,Female,West,1,37.73,114.96,One year,Fiber optic,2,4.0,Electronic check,No
C03694,36,Female,South,29,50.2,1410.58,Month-to-month,DSL,0,3.0,Electronic check,No
C03695,40,Male,North,22,46.89,998.01,Month-to-month,Fiber optic,2,5.0,Electronic check,No
C03696,54,Female,East,61,63.11,3793.65,One year,Fiber optic,0,10.0,Bank transfer,No
C03697,35,Female,East,71,43.42,3055.72,Month-to-month,Fiber optic,2,3.0,Mailed check,No
C03698,41,Female,South,51,64.9,3339.44,One year,Fiber optic,1,6.0,Credit card,No
C03699,34,Male,South,53,52.98,2512.04,Month-to-month,Fiber optic,2,1.0,Credit card,No
C03700,61,Female,Central,2,32.04,49.39,Month-to-month,Fiber optic,0,8.0,Credit card,No
C03701,26,Female,South,5,125.11,360.81,One year,DSL,4,9.0,Electronic check,Yes
C03702,31,Male,Central,56,60.14,3306.85,One year,DSL,2,10.0,Credit card,No
C03703,32,Female,Central,31,35.96,1165.48,Two year,Fiber optic,2,9.0,Mailed check,No
C03704,69,Male,South,37,84.98,3095.14,Month-to-month,DSL,1,7.0,Electronic check,No
C03705,71,Female,East,50,39.18,2064.44,Month-to-month,DSL,5,6.0,Electronic check,No
C03706,46,Female,West,25,113.91,2899.89,Month-to-month,Fiber optic,2,9.0,Electronic check,Yes
C03707,26,Female,East,50,32.08,1304.0,Month-to-month,DSL,0,1.0,Credit card,No
C03708,61,Male,East,53,78.43,4336.48,Month-to-month,DSL,2,3.0,Mailed check,No
C03709,46,Male,South,18,133.54,2441.17,Two year,No,1,1.0,Credit card,No
C03710,66,Female,North,50,43.28,2078.62,One year,Fiber optic,2,3.0,Electronic check,No
C03711,38,Male,North,13,48.16,555.61,Month-to-month,Fiber optic,1,3.0,Electronic check,Yes
C03712,74,Female,South,23,94.05,1863.15,Month-to-month,Fiber optic,3,5.0,Bank transfer,Yes
C03713,63,Female,West,57,137.68,7880.43,Month-to-month,Fiber optic,1,7.0,Credit card,No
C03714,30,Female,South,71,69.37,5022.95,Month-to-month,No,2,9.0,Electronic check,No
C03715,59,Female,North,5,99.59,395.95,One year,DSL,1,6.0,Electronic check,No
C03716,34,Male,South,47,42.52,1862.7,Two year,DSL,2,1.0,Electronic check,No
C03717,37,Female,East,42,98.76,4169.0,Month-to-month,DSL,5,1.0,Mailed check,Yes
C03718,32,Male,South,44,54.06,2557.84,Month-to-month,No,2,5.0,Credit card,No
C03719,56,Female,South,57,95.53,5608.83,Month-to-month,DSL,3,7.0,Electronic check,No
C03720,32,Female,North,6,35.2,335.54,Month-to-month,Fiber optic,4,9.0,Mailed check,No
C03721,54,Female,South,54,85.37,4909.98,Two year,Fiber optic,4,4.0,Mailed check,No
C03722,51,Male,South,21,52.3,1236.95,One year,No,0,2.0,Electronic check,Yes
C03723,60,Female,Central,12,103.4,1414.3,Two year,DSL,1,2.0,Electronic check,Yes
C03724,74,Female,Central,33,110.98,3675.4,Two year,Fiber optic,2,7.0,Mailed check,No
C03725,18,Female,South,2,122.54,193.08,Month-to-month,No,2,10.0,Electronic check,Yes
C03726,74,Female,North,46,139.13,6570.18,One year,DSL,1,1.0,Electronic check,Yes
C03727,24,Female,North,41,77.83,3043.87,One year,Fiber optic,1,1.0,Credit card,No
C03728,48,Female,South,37,102.12,3842.01,Month-to-month,DSL,2,1.0,Bank transfer,Yes
C03729,37,Female,East,3,27.12,27.12,Month-to-month,DSL,4,6.0,Credit card,No
C03730,54,Female,East,55,129.09,7150.84,One year,DSL,3,4.0,Electronic check,No
C03731,59,Female,South,3,95.81,327.62,Two year,Fiber optic,1,9.0,Bank transfer,Yes
C03732,67,Male,South,19,73.45,1420.0,Month-to-month,DSL,1,9.0,Bank transfer,No
C03733,40,Male,South,29,74.95,2170.89,Two year,Fiber optic,0,6.0,Electronic check,Yes
C03734,71,Male,East,51,112.17,5800.55,Two year,Fiber optic,0,1.0,Electronic check,Yes
C03735,36,Female,West,30,120.85,3729.42,Two year,Fiber optic,2,6.0,Bank transfer,Yes
C03736,29,Female,North,59,117.91,6746.85,Month-to-month,Fiber optic,3,4.0,Electronic check,No
C03737,39,Male,East,68,83.72,5686.15,Month-to-month,No,2,9.0,Bank transfer,No
C03738,48,Male,West,56,67.68,3727.37,One year,DSL,2,8.0,Electronic check,Yes
C03739,56,Female,West,3,133.74,430.34,Month-to-month,DSL,1,10.0,Bank transfer,No
C03740,65,Male,East,56,97.93,5421.66,Month-to-month,DSL,2,4.0,Electronic check,Yes
C03741,30,Male,East,15,87.52,1504.06,One year,No,2,4.0,Electronic check,No
C03742,35,Male,West,64,93.81,5993.6,Month-to-month,No,0,5.0,Electronic check,No
C03743,71,Female,South,71,97.43,7065.51,Month-to-month,Fiber optic,2,9.0,Electronic check,No
C03744,43,Male,East,7,107.0,606.17,Two year,DSL,4,6.0,Credit card,Yes
C03745,31,Male,South,8,88.62,666.85,Month-to-month,Fiber optic,1,4.0,Credit card,No
C03746,74,Female,East,51,125.67,6316.96,Two year,Fiber optic,3,10.0,Bank transfer,No
C03747,43,Male,North,11,123.87,1421.62,Month-to-month,Fiber optic,2,4.0,Bank transfer,No
C03748,74,Male,South,70,75.86,5132.45,Month-to-month,DSL,1,9.0,Credit card,No
C03749,70,Female,North,39,44.38,1474.5,Month-to-month,Fiber optic,2,7.0,Bank transfer,No
C03750,69,Female,South,42,91.32,3741.6,Month-to-month,Fiber optic,4,1.0,Electronic check,No
C03751,51,Male,East,62,96.39,6060.35,Month-to-month,No,0,5.0,Bank transfer,No
C03752,63,Male,East,16,85.19,1241.58,Two year,DSL,2,7.0,Credit card,Yes
C03753,72,Male,Central,41,127.42,5264.06,Two year,No,2,10.0,Electronic check,No
C03754,33,Female,North,72,35.7,2473.3,Month-to-month,Fiber optic,2,6.0,Bank transfer,No
C03755,20,Female,Central,2,58.05,58.05,Month-to-month,Fiber optic,2,1.0,Mailed check,Yes
C03756,36,Male,South,13,124.57,1747.2,One year,No,0,4.0,Electronic check,Yes
C03757,54,Female,West,11,133.03,1560.73,Month-to-month,Fiber optic,5,10.0,Bank transfer,Yes
C03758,49,Female,West,25,73.98,1843.53,Month-to-month,DSL,1,5.0,Credit card,No
C03759,22,Male,Central,10,47.15,477.93,Month-to-month,DSL,1,4.0,Credit card,No
C03760,49,Male,North,13,73.34,922.29,Month-to-month,No,2,9.0,Electronic check,No
C03761,27,Female,Central,62,77.46,4647.63,Month-to-month,Fiber optic,6,5.0,Electronic check,No
C03762,46,Female,North,34,84.75,3077.4,Month-to-month,Fiber optic,5,8.0,Electronic check,No
C03763,50,Female,Central,26,56.55,1455.21,One year,Fiber optic,0,1.0,Bank transfer,Yes
C03764,54,Male,West,31,60.95,1943.7,Month-to-month,DSL,4,6.0,Electronic check,No
C03765,41,Male,East,70,100.39,6952.48,Month-to-month,DSL,2,1.0,Credit card,Yes
C03766,41,Male,South,36,96.51,3540.79,Month-to-month,No,3,2.0,Electronic check,Yes
C03767,56,Male,North,34,101.14,3610.53,Month-to-month,Fiber optic,3,6.0,Electronic check,Yes
C03768,60,Male,Central,67,68.39,4607.12,Two year,DSL,1,7.0,Credit card,No
C03769,64,Male,West,3,63.69,245.15,One year,Fiber optic,2,2.0,Credit card,Yes
C03770,37,Female,Central,35,65.43,2421.75,Two year,No,1,5.0,Credit card,No
C03771,42,Female,West,54,134.39,7363.16,Month-to-month,DSL,0,5.0,Bank transfer,No
C03772,36,Female,Central,38,70.45,2833.72,Month-to-month,DSL,1,5.0,Bank transfer,No
C03773,48,Female,Central,63,94.71,6014.86,Month-to-month,Fiber optic,2,9.0,Electronic check,No
C03774,25,Male,East,64,85.13,5496.37,Month-to-month,DSL,2,10.0,Electronic check,No
C03775,42,Female,,25,125.77,3180.16,One year,DSL,1,1.0,Electronic check,No
C03776,28,Male,South,59,67.45,4109.26,Month-to-month,DSL,4,10.0,Credit card,No
C03777,48,Female,West,18,74.93,1283.98,Month-to-month,DSL,1,1.0,Electronic check,Yes
C03778,66,Female,West,18,121.92,2274.14,Month-to-month,Fiber optic,5,10.0,Credit card,No
C03779,74,Male,East,71,43.51,3389.21,Month-to-month,DSL,1,7.0,Electronic check,No
C03780,43,Female,West,1,93.34,147.18,Month-to-month,Fiber optic,2,8.0,Credit card,Yes
C03781,21,Female,South,26,70.99,1666.17,One year,Fiber optic,1,3.0,Credit card,Yes
C03782,30,Male,West,46,138.37,6321.5,Two year,DSL,1,6.0,Mailed check,No
C03783,23,Male,East,30,107.96,3331.92,Month-to-month,DSL,5,6.0,Mailed check,No
C03784,61,Female,South,61,26.21,1498.22,Month-to-month,No,1,4.0,Mailed check,No
C03785,74,Male,Central,19,121.54,2162.58,Month-to-month,Fiber optic,1,6.0,Bank transfer,Yes
C03786,49,Female,North,40,105.87,4027.91,Month-to-month,Fiber optic,2,10.0,Mailed check,Yes
C03787,28,Male,West,10,89.51,863.86,One year,Fiber optic,3,2.0,Electronic check,Yes
C03788,19,Female,South,16,52.15,1076.16,Month-to-month,No,4,5.0,Credit card,Yes
C03789,73,Male,South,13,42.17,468.53,Two year,DSL,1,4.0,Bank transfer,No
C03790,36,Male,North,54,97.27,5383.95,Two year,DSL,3,3.0,Credit card,No
C03791,24,Female,North,15,75.59,1091.99,Month-to-month,No,0,5.0,Electronic check,Yes
C03792,28,Male,North,49,124.09,6022.32,Two year,DSL,3,2.0,Bank transfer,Yes
C03793,32,Female,Central,25,55.17,1456.79,One year,Fiber optic,1,2.0,Mailed check,Yes
C03794,55,Male,Central,41,98.31,3800.65,Two year,DSL,1,9.0,Credit card,No
C03795,68,Male,East,63,53.62,3628.47,Month-to-month,Fiber optic,1,4.0,Electronic check,No
C03796,33,Female,North,63,98.18,6265.94,Two year,Fiber optic,2,4.0,Electronic check,Yes
C03797,57,Male,Central,1,30.56,188.27,Month-to-month,Fiber optic,2,7.0,Electronic check,No
C03798,21,Male,West,57,70.05,3954.17,Month-to-month,Fiber optic,0,8.0,Bank transfer,No
C03799,18,Female,East,69,44.86,3169.8,Two year,DSL,1,9.0,Credit card,No
C03800,21,Female,Central,49,94.68,4779.24,Month-to-month,DSL,0,7.0,Electronic check,No
C03801,70,,East,14,61.42,846.27,Month-to-month,Fiber optic,0,3.0,Mailed check,No
C03802,51,Female,South,48,113.73,5328.06,Month-to-month,DSL,3,3.0,Credit card,No
C03803,63,Female,West,46,38.18,1614.81,Month-to-month,Fiber optic,4,8.0,Bank transfer,Yes
C03804,19,Female,East,48,88.96,4206.66,Month-to-month,Fiber optic,2,9.0,Bank transfer,No
C03805,19,Female,West,31,93.27,2925.42,Month-to-month,Fiber optic,2,10.0,Bank transfer,No
C03806,66,Male,West,38,27.54,1022.1,Month-to-month,Fiber optic,0,9.0,Mailed check,Yes
C03807,23,Female,Central,47,29.14,1296.17,One year,Fiber optic,4,7.0,Mailed check,No
C03808,26,Male,South,34,60.45,2157.0,Month-to-month,Fiber optic,1,2.0,Electronic check,Yes
C03809,47,Female,North,56,95.04,5253.08,Two year,DSL,3,5.0,Electronic check,No
C03810,52,Male,East,52,135.7,6966.76,One year,No,2,2.0,Mailed check,No
C03811,31,Female,West,22,35.44,920.59,One year,DSL,1,5.0,Bank transfer,No
C03812,43,Female,Central,44,105.86,4740.42,One year,Fiber optic,2,7.0,Credit card,No
C03813,56,Female,South,55,104.66,5572.55,Two year,DSL,3,7.0,Mailed check,No
C03814,43,Female,West,36,101.99,3472.01,Month-to-month,Fiber optic,5,3.0,Bank transfer,Yes
C03815,39,Male,Central,52,84.36,4220.56,One year,Fiber optic,2,7.0,Credit card,No
C03816,22,Male,Central,10,136.18,1357.21,Two year,DSL,1,4.0,Electronic check,Yes
C03817,43,Male,Central,28,82.7,2492.37,One year,Fiber optic,3,7.0,Mailed check,Yes
C03818,63,Female,Central,51,121.4,6408.51,Month-to-month,DSL,1,10.0,Bank transfer,No
C03819,53,Female,West,65,55.19,3699.92,One year,Fiber optic,2,3.0,Mailed check,No
C03820,68,Male,South,47,117.73,5820.24,One year,Fiber optic,1,2.0,Bank transfer,No
C03821,25,Male,East,48,139.6,6731.04,Month-to-month,Fiber optic,4,10.0,Electronic check,No
C03822,18,Male,West,25,129.66,3407.85,One year,Fiber optic,3,5.0,Credit card,Yes
C03823,49,Female,South,51,59.97,2972.79,Two year,Fiber optic,2,3.0,Electronic check,No
C03824,28,Male,West,26,122.31,2946.64,Month-to-month,DSL,2,3.0,Electronic check,Yes
C03825,51,Female,East,4,35.95,97.5,Month-to-month,No,0,5.0,Bank transfer,No
C03826,69,Female,West,18,102.94,1834.15,Month-to-month,Fiber optic,1,4.0,Electronic check,No
C03827,37,Male,East,45,64.35,3195.75,One year,Fiber optic,2,10.0,Credit card,No
C03828,49,Male,West,70,100.75,7052.44,Month-to-month,Fiber optic,2,4.0,Mailed check,Yes
C03829,56,Female,North,36,72.41,2454.09,One year,Fiber optic,2,5.0,Bank transfer,No
C03830,26,Male,West,62,26.04,1759.18,Month-to-month,DSL,3,3.0,Electronic check,No
C03831,69,Female,Central,57,51.6,2827.26,Two year,DSL,1,8.0,Electronic check,No
C03832,29,Female,Central,41,29.87,1246.2,One year,Fiber optic,2,8.0,Credit card,No
C03833,64,Female,Central,58,74.14,4431.71,One year,DSL,0,6.0,Credit card,No
C03834,55,Female,South,29,121.61,3386.94,Month-to-month,DSL,1,9.0,Mailed check,No
C03835,26,Female,North,32,109.87,3743.46,Month-to-month,Fiber optic,1,3.0,Credit card,Yes
C03836,59,Male,West,54,115.72,6417.9,One year,Fiber optic,1,6.0,Electronic check,No
C03837,29,Male,North,46,117.83,5473.17,Month-to-month,Fiber optic,2,8.0,Bank transfer,No
C03838,52,Male,South,38,67.77,2838.01,Month-to-month,Fiber optic,2,9.0,Credit card,No
C03839,72,Female,West,32,83.19,2604.74,Month-to-month,Fiber optic,2,4.0,Bank transfer,No
C03840,72,Female,East,71,83.47,6045.5,Month-to-month,DSL,3,2.0,Electronic check,No
C03841,67,Male,West,5,38.02,231.92,One year,Fiber optic,3,8.0,Credit card,No
C03842,46,Male,West,4,93.79,279.48,Month-to-month,Fiber optic,2,6.0,Credit card,Yes
C03843,49,Female,North,35,107.82,3682.53,Month-to-month,Fiber optic,1,1.0,Credit card,No
C03844,35,Male,,3,95.26,585.78,Month-to-month,No,1,9.0,Credit card,Yes
C03845,70,Female,East,25,110.79,2928.65,Month-to-month,DSL,4,5.0,Credit card,No
C03846,45,Female,East,41,38.67,1718.9,Month-to-month,Fiber optic,4,7.0,Bank transfer,Yes
C03847,61,Male,East,30,112.56,3283.01,Two year,DSL,4,4.0,Electronic check,No
C03848,38,Male,East,15,48.94,840.29,Two year,DSL,2,10.0,Electronic check,No
C03849,60,Male,East,21,125.84,2587.44,Two year,Fiber optic,0,5.0,Electronic check,No
C03850,30,Female,South,44,53.17,2594.19,Month-to-month,DSL,6,6.0,Electronic check,Yes
C03851,59,Male,South,69,81.58,5810.96,Month-to-month,DSL,0,6.0,Credit card,No
C03852,20,Male,North,57,81.04,4757.18,Month-to-month,Fiber optic,0,10.0,Electronic check,No
C03853,23,Female,South,40,55.92,2359.47,One year,DSL,6,7.0,Electronic check,No
C03854,38,Male,South,10,66.6,652.83,One year,Fiber optic,3,1.0,Mailed check,Yes
C03855,45,Female,East,18,46.34,907.2,One year,DSL,3,9.0,Credit card,No
C03856,58,Male,Central,32,90.56,3129.12,Month-to-month,Fiber optic,2,1.0,Bank transfer,No
C03857,38,Male,North,18,130.0,2410.0,One year,Fiber optic,2,6.0,Bank transfer,No
C03858,19,Male,South,50,61.41,2944.39,Two year,Fiber optic,2,4.0,Electronic check,No
C03859,36,Male,North,27,83.43,2440.85,Month-to-month,Fiber optic,0,5.0,Credit card,No
C03860,43,Male,Central,61,124.12,7469.41,One year,No,4,9.0,Credit card,No
C03861,48,Female,West,20,77.04,1536.37,One year,DSL,2,2.0,Electronic check,Yes
C03862,54,Male,South,36,120.59,4270.19,Month-to-month,Fiber optic,3,1.0,Electronic check,No
C03863,32,Female,East,52,76.33,3669.16,Two year,No,3,10.0,Electronic check,No
C03864,52,Female,West,15,75.63,1160.74,Two year,Fiber optic,2,3.0,Electronic check,No
C03865,54,Female,Central,55,43.08,2669.4,One year,No,4,5.0,Electronic check,No
C03866,62,Female,East,43,39.37,1740.91,Month-to-month,Fiber optic,2,10.0,Electronic check,No
C03867,47,Male,South,47,95.32,4780.04,Month-to-month,Fiber optic,1,8.0,Credit card,No
C03868,64,Male,West,33,120.14,3941.64,One year,DSL,3,7.0,Electronic check,Yes
C03869,30,Female,West,68,40.57,2791.98,Month-to-month,DSL,2,1.0,Bank transfer,No
C03870,58,Female,West,56,129.66,7245.33,Month-to-month,Fiber optic,4,4.0,Electronic check,No
C03871,20,Male,North,14,66.27,936.83,Month-to-month,Fiber optic,2,6.0,Credit card,No
C03872,23,Female,West,41,73.9,3085.4,Month-to-month,Fiber optic,1,1.0,Bank transfer,Yes
C03873,67,Female,North,66,127.86,8665.3,One year,No,3,7.0,Credit card,No
C03874,45,Female,Central,21,128.07,2563.64,Month-to-month,DSL,1,8.0,Electronic check,No
C03875,53,Male,Central,39,85.36,3330.35,Month-to-month,Fiber optic,5,4.0,Electronic check,No
C03876,52,Male,East,55,56.83,3218.01,Month-to-month,No,0,10.0,Electronic check,No
C03877,57,Male,West,20,44.77,1087.41,Month-to-month,No,5,10.0,Electronic check,No
C03878,31,Male,North,38,56.23,1836.74,Month-to-month,No,2,8.0,Credit card,Yes
C03879,28,Male,Central,40,114.77,4381.04,Month-to-month,Fiber optic,3,4.0,Credit card,No
C03880,20,Male,South,13,62.33,816.38,Month-to-month,No,3,2.0,Credit card,No
C03881,67,Male,South,13,104.87,1531.2,Month-to-month,Fiber optic,4,7.0,Mailed check,Yes
C03882,30,Male,West,41,47.45,1873.35,One year,DSL,3,6.0,Mailed check,No
C03883,50,Male,Central,13,80.03,1140.73,Month-to-month,DSL,1,8.0,Electronic check,No
C03884,43,Male,East,69,65.49,4815.49,One year,Fiber optic,2,5.0,Bank transfer,No
C03885,27,Male,East,38,82.92,3152.51,Month-to-month,No,3,2.0,Electronic check,Yes
C03886,41,Female,East,51,90.54,4583.32,One year,Fiber optic,1,10.0,Bank transfer,No
C03887,22,Female,South,29,138.96,4100.62,One year,Fiber optic,2,10.0,Bank transfer,Yes
C03888,28,Female,East,22,128.49,2853.78,Month-to-month,Fiber optic,1,8.0,Credit card,No
C03889,25,Female,Central,36,105.02,3819.01,One year,Fiber optic,1,1.0,Credit card,No
C03890,64,Male,South,52,42.68,2192.23,One year,DSL,2,9.0,Credit card,No
C03891,50,Female,West,29,130.69,3751.44,Month-to-month,Fiber optic,3,10.0,Electronic check,No
C03892,70,Male,West,21,127.65,2529.99,One year,DSL,2,5.0,Credit card,No
C03893,42,Female,Central,11,126.97,1488.66,One year,Fiber optic,0,6.0,Mailed check,Yes
C03894,29,Male,West,40,80.09,3047.64,Month-to-month,Fiber optic,0,1.0,Credit card,No
C03895,52,Male,Central,49,44.63,2064.3,Two year,Fiber optic,4,7.0,Electronic check,No
C03896,70,Male,West,38,111.76,4067.2,Month-to-month,Fiber optic,2,8.0,Credit card,Yes
C03897,48,Male,Central,19,69.68,1275.0,One year,No,4,3.0,Bank transfer,No
C03898,19,Female,West,18,64.63,1167.23,Two year,No,3,7.0,Credit card,No
C03899,35,Female,Central,28,69.94,1793.36,Two year,DSL,5,3.0,Electronic check,No
C03900,70,Male,Central,26,89.29,2281.59,One year,DSL,2,2.0,Bank transfer,No
C03901,47,Male,Central,15,63.35,974.51,One year,DSL,3,1.0,Electronic check,No
C03902,72,Female,East,68,104.34,6859.72,Month-to-month,DSL,2,8.0,Credit card,No
C03903,47,Female,West,24,99.49,2273.84,Month-to-month,DSL,4,3.0,Credit card,No
C03904,18,Female,Central,19,83.52,1857.58,Two year,No,1,2.0,Bank transfer,Yes
C03905,67,Female,South,44,31.21,1266.95,Month-to-month,No,4,10.0,Mailed check,No
C03906,61,Female,North,58,132.7,7802.86,Two year,DSL,2,8.0,Bank transfer,Yes
C03907,58,Female,Central,34,72.35,2383.77,Month-to-month,Fiber optic,0,3.0,Bank transfer,Yes
C03908,73,Female,West,49,76.69,3787.83,Month-to-month,No,2,8.0,Electronic check,No
C03909,29,Male,East,7,77.44,422.48,Month-to-month,Fiber optic,3,5.0,Bank transfer,Yes
C03910,69,Female,West,39,66.98,2326.96,Month-to-month,No,1,1.0,Bank transfer,Yes
C03911,31,Male,North,5,102.58,446.75,Month-to-month,No,3,3.0,Bank transfer,Yes
C03912,73,Male,East,10,26.6,332.27,Month-to-month,No,1,8.0,Bank transfer,No
C03913,28,Female,South,43,125.45,5496.09,Two year,Fiber optic,0,8.0,Electronic check,No
C03914,49,Male,South,15,36.78,573.15,One year,Fiber optic,1,5.0,Electronic check,No
C03915,62,Female,Central,3,139.97,303.3,One year,DSL,2,10.0,Bank transfer,Yes
C03916,22,Female,East,13,97.23,1402.03,Month-to-month,No,1,6.0,Electronic check,No
C03917,21,Male,North,56,32.62,1718.42,Month-to-month,DSL,3,1.0,Electronic check,No
C03918,66,Male,South,43,89.68,3757.13,One year,Fiber optic,2,10.0,Mailed check,No
C03919,21,Female,South,28,63.1,1619.77,Month-to-month,DSL,3,1.0,Mailed check,Yes
C03920,52,Female,Central,71,134.6,9493.14,Month-to-month,Fiber optic,1,10.0,Electronic check,No
C03921,71,Female,South,28,111.88,3088.3,Two year,DSL,2,1.0,Electronic check,No
C03922,53,Male,South,64,83.31,5375.84,Month-to-month,No,3,4.0,Credit card,No
C03923,45,Female,South,25,74.42,1657.56,Two year,Fiber optic,2,1.0,Electronic check,No
C03924,41,Male,North,2,139.52,209.99,Month-to-month,Fiber optic,2,8.0,Electronic check,Yes
C03925,54,Male,West,8,101.75,693.91,Month-to-month,Fiber optic,2,4.0,Electronic check,No
C03926,50,Male,East,20,84.1,1746.14,Month-to-month,Fiber optic,1,6.0,Bank transfer,Yes
C03927,46,Male,East,14,70.76,1036.02,Two year,Fiber optic,0,2.0,Credit card,No
C03928,26,Female,South,12,62.33,593.53,One year,No,0,9.0,Electronic check,No
C03929,55,Female,West,28,106.12,3045.2,One year,No,1,5.0,Bank transfer,No
C03930,60,Male,North,71,92.61,6567.46,Month-to-month,Fiber optic,0,4.0,Electronic check,No
C03931,58,Female,Central,15,122.54,1957.08,Two year,No,3,1.0,Mailed check,Yes
C03932,22,Male,East,17,88.66,1410.3,One year,Fiber optic,3,5.0,Electronic check,No
C03933,58,Female,South,72,91.97,6710.41,One year,Fiber optic,1,8.0,Electronic check,No
C03934,59,Male,East,15,79.9,1328.25,One year,Fiber optic,2,2.0,Credit card,No
C03935,28,Male,Central,60,112.7,6772.34,One year,Fiber optic,4,6.0,Electronic check,No
C03936,66,Female,North,45,72.72,3572.4,One year,Fiber optic,2,10.0,Electronic check,No
C03937,47,Female,East,67,122.97,8312.71,Month-to-month,Fiber optic,2,9.0,Mailed check,No
C03938,44,Female,East,41,62.61,2831.43,Two year,DSL,1,10.0,Mailed check,No
C03939,59,Female,Central,43,104.65,4799.95,Month-to-month,Fiber optic,3,9.0,Mailed check,No
C03940,47,Male,East,17,127.69,1919.8,Two year,Fiber optic,3,3.0,Bank transfer,No
C03941,49,Male,West,42,113.44,4937.23,Month-to-month,Fiber optic,2,2.0,Electronic check,No
C03942,35,Female,West,49,64.4,3233.05,Month-to-month,No,4,6.0,Mailed check,No
C03943,70,Female,Central,72,106.23,7685.07,Month-to-month,DSL,1,8.0,Bank transfer,No
C03944,73,Male,South,7,48.8,242.47,One year,DSL,6,4.0,Credit card,No
C03945,25,Male,West,12,31.69,246.58,Month-to-month,Fiber optic,1,3.0,Bank transfer,No
C03946,59,Female,South,2,116.01,116.01,Two year,DSL,3,2.0,Credit card,No
C03947,19,Male,Central,57,117.92,7021.44,One year,DSL,0,6.0,Bank transfer,No
C03948,39,Male,Central,6,27.64,238.95,Month-to-month,Fiber optic,1,1.0,Bank transfer,No
C03949,73,Female,South,66,134.0,8640.12,Month-to-month,DSL,3,7.0,Mailed check,No
C03950,27,Male,East,27,76.28,1901.67,One year,Fiber optic,0,9.0,Bank transfer,No
C03951,39,Male,Central,21,129.11,2411.31,Two year,DSL,1,9.0,Mailed check,No
C03952,30,Female,North,71,115.64,8389.1,Month-to-month,DSL,2,3.0,Credit card,Yes
C03953,59,Male,West,52,128.58,6692.95,Two year,Fiber optic,2,1.0,Electronic check,Yes
C03954,44,Female,Central,40,120.84,4909.98,Month-to-month,No,1,6.0,Bank transfer,No
C03955,51,Female,Central,65,137.01,8906.01,One year,Fiber optic,2,8.0,Credit card,Yes
C03956,71,Male,North,55,97.35,5496.42,One year,DSL,3,10.0,Electronic check,No
C03957,47,Female,West,46,51.13,2292.45,Month-to-month,Fiber optic,3,2.0,Credit card,Yes
C03958,59,Female,West,24,69.8,1719.52,Month-to-month,Fiber optic,3,1.0,Credit card,Yes
C03959,23,Male,North,71,111.47,7955.48,One year,Fiber optic,2,2.0,Credit card,No
C03960,30,Female,West,52,43.05,2064.56,Month-to-month,DSL,0,6.0,Bank transfer,No
C03961,71,Male,West,69,131.93,8994.71,Month-to-month,DSL,1,2.0,Mailed check,No
C03962,66,Male,Central,70,48.61,3357.26,Month-to-month,Fiber optic,0,10.0,Electronic check,No
C03963,55,Female,North,40,125.74,5077.75,One year,Fiber optic,2,4.0,Bank transfer,No
C03964,39,Female,Central,26,80.63,2304.64,Month-to-month,No,2,9.0,Electronic check,No
C03965,29,Female,East,69,121.67,8412.59,Month-to-month,Fiber optic,6,4.0,Credit card,Yes
C03966,66,Female,South,72,135.2,9721.24,Two year,Fiber optic,1,3.0,Bank transfer,Yes
C03967,62,Female,South,9,73.55,708.45,One year,Fiber optic,2,1.0,Mailed check,No
C03968,31,Male,West,46,105.11,4811.5,Month-to-month,Fiber optic,1,3.0,Electronic check,No
C03969,51,Male,Central,44,51.07,2243.67,Month-to-month,Fiber optic,2,8.0,Bank transfer,No
C03970,53,Female,South,54,117.09,6550.25,Month-to-month,DSL,0,8.0,Mailed check,No
C03971,45,Female,Central,71,119.29,8436.13,Month-to-month,No,0,7.0,Electronic check,No
C03972,70,Male,West,19,58.95,1159.34,Month-to-month,Fiber optic,4,1.0,Credit card,Yes
C03973,25,Male,North,71,27.78,1875.64,Month-to-month,Fiber optic,1,4.0,Bank transfer,No
C03974,32,Female,East,47,74.59,3694.86,Month-to-month,Fiber optic,3,6.0,Electronic check,No
C03975,23,Male,,6,44.55,130.59,One year,No,2,10.0,Credit card,No
C03976,57,Male,North,37,119.13,4397.03,Month-to-month,DSL,0,3.0,Credit card,No
C03977,54,Female,North,10,55.03,697.67,Month-to-month,No,1,2.0,Credit card,Yes
C03978,74,Male,North,69,133.52,9082.98,Two year,DSL,1,9.0,Credit card,No
C03979,48,Female,East,55,136.76,7651.98,Month-to-month,DSL,5,5.0,Electronic check,Yes
C03980,26,Female,North,66,129.52,8248.32,One year,No,3,4.0,Electronic check,No
C03981,43,Female,Central,44,93.96,3970.45,Month-to-month,DSL,0,4.0,Mailed check,Yes
C03982,23,Female,North,29,55.75,1602.62,One year,Fiber optic,1,5.0,Credit card,No
C03983,56,Female,North,31,117.83,3952.73,Month-to-month,Fiber optic,2,5.0,Credit card,Yes
C03984,56,Female,South,69,105.68,7313.74,Month-to-month,No,2,8.0,Bank transfer,No
C03985,66,Male,West,11,137.37,1536.09,One year,Fiber optic,1,7.0,Electronic check,Yes
C03986,37,Female,Central,64,68.38,4548.48,Month-to-month,Fiber optic,2,1.0,Electronic check,No
C03987,35,Female,South,31,31.76,821.61,Month-to-month,No,0,2.0,Credit card,Yes
C03988,22,Male,East,43,139.81,5711.83,Month-to-month,DSL,1,7.0,Electronic check,Yes
C03989,41,Male,West,49,121.4,6208.68,Month-to-month,Fiber optic,3,9.0,Electronic check,No
C03990,45,Male,West,6,50.47,393.52,Month-to-month,Fiber optic,0,10.0,Bank transfer,No
C03991,61,Male,North,11,108.45,1126.16,Month-to-month,Fiber optic,6,9.0,Mailed check,No
C03992,60,Male,Central,12,25.08,309.56,Month-to-month,Fiber optic,6,7.0,Electronic check,No
C03993,25,Female,Central,57,89.15,5239.37,One year,No,2,,Credit card,No
C03994,34,Male,West,6,66.73,380.99,One year,Fiber optic,3,1.0,Bank transfer,Yes
C03995,47,Male,East,44,68.85,3051.13,Month-to-month,No,1,8.0,Bank transfer,No
C03996,37,Male,South,8,53.12,724.96,Two year,DSL,5,10.0,Electronic check,No
C03997,19,Male,Central,56,56.61,2983.63,Month-to-month,Fiber optic,2,5.0,Bank transfer,No
C03998,66,Female,Central,71,77.29,5565.17,Month-to-month,Fiber optic,1,2.0,Mailed check,Yes
C03999,59,Male,East,30,53.54,1422.9,One year,DSL,2,8.0,Electronic check,No
C04000,47,Female,West,16,78.64,1492.72,One year,Fiber optic,1,4.0,Electronic check,No
C04001,36,Male,South,33,91.39,3059.84,Month-to-month,Fiber optic,2,7.0,Bank transfer,No
C04002,66,Male,West,50,106.78,5235.98,Two year,Fiber optic,4,2.0,Electronic check,Yes
C04003,20,Female,North,53,102.87,5227.02,Two year,DSL,2,4.0,Electronic check,No
C04004,43,Male,Central,46,52.83,2377.65,Month-to-month,DSL,2,8.0,Bank transfer,No
C04005,63,Female,East,42,29.51,1267.26,One year,DSL,1,9.0,Bank transfer,No
C04006,72,Female,East,46,120.76,5728.72,One year,DSL,1,3.0,Bank transfer,No
C04007,32,Female,North,16,125.32,1841.08,Two year,DSL,4,8.0,Credit card,No
C04008,55,Male,East,15,137.57,1939.86,One year,No,3,3.0,Credit card,Yes
C04009,28,Male,North,68,135.37,9130.6,Month-to-month,DSL,3,8.0,Bank transfer,No
C04010,24,Male,Central,42,97.89,3995.1,One year,No,4,5.0,Mailed check,Yes
C04011,38,Male,West,63,127.84,7976.74,Month-to-month,No,2,8.0,Bank transfer,No
C04012,68,Male,East,46,76.52,3378.14,One year,Fiber optic,0,3.0,Credit card,No
C04013,57,Female,Central,33,115.54,3875.39,One year,No,2,1.0,Bank transfer,No
C04014,45,Male,Central,42,134.86,5591.68,One year,DSL,0,8.0,Bank transfer,No
C04015,34,Female,North,50,116.57,5830.12,Month-to-month,Fiber optic,0,1.0,Credit card,No
C04016,26,Male,North,14,72.81,1064.99,Month-to-month,No,0,6.0,Electronic check,No
C04017,33,Male,South,34,68.44,2120.05,One year,No,3,1.0,Credit card,No
C04018,26,Female,North,53,58.53,3191.13,Month-to-month,DSL,6,6.0,Credit card,No
C04019,28,Male,East,7,67.21,501.89,Month-to-month,DSL,3,2.0,Electronic check,No
C04020,57,Male,East,6,119.37,747.79,Month-to-month,DSL,1,2.0,Electronic check,Yes
C04021,25,Female,East,12,105.67,1248.04,Two year,No,2,10.0,Electronic check,No
C04022,20,Female,North,43,53.74,2270.38,Month-to-month,DSL,2,10.0,Electronic check,Yes
C04023,48,Female,Central,18,106.83,1931.01,One year,Fiber optic,3,5.0,Credit card,Yes
C04024,34,Female,Central,32,68.63,2210.52,Month-to-month,Fiber optic,2,4.0,Bank transfer,No
C04025,43,Female,East,10,89.14,714.37,Two year,Fiber optic,4,7.0,Credit card,Yes
C04026,25,Female,North,19,67.59,1520.5,Month-to-month,Fiber optic,1,4.0,Bank transfer,No
C04027,29,Female,South,2,84.99,84.99,Month-to-month,Fiber optic,1,2.0,Credit card,Yes
C04028,43,Male,West,59,108.93,6436.88,Month-to-month,Fiber optic,2,3.0,Bank transfer,Yes
C04029,57,Female,West,34,109.08,3883.5,Month-to-month,Fiber optic,2,7.0,Bank transfer,Yes
C04030,41,Male,South,13,111.62,1399.79,Two year,Fiber optic,5,10.0,Bank transfer,No
C04031,48,Male,Central,38,69.97,2694.41,One year,Fiber optic,3,7.0,Bank transfer,No
C04032,47,Male,Central,68,104.41,6799.88,One year,Fiber optic,4,7.0,Electronic check,No
C04033,33,Female,East,60,52.45,2849.73,One year,Fiber optic,2,8.0,Credit card,No
C04034,33,Male,South,64,79.9,5109.76,Two year,Fiber optic,1,1.0,Bank transfer,No
C04035,42,Female,East,30,92.06,2790.22,Two year,Fiber optic,2,7.0,Electronic check,No
C04036,19,Male,North,26,103.95,2868.62,One year,DSL,4,2.0,Electronic check,Yes
C04037,57,Female,East,23,129.88,3107.41,Month-to-month,DSL,3,5.0,Credit card,No
C04038,53,Female,North,22,60.05,1082.29,Month-to-month,No,1,5.0,Credit card,No
C04039,35,Female,North,67,122.21,8378.31,One year,No,2,,Mailed check,No
C04040,39,Male,East,10,60.78,429.22,One year,DSL,2,2.0,Bank transfer,Yes
C04041,36,Female,East,62,88.47,5614.56,One year,Fiber optic,5,10.0,Electronic check,No
C04042,55,Male,Central,66,120.23,7867.42,Month-to-month,Fiber optic,3,7.0,Credit card,No
C04043,61,Female,East,61,108.16,6897.76,One year,Fiber optic,0,4.0,Bank transfer,No
C04044,24,Male,Central,46,124.23,5626.03,Month-to-month,DSL,2,4.0,Bank transfer,Yes
C04045,41,Female,Central,62,118.71,7348.92,Month-to-month,No,1,2.0,Credit card,No
C04046,18,Female,South,3,56.78,194.09,Two year,DSL,1,4.0,Electronic check,No
C04047,43,Female,Central,59,139.19,8175.83,One year,No,1,2.0,Mailed check,No
C04048,32,Female,East,37,132.75,4762.17,Month-to-month,DSL,0,8.0,Credit card,No
C04049,37,Male,East,70,74.47,5512.9,Month-to-month,DSL,1,8.0,Electronic check,No
C04050,44,Female,North,7,30.43,121.41,One year,DSL,0,6.0,Electronic check,No
C04051,36,,South,67,59.9,3916.33,Month-to-month,DSL,0,10.0,Bank transfer,No
C04052,40,Female,East,42,121.16,5072.31,Month-to-month,No,1,2.0,Credit card,Yes
C04053,61,,South,8,134.35,1103.79,One year,Fiber optic,2,9.0,Electronic check,No
C04054,64,Female,,37,120.64,4360.95,One year,DSL,2,4.0,Credit card,No
C04055,18,Female,North,3,70.63,354.91,Month-to-month,No,0,8.0,Mailed check,Yes
C04056,39,Female,South,6,31.5,211.91,Month-to-month,DSL,1,9.0,Credit card,No
C04057,66,,West,39,84.52,3299.29,One year,DSL,1,2.0,Credit card,No
C04058,48,Male,West,59,68.28,4112.23,Month-to-month,DSL,1,9.0,Electronic check,No
C04059,29,Female,Central,8,39.14,185.83,Month-to-month,Fiber optic,2,10.0,Electronic check,No
C04060,51,Female,Central,19,37.17,618.47,Month-to-month,No,1,8.0,Mailed check,No
C04061,26,Female,Central,29,42.6,1232.09,Month-to-month,DSL,0,2.0,Electronic check,No
C04062,19,Female,North,39,48.67,2037.62,One year,Fiber optic,2,9.0,Electronic check,No
C04063,54,Female,West,1,111.69,111.69,Month-to-month,DSL,3,3.0,Electronic check,Yes
C04064,47,Male,South,47,68.9,3190.73,Two year,DSL,5,1.0,Electronic check,Yes
C04065,61,Female,South,36,75.25,2409.0,Month-to-month,Fiber optic,3,7.0,Credit card,No
C04066,37,Female,South,70,93.81,6462.67,One year,Fiber optic,6,2.0,Mailed check,Yes
C04067,66,Female,East,22,135.42,2731.66,Month-to-month,Fiber optic,2,6.0,Electronic check,No
C04068,42,Male,North,36,111.99,3821.42,One year,DSL,3,1.0,Electronic check,No
C04069,60,Female,East,6,99.26,650.43,Two year,DSL,1,8.0,Credit card,Yes
C04070,23,Female,North,67,110.54,7706.18,Month-to-month,Fiber optic,4,2.0,Mailed check,Yes
C04071,23,Male,East,61,107.72,6600.06,Month-to-month,Fiber optic,3,7.0,Mailed check,Yes
C04072,62,Male,West,26,104.38,2763.79,Two year,Fiber optic,3,9.0,Mailed check,No
C04073,65,Male,North,34,82.09,2676.98,Two year,DSL,2,1.0,Electronic check,No
C04074,71,Female,North,62,90.19,5434.52,Two year,Fiber optic,3,1.0,Bank transfer,No
C04075,36,Male,Central,22,78.07,2017.54,Month-to-month,DSL,1,9.0,Bank transfer,No
C04076,19,Female,West,17,70.42,1076.33,Month-to-month,Fiber optic,1,5.0,Electronic check,No
C04077,73,Female,South,18,56.14,710.54,Month-to-month,Fiber optic,2,6.0,Bank transfer,No
C04078,52,Male,Central,51,65.85,3395.18,One year,DSL,0,3.0,Bank transfer,No
C04079,32,Male,South,16,74.28,1124.02,Month-to-month,Fiber optic,1,5.0,Bank transfer,No
C04080,61,Male,Central,7,91.63,730.79,Month-to-month,Fiber optic,1,9.0,Electronic check,No
C04081,69,Female,North,12,82.49,1225.02,One year,Fiber optic,4,9.0,Electronic check,No
C04082,34,Male,West,71,37.41,2711.46,Month-to-month,No,2,9.0,Credit card,No
C04083,61,Male,North,63,64.1,4072.34,One year,Fiber optic,3,3.0,Electronic check,No
C04084,62,Male,North,69,68.26,4808.88,Month-to-month,DSL,4,8.0,Electronic check,No
C04085,46,Male,East,20,106.3,2426.0,Two year,Fiber optic,2,5.0,Bank transfer,No
C04086,54,Female,North,32,63.28,2324.96,Month-to-month,Fiber optic,0,4.0,Electronic check,No
C04087,33,Female,,36,25.91,885.37,One year,Fiber optic,1,4.0,Electronic check,No
C04088,70,Male,South,38,34.7,1461.07,Month-to-month,Fiber optic,2,10.0,Electronic check,No
C04089,74,Male,North,2,82.15,432.21,Month-to-month,DSL,4,2.0,Electronic check,No
C04090,73,Male,Central,44,46.68,2157.93,Month-to-month,DSL,2,9.0,Electronic check,No
C04091,60,Female,Central,3,81.88,235.69,Two year,DSL,3,10.0,Bank transfer,Yes
C04092,20,Male,Central,20,91.03,1745.93,Month-to-month,No,1,7.0,Bank transfer,No
C04093,38,Female,North,22,132.35,2926.49,Month-to-month,Fiber optic,2,1.0,Electronic check,Yes
C04094,43,Female,South,49,100.39,4748.14,One year,Fiber optic,3,7.0,Credit card,No
C04095,72,Male,South,65,28.57,1991.35,Month-to-month,DSL,3,2.0,Electronic check,No
C04096,49,Male,South,51,68.78,3716.42,Month-to-month,No,3,4.0,Electronic check,No
C04097,48,Male,East,32,116.25,3660.46,Month-to-month,No,2,1.0,Bank transfer,Yes
C04098,26,Female,East,38,54.96,2020.9,Month-to-month,Fiber optic,1,8.0,Mailed check,No
C04099,63,Male,East,37,131.37,4702.27,Month-to-month,Fiber optic,1,5.0,Electronic check,No
C04100,37,Male,South,11,85.84,1014.28,Month-to-month,No,0,10.0,Bank transfer,No
C04101,23,Male,Central,69,35.63,2456.84,Month-to-month,DSL,2,7.0,Electronic check,Yes
C04102,74,Male,Central,67,52.79,3320.42,Month-to-month,Fiber optic,2,4.0,Bank transfer,No
C04103,28,Male,South,18,129.22,2625.96,One year,Fiber optic,1,8.0,Credit card,No
C04104,18,Female,South,9,139.02,984.44,One year,Fiber optic,2,3.0,Credit card,No
C04105,22,Male,East,12,124.25,1275.03,Month-to-month,Fiber optic,5,3.0,Bank transfer,Yes
C04106,43,Male,South,46,61.88,2987.41,Month-to-month,Fiber optic,4,3.0,Bank transfer,No
C04107,23,Male,Central,3,113.41,438.79,One year,DSL,2,8.0,Mailed check,No
C04108,66,Female,East,8,50.56,297.33,Month-to-month,Fiber optic,3,10.0,Credit card,No
C04109,47,Male,North,47,69.22,3136.53,Two year,Fiber optic,2,9.0,Mailed check,No
C04110,36,Male,North,11,105.17,1225.55,Month-to-month,DSL,0,6.0,Bank transfer,No
C04111,18,Male,North,5,136.42,738.82,Month-to-month,Fiber optic,2,1.0,Credit card,Yes
C04112,45,Female,South,2,75.51,75.51,Month-to-month,DSL,0,10.0,Credit card,No
C04113,26,Female,South,51,82.02,4332.1,One year,No,1,4.0,Mailed check,No
C04114,73,Female,Central,27,50.32,1444.42,Month-to-month,DSL,2,7.0,Credit card,No
C04115,34,Female,Central,21,71.37,1699.24,Month-to-month,DSL,0,5.0,Electronic check,Yes
C04116,45,Female,North,47,32.25,1508.28,Month-to-month,Fiber optic,4,3.0,Electronic check,No
C04117,19,Male,Central,13,123.74,1730.15,One year,DSL,3,4.0,Electronic check,Yes
C04118,25,Male,East,38,27.68,1017.6,Month-to-month,Fiber optic,4,6.0,Electronic check,No
C04119,29,Male,South,35,103.61,3707.51,One year,Fiber optic,1,5.0,Electronic check,No
C04120,20,Female,East,49,56.42,2818.25,Month-to-month,No,2,2.0,Bank transfer,Yes
C04121,59,Female,East,45,79.75,3715.96,Month-to-month,DSL,2,4.0,Credit card,Yes
C04122,71,Female,North,49,57.38,2889.54,Month-to-month,DSL,2,5.0,Electronic check,No
C04123,74,Female,Central,16,71.01,852.83,Two year,DSL,1,7.0,Electronic check,No
C04124,33,Male,North,11,87.88,872.7,Month-to-month,No,2,5.0,Electronic check,Yes
C04125,62,Male,North,39,98.7,3861.78,Month-to-month,No,1,2.0,Credit card,No
C04126,46,Male,South,5,133.13,735.61,Two year,DSL,4,6.0,Credit card,Yes
C04127,20,Female,North,33,63.2,2209.33,Month-to-month,DSL,0,9.0,Mailed check,No
C04128,23,Female,North,46,92.26,4326.26,Month-to-month,DSL,2,4.0,Credit card,Yes
C04129,49,Male,South,60,128.7,7616.3,Month-to-month,DSL,4,7.0,Bank transfer,No
C04130,42,Male,South,48,58.38,2939.96,One year,DSL,2,5.0,Electronic check,No
C04131,18,Female,North,72,124.48,8841.2,Month-to-month,No,1,3.0,Bank transfer,No
C04132,71,Female,Central,41,135.12,5729.41,Two year,DSL,2,9.0,Bank transfer,No
C04133,59,Female,Central,33,122.46,4240.68,One year,No,2,10.0,Mailed check,No
C04134,46,Female,West,18,90.53,1628.02,Month-to-month,DSL,3,2.0,Bank transfer,Yes
C04135,74,Male,East,49,108.04,5196.76,Month-to-month,No,2,7.0,Mailed check,No
C04136,73,Male,Central,59,80.32,4634.47,One year,Fiber optic,1,10.0,Mailed check,No
C04137,73,Female,South,24,93.68,2084.22,Two year,DSL,3,6.0,Mailed check,No
C04138,32,Female,East,6,137.06,683.97,Two year,Fiber optic,5,6.0,Credit card,Yes
C04139,68,Female,North,1,53.88,53.88,Month-to-month,DSL,2,10.0,Electronic check,Yes
C04140,46,Female,West,46,116.14,5258.53,One year,No,2,7.0,Credit card,No
C04141,59,Female,North,48,83.22,3753.07,One year,Fiber optic,1,9.0,Mailed check,No
C04142,66,Male,West,9,45.34,335.52,Two year,No,2,2.0,Mailed check,Yes
C04143,27,Male,West,2,99.01,211.95,Month-to-month,No,1,6.0,Mailed check,No
C04144,43,Female,South,48,116.13,5523.37,One year,DSL,3,2.0,Credit card,Yes
C04145,25,Female,West,29,90.41,2487.65,One year,Fiber optic,1,3.0,Bank transfer,No
C04146,33,Male,South,31,121.3,3460.3,Two year,Fiber optic,3,,Credit card,No
C04147,41,Female,South,19,67.07,1446.15,One year,DSL,5,9.0,Bank transfer,No
C04148,66,Male,East,52,130.08,6758.22,Two year,Fiber optic,1,10.0,Credit card,Yes
C04149,67,Male,South,54,99.56,5424.35,Month-to-month,DSL,3,8.0,Electronic check,No
C04150,40,Female,West,4,117.36,496.56,Month-to-month,Fiber optic,1,6.0,Credit card,Yes
C04151,36,Female,South,7,56.39,469.34,Month-to-month,Fiber optic,2,5.0,Electronic check,No
C04152,48,Male,East,40,76.3,3088.09,One year,DSL,0,2.0,Credit card,No
C04153,69,Male,Central,44,129.61,5717.63,Month-to-month,No,4,8.0,Bank transfer,Yes
C04154,73,Female,South,11,30.85,453.84,One year,No,2,8.0,Electronic check,Yes
C04155,30,Female,East,12,71.46,1004.2,Two year,DSL,1,2.0,Bank transfer,No
C04156,28,Male,Central,50,114.74,5944.49,Two year,DSL,1,10.0,Electronic check,No
C04157,58,Female,South,33,110.54,3523.03,One year,Fiber optic,4,4.0,Electronic check,Yes
C04158,35,Male,North,9,122.94,1143.87,One year,DSL,1,7.0,Electronic check,No
C04159,29,Female,South,44,110.03,4600.51,Month-to-month,Fiber optic,0,2.0,Electronic check,No
C04160,19,Male,Central,6,133.92,731.31,Month-to-month,Fiber optic,2,2.0,Bank transfer,Yes
C04161,40,Female,West,17,82.3,1369.55,Month-to-month,DSL,2,7.0,Bank transfer,No
C04162,40,Female,Central,52,96.79,5144.22,One year,DSL,2,5.0,Bank transfer,No
C04163,50,Female,South,17,122.49,2064.66,Month-to-month,DSL,1,1.0,Bank transfer,Yes
C04164,29,Female,Central,5,105.69,629.37,Month-to-month,DSL,2,10.0,Bank transfer,Yes
C04165,58,Female,South,70,36.74,2520.04,One year,Fiber optic,4,9.0,Bank transfer,No
C04166,56,Female,West,17,67.2,1055.74,Month-to-month,DSL,1,2.0,Credit card,No
C04167,44,Female,Central,38,88.55,3244.58,Two year,No,0,7.0,Electronic check,No
C04168,28,Female,South,60,111.79,6811.01,Month-to-month,Fiber optic,0,2.0,Mailed check,No
C04169,46,Female,Central,72,87.51,6243.96,Two year,DSL,1,8.0,Credit card,No
C04170,56,Female,West,59,114.42,6450.78,Month-to-month,Fiber optic,2,8.0,Mailed check,No
C04171,39,Female,West,25,121.33,3128.61,One year,Fiber optic,1,8.0,Mailed check,No
C04172,33,Female,West,62,55.49,3300.99,One year,Fiber optic,0,6.0,Credit card,No
C04173,46,Male,North,1,95.85,124.83,Month-to-month,Fiber optic,1,1.0,Mailed check,No
C04174,38,Female,West,24,89.07,1968.31,Month-to-month,DSL,1,3.0,Electronic check,No
C04175,40,Male,South,15,51.14,769.31,Two year,DSL,3,10.0,Bank transfer,No
C04176,37,Female,South,39,81.34,2872.26,Month-to-month,DSL,4,7.0,Bank transfer,No
C04177,35,Male,North,65,88.09,5720.8,One year,DSL,4,4.0,Bank transfer,No
C04178,58,Female,North,56,118.99,6532.16,Month-to-month,Fiber optic,5,10.0,Credit card,No
C04179,44,Male,Central,72,78.01,5426.56,One year,No,1,5.0,Electronic check,No
C04180,44,Female,South,10,34.31,457.73,Month-to-month,Fiber optic,3,9.0,Electronic check,No
C04181,55,Female,South,55,81.04,4439.4,One year,No,1,9.0,Credit card,No
C04182,38,Male,East,53,121.36,6395.46,One year,Fiber optic,4,1.0,Credit card,Yes
C04183,23,Female,West,33,90.69,2884.12,Month-to-month,DSL,3,10.0,Credit card,No
C04184,66,Male,East,8,61.67,627.55,Month-to-month,No,1,9.0,Bank transfer,Yes
C04185,21,Female,East,8,130.91,982.07,Two year,DSL,2,10.0,Credit card,No
C04186,50,Female,Central,66,42.9,3054.56,One year,DSL,2,7.0,Electronic check,No
C04187,33,Male,East,22,62.59,1561.42,Two year,No,3,7.0,Electronic check,No
C04188,30,Male,West,46,75.27,3676.22,One year,Fiber optic,0,3.0,Mailed check,No
C04189,20,Male,Central,69,109.87,7726.23,One year,No,0,2.0,Bank transfer,No
C04190,69,Male,West,36,121.11,4269.02,One year,DSL,3,1.0,Credit card,Yes
C04191,42,Male,North,16,31.73,515.55,Two year,Fiber optic,3,2.0,Credit card,No
C04192,37,Female,South,35,116.08,4032.34,Month-to-month,DSL,3,10.0,Electronic check,No
C04193,60,Female,West,17,107.86,1959.35,Month-to-month,Fiber optic,0,3.0,Electronic check,Yes
C04194,20,Male,East,14,127.89,1788.87,Two year,No,2,1.0,Bank transfer,No
C04195,50,Male,South,59,128.55,7547.96,Two year,Fiber optic,2,7.0,Electronic check,No
C04196,46,Male,South,25,114.42,3109.2,Month-to-month,Fiber optic,2,2.0,Electronic check,No
C04197,49,Female,,50,46.87,2294.39,Month-to-month,No,1,6.0,Credit card,No
C04198,25,Male,South,53,61.1,3144.63,One year,No,4,7.0,Bank transfer,No
C04199,72,Male,West,40,132.68,5246.91,One year,DSL,3,6.0,Credit card,No
C04200,31,Male,North,39,93.79,3818.5,Month-to-month,DSL,2,8.0,Bank transfer,No
C04201,56,Male,Central,13,86.96,1158.65,One year,No,2,1.0,Mailed check,Yes
C04202,60,,South,39,130.31,5150.86,Month-to-month,Fiber optic,1,3.0,Mailed check,No
C04203,37,Male,Central,55,125.53,6939.55,Month-to-month,Fiber optic,3,5.0,Credit card,No
C04204,25,Female,South,15,108.66,1329.9,One year,DSL,0,8.0,Electronic check,No
C04205,34,Female,Central,17,126.46,1989.5,Month-to-month,DSL,1,6.0,Credit card,No
C04206,63,Female,East,50,38.09,1862.68,One year,No,0,8.0,Mailed check,No
C04207,69,Male,Central,71,112.12,8007.73,Month-to-month,Fiber optic,2,8.0,Bank transfer,No
C04208,71,,North,29,136.05,3797.8,One year,Fiber optic,1,9.0,Mailed check,No
C04209,30,Male,West,60,30.63,1685.53,Month-to-month,DSL,2,7.0,Credit card,No
C04210,52,Female,South,14,50.65,662.26,Two year,DSL,2,8.0,Electronic check,No
C04211,26,Female,South,42,116.31,5083.96,One year,Fiber optic,5,7.0,Credit card,No
C04212,58,Male,North,68,84.81,5467.08,Month-to-month,No,4,1.0,Mailed check,Yes
C04213,41,Female,Central,32,34.96,818.72,Two year,DSL,3,3.0,Electronic check,No
C04214,58,Female,West,37,55.82,2325.64,Month-to-month,Fiber optic,2,9.0,Credit card,Yes
C04215,57,Female,Central,12,62.27,517.68,Month-to-month,Fiber optic,7,1.0,Credit card,Yes
C04216,74,Male,East,39,61.92,2354.08,Two year,DSL,3,6.0,Credit card,No
C04217,45,Female,North,43,125.93,5189.88,Two year,Fiber optic,2,8.0,Credit card,No
C04218,37,Male,South,71,101.13,7134.84,One year,Fiber optic,1,5.0,Credit card,Yes
C04219,48,Male,East,15,109.52,1622.38,Two year,DSL,0,2.0,Mailed check,Yes
C04220,27,Female,North,27,26.56,958.72,Month-to-month,Fiber optic,3,1.0,Electronic check,No
C04221,24,Male,Central,47,74.16,3593.62,Month-to-month,DSL,1,7.0,Bank transfer,No
C04222,47,Female,Central,68,61.55,3992.93,Month-to-month,Fiber optic,4,6.0,Electronic check,No
C04223,65,Male,East,18,122.97,1927.26,Month-to-month,No,2,7.0,Electronic check,Yes
C04224,48,Male,East,51,134.7,6944.65,One year,No,2,2.0,Electronic check,No
C04225,62,Male,West,64,73.68,4637.58,Month-to-month,Fiber optic,1,5.0,Electronic check,No
C04226,28,Female,West,46,136.9,6188.93,One year,Fiber optic,1,6.0,Credit card,No
C04227,43,Female,North,31,26.65,1003.87,Month-to-month,DSL,5,9.0,Electronic check,No
C04228,52,Male,East,17,62.46,798.35,Month-to-month,Fiber optic,1,2.0,Electronic check,No
C04229,37,Female,West,21,114.12,2341.57,One year,DSL,2,7.0,Mailed check,Yes
C04230,18,Male,Central,4,66.41,360.26,Month-to-month,Fiber optic,4,7.0,Bank transfer,Yes
C04231,22,Female,East,11,130.91,1262.96,One year,DSL,1,6.0,Mailed check,No
C04232,70,Male,Central,32,50.12,1798.56,One year,Fiber optic,2,,Bank transfer,No
C04233,52,Female,East,11,116.5,1129.75,One year,Fiber optic,2,2.0,Credit card,Yes
C04234,33,Male,South,1,48.2,48.2,Two year,Fiber optic,1,7.0,Credit card,No
C04235,32,Male,East,50,47.67,2279.5,Two year,Fiber optic,2,7.0,Mailed check,No
C04236,20,Female,West,6,76.26,157.56,Month-to-month,Fiber optic,3,7.0,Credit card,Yes
C04237,71,Female,Central,11,133.67,1407.28,One year,Fiber optic,1,8.0,Credit card,Yes
C04238,24,Male,South,43,92.33,4089.03,Month-to-month,No,3,4.0,Electronic check,Yes
C04239,61,Female,South,67,98.03,6412.83,Month-to-month,Fiber optic,4,3.0,Electronic check,Yes
C04240,31,Female,West,53,26.12,1290.13,One year,DSL,1,10.0,Bank transfer,No
C04241,37,Male,West,3,31.51,31.51,One year,No,3,7.0,Electronic check,No
C04242,33,Male,South,13,32.7,505.51,Two year,DSL,0,6.0,Electronic check,No
C04243,64,Female,West,54,119.26,6386.08,One year,DSL,2,6.0,Bank transfer,Yes
C04244,19,Female,North,53,52.24,2772.2,One year,DSL,3,8.0,Bank transfer,Yes
C04245,38,Female,South,29,62.82,1827.22,One year,Fiber optic,1,4.0,Mailed check,No
C04246,33,Female,Central,69,95.14,6486.15,Month-to-month,Fiber optic,1,5.0,Bank transfer,No
C04247,33,Female,East,64,92.15,6151.04,Month-to-month,Fiber optic,5,1.0,Electronic check,Yes
C04248,28,Female,Central,54,72.21,3745.55,Month-to-month,No,2,8.0,Credit card,No
C04249,70,Female,South,54,25.49,1481.91,One year,Fiber optic,2,6.0,Electronic check,No
C04250,39,Male,South,57,76.7,4563.27,Month-to-month,DSL,2,9.0,Electronic check,No
C04251,41,Female,Central,11,109.97,1188.92,Month-to-month,Fiber optic,2,3.0,Mailed check,Yes
C04252,39,Female,Central,51,52.05,2663.68,Month-to-month,Fiber optic,3,5.0,Bank transfer,Yes
C04253,73,Male,Central,68,106.46,7318.83,One year,Fiber optic,1,1.0,Electronic check,No
C04254,37,Female,South,17,26.74,398.89,Month-to-month,Fiber optic,5,10.0,Credit card,No
C04255,37,Female,Central,2,129.42,129.42,Month-to-month,Fiber optic,1,4.0,Mailed check,Yes
C04256,36,Male,East,26,134.25,3453.09,Month-to-month,Fiber optic,2,2.0,Credit card,No
C04257,36,Male,Central,20,25.28,752.47,Month-to-month,DSL,2,7.0,Electronic check,No
C04258,23,Male,Central,69,77.65,5443.18,Month-to-month,No,2,9.0,Electronic check,No
C04259,52,,East,33,72.59,2407.04,Two year,DSL,0,2.0,Credit card,No
C04260,19,Male,South,48,121.82,5960.8,Month-to-month,DSL,2,6.0,Credit card,Yes
C04261,30,Male,Central,71,87.18,6168.12,Month-to-month,Fiber optic,1,5.0,Bank transfer,No
C04262,29,Male,East,57,95.31,5437.09,One year,No,2,2.0,Electronic check,No
C04263,34,Male,East,54,48.29,2542.98,One year,Fiber optic,2,3.0,Credit card,No
C04264,61,Male,West,70,33.86,2441.83,Month-to-month,Fiber optic,0,7.0,Electronic check,No
C04265,52,Female,Central,50,104.62,5150.58,Month-to-month,No,1,10.0,Electronic check,No
C04266,74,Male,North,17,96.38,1591.17,Two year,Fiber optic,2,2.0,Electronic check,No
C04267,38,Female,Central,53,120.72,6530.01,Two year,Fiber optic,1,7.0,Credit card,No
C04268,70,Male,East,24,122.14,2902.21,Month-to-month,Fiber optic,1,9.0,Credit card,No
C04269,20,Female,North,24,97.57,2426.47,One year,Fiber optic,0,8.0,Electronic check,No
C04270,46,Female,South,47,86.91,4181.96,Month-to-month,Fiber optic,2,9.0,Mailed check,No
C04271,63,Female,East,23,130.11,2981.02,Month-to-month,No,4,10.0,Electronic check,Yes
C04272,48,Male,West,2,117.15,181.87,Month-to-month,DSL,2,7.0,Bank transfer,No
C04273,71,Female,East,72,126.48,8908.6,One year,DSL,2,1.0,Mailed check,No
C04274,35,Male,North,42,139.52,5695.38,Month-to-month,Fiber optic,1,3.0,Electronic check,No
C04275,19,Male,East,49,71.4,3589.97,Month-to-month,Fiber optic,1,5.0,Electronic check,No
C04276,62,Female,South,59,107.45,6428.14,Month-to-month,Fiber optic,2,10.0,Electronic check,No
C04277,21,Male,South,46,104.13,4641.5,Month-to-month,No,1,3.0,Mailed check,No
C04278,61,Male,West,44,45.03,2040.78,Month-to-month,Fiber optic,0,9.0,Credit card,No
C04279,59,Female,Central,58,98.2,5728.05,Month-to-month,No,3,7.0,Electronic check,No
C04280,66,Male,North,22,74.23,1773.39,One year,DSL,3,8.0,Electronic check,Yes
C04281,45,Female,West,60,76.82,4909.2,Month-to-month,DSL,0,2.0,Electronic check,Yes
C04282,69,Male,East,53,45.72,2509.38,Month-to-month,DSL,2,4.0,Credit card,No
C04283,27,Male,South,14,110.65,1445.48,One year,Fiber optic,0,5.0,Bank transfer,Yes
C04284,42,Male,West,11,105.26,1269.37,Month-to-month,DSL,1,5.0,Credit card,No
C04285,24,Male,South,64,86.21,5361.15,Month-to-month,DSL,5,9.0,Electronic check,No
C04286,61,Male,West,65,43.02,3096.3,Two year,Fiber optic,4,4.0,Bank transfer,No
C04287,58,Male,East,72,89.04,6226.92,One year,DSL,1,9.0,Mailed check,No
C04288,63,Male,North,8,36.52,357.94,Month-to-month,Fiber optic,1,9.0,Credit card,No
C04289,61,Male,West,65,64.03,4162.23,Month-to-month,No,1,7.0,Bank transfer,No
C04290,35,Male,Central,63,67.82,4210.61,Month-to-month,DSL,1,4.0,Mailed check,No
C04291,21,Female,East,56,126.59,7017.55,Month-to-month,Fiber optic,1,1.0,Credit card,No
C04292,70,Female,West,36,72.79,2824.71,Two year,DSL,2,3.0,Electronic check,No
C04293,46,Female,North,37,93.82,3556.31,One year,DSL,0,7.0,Credit card,No
C04294,23,Female,South,31,125.6,3870.75,Month-to-month,DSL,3,3.0,Electronic check,No
C04295,70,Male,South,3,73.96,481.71,Month-to-month,Fiber optic,1,10.0,Electronic check,No
C04296,74,Male,West,37,126.63,4667.51,Month-to-month,Fiber optic,3,5.0,Bank transfer,No
C04297,43,Female,South,18,40.69,842.65,Month-to-month,Fiber optic,1,3.0,Mailed check,No
C04298,61,Male,West,15,66.96,803.34,Month-to-month,No,5,7.0,Bank transfer,No
C04299,20,Female,South,5,35.89,35.89,Month-to-month,DSL,4,2.0,Mailed check,Yes
C04300,23,Male,West,33,89.51,3060.29,Two year,Fiber optic,5,9.0,Mailed check,No
C04301,33,Male,South,4,135.09,586.57,One year,Fiber optic,5,6.0,Bank transfer,Yes
C04302,55,Female,East,62,100.55,6534.1,Two year,DSL,2,10.0,Mailed check,No
C04303,25,Female,North,65,97.0,6199.2,Two year,Fiber optic,4,9.0,Mailed check,No
C04304,19,Female,West,58,56.99,3406.78,Two year,DSL,3,1.0,Electronic check,No
C04305,56,Male,North,22,132.08,2868.9,Two year,DSL,2,9.0,Mailed check,No
C04306,61,Male,Central,12,79.23,1077.99,Month-to-month,DSL,1,1.0,Mailed check,Yes
C04307,60,Female,Central,37,55.71,2176.59,Month-to-month,DSL,7,8.0,Electronic check,No
C04308,63,Male,East,49,138.59,6786.78,Month-to-month,No,4,4.0,Credit card,Yes
C04309,63,Female,Central,2,73.66,73.66,One year,No,2,4.0,Electronic check,No
C04310,52,Male,Central,62,67.72,4147.76,One year,Fiber optic,0,9.0,Credit card,No
C04311,47,Female,North,32,29.02,761.72,Month-to-month,Fiber optic,2,3.0,Credit card,Yes
C04312,66,Female,West,60,45.5,2784.72,Two year,No,2,10.0,Electronic check,No
C04313,37,Male,South,6,118.06,408.36,One year,Fiber optic,1,1.0,Bank transfer,No
C04314,23,Female,Central,31,80.51,2408.64,One year,Fiber optic,4,2.0,Credit card,Yes
C04315,60,Male,Central,33,134.81,4584.35,Month-to-month,Fiber optic,1,4.0,Electronic check,Yes
C04316,33,Male,Central,4,34.65,270.63,Month-to-month,No,4,3.0,Bank transfer,Yes
C04317,73,Female,East,51,95.83,4645.52,Month-to-month,Fiber optic,3,9.0,Mailed check,No
C04318,41,Female,North,68,107.8,7417.83,Month-to-month,DSL,1,10.0,Electronic check,No
C04319,66,Male,North,39,96.44,3589.98,One year,Fiber optic,5,5.0,Credit card,No
C04320,20,Male,North,29,85.94,2435.51,Month-to-month,DSL,1,6.0,Electronic check,No
C04321,55,Male,Central,46,91.5,4323.89,Month-to-month,DSL,3,4.0,Electronic check,Yes
C04322,43,Female,East,26,104.3,2565.53,Month-to-month,Fiber optic,3,5.0,Credit card,Yes
C04323,44,Female,South,26,124.28,3445.32,One year,Fiber optic,2,4.0,Electronic check,Yes
C04324,33,Female,East,55,63.68,3540.94,Month-to-month,DSL,2,3.0,Bank transfer,No
C04325,73,Male,North,43,77.86,3417.39,Two year,DSL,2,7.0,Electronic check,No
C04326,40,Male,East,20,98.13,2124.18,Month-to-month,Fiber optic,1,2.0,Bank transfer,No
C04327,66,Male,East,30,61.13,1967.47,Two year,DSL,2,3.0,Electronic check,Yes
C04328,42,Male,West,61,45.56,2899.64,Month-to-month,No,2,2.0,Mailed check,No
C04329,20,Male,North,39,136.11,5209.63,Month-to-month,Fiber optic,4,5.0,Credit card,Yes
C04330,68,Female,Central,6,47.39,117.7,Two year,Fiber optic,2,7.0,Electronic check,No
C04331,28,Male,North,62,51.76,3166.78,One year,DSL,2,6.0,Electronic check,No
C04332,33,Male,East,54,96.15,5263.26,One year,No,2,8.0,Credit card,No
C04333,67,,South,20,33.9,485.16,One year,No,5,6.0,Mailed check,No
C04334,68,Female,West,70,28.92,2111.83,Month-to-month,DSL,5,4.0,Credit card,No
C04335,70,Female,West,69,32.36,2289.01,One year,Fiber optic,0,10.0,Credit card,No
C04336,42,Male,North,72,39.18,2793.69,Month-to-month,Fiber optic,2,7.0,Bank transfer,No
C04337,61,Male,East,28,74.36,2091.31,One year,DSL,2,1.0,Electronic check,No
C04338,36,Female,East,67,120.36,8073.89,Two year,Fiber optic,3,2.0,Bank transfer,No
C04339,60,Female,East,59,64.33,3861.71,Two year,No,0,7.0,Electronic check,No
C04340,46,Male,North,63,74.17,4784.67,One year,Fiber optic,2,1.0,Bank transfer,No
C04341,20,Female,North,40,94.03,4061.2,One year,No,1,2.0,Mailed check,No
C04342,41,Male,East,21,59.75,1280.11,Month-to-month,DSL,4,1.0,Electronic check,Yes
C04343,44,Male,South,17,74.74,1173.96,Month-to-month,No,2,9.0,Electronic check,No
C04344,32,Male,East,70,69.43,4574.17,Two year,No,3,2.0,Bank transfer,No
C04345,39,Female,North,37,64.32,2168.65,One year,DSL,2,3.0,Bank transfer,Yes
C04346,46,Male,West,67,69.67,4554.28,Month-to-month,Fiber optic,5,10.0,Credit card,No
C04347,20,Female,North,40,26.28,1154.62,One year,Fiber optic,2,2.0,Credit card,No
C04348,26,Male,West,39,126.92,4890.65,Month-to-month,No,0,3.0,Electronic check,Yes
C04349,61,Male,Central,6,137.39,885.35,One year,DSL,2,9.0,Bank transfer,No
C04350,38,Female,South,29,124.19,3491.7,One year,Fiber optic,2,2.0,Electronic check,No
C04351,52,,North,41,25.66,1120.38,Month-to-month,Fiber optic,2,3.0,Credit card,No
C04352,50,Male,North,8,111.35,1021.66,Month-to-month,Fiber optic,0,8.0,Electronic check,No
C04353,49,Male,South,12,90.91,1030.59,One year,Fiber optic,1,1.0,Electronic check,Yes
C04354,41,Male,North,43,35.83,1605.94,Month-to-month,Fiber optic,1,4.0,Bank transfer,No
C04355,45,Male,Central,18,132.28,2314.98,Two year,No,1,3.0,Credit card,No
C04356,64,Male,Central,51,114.26,5642.48,Month-to-month,DSL,1,3.0,Credit card,No
C04357,73,Female,Central,34,41.71,1501.19,Month-to-month,No,0,4.0,Mailed check,Yes
C04358,32,Male,Central,30,135.86,4137.71,Month-to-month,Fiber optic,2,3.0,Credit card,No
C04359,56,Female,East,9,39.51,444.61,One year,No,0,8.0,Bank transfer,No
C04360,73,Female,South,30,77.29,2462.03,One year,DSL,4,2.0,Mailed check,No
C04361,18,Female,East,40,43.28,1693.88,Two year,Fiber optic,4,4.0,Bank transfer,No
C04362,62,Female,South,42,42.27,1749.07,Two year,No,2,1.0,Electronic check,No
C04363,46,Female,Central,20,136.3,2683.27,One year,Fiber optic,1,2.0,Electronic check,No
C04364,73,Male,East,3,90.79,324.16,Month-to-month,DSL,2,7.0,Credit card,Yes
C04365,50,Male,,68,54.81,3706.27,Month-to-month,Fiber optic,1,5.0,Electronic check,No
C04366,65,Female,West,69,114.29,7904.9,Two year,DSL,2,5.0,Electronic check,No
C04367,27,Male,South,66,125.65,8184.8,Month-to-month,DSL,1,3.0,Electronic check,Yes
C04368,26,Female,South,21,130.52,2586.78,Two year,Fiber optic,4,2.0,Electronic check,Yes
C04369,70,Female,South,44,132.29,5684.45,Two year,No,3,9.0,Credit card,Yes
C04370,48,Female,North,11,129.14,1483.03,One year,Fiber optic,3,8.0,Electronic check,Yes
C04371,49,Male,North,66,98.48,6493.25,One year,DSL,3,5.0,Electronic check,No
C04372,27,Male,East,1,64.38,64.38,Two year,DSL,2,1.0,Bank transfer,No
C04373,30,Male,Central,34,131.44,4568.46,One year,Fiber optic,2,9.0,Mailed check,Yes
C04374,64,Male,South,62,39.09,2642.25,One year,DSL,2,5.0,Credit card,No
C04375,35,Male,West,53,44.41,2279.51,Month-to-month,No,0,2.0,Mailed check,Yes
C04376,51,Male,South,63,74.89,4555.47,Month-to-month,DSL,0,2.0,Electronic check,No
C04377,36,Male,South,36,57.62,2216.09,Month-to-month,DSL,2,10.0,Bank transfer,Yes
C04378,33,Female,North,7,95.81,672.98,Two year,Fiber optic,0,1.0,Credit card,Yes
C04379,27,Female,,1,129.11,129.11,One year,DSL,3,4.0,Credit card,No
C04380,70,Female,West,11,81.47,1048.83,One year,Fiber optic,2,6.0,Bank transfer,No
C04381,71,Male,South,5,88.7,404.12,Month-to-month,Fiber optic,2,3.0,Bank transfer,Yes
C04382,24,Male,East,33,73.66,2490.34,Two year,DSL,2,2.0,Electronic check,No
C04383,38,Female,East,4,106.37,449.52,Month-to-month,Fiber optic,1,7.0,Credit card,No
C04384,50,Male,South,14,36.58,812.12,One year,Fiber optic,0,1.0,Bank transfer,No
C04385,39,Male,West,31,30.59,928.15,Month-to-month,Fiber optic,1,10.0,Credit card,No
C04386,59,Female,East,53,98.75,5374.27,Two year,DSL,3,5.0,Electronic check,No
C04387,32,Female,North,49,86.51,4201.39,One year,Fiber optic,5,8.0,Electronic check,No
C04388,21,Female,East,5,71.85,426.76,Month-to-month,Fiber optic,3,9.0,Electronic check,No
C04389,37,Male,South,66,63.41,4155.66,Month-to-month,DSL,1,8.0,Credit card,No
C04390,52,Male,West,40,30.96,1357.71,Month-to-month,DSL,2,5.0,Credit card,No
C04391,28,Male,South,26,103.26,2670.41,Month-to-month,DSL,3,1.0,Electronic check,Yes
C04392,64,Female,Central,28,73.47,2132.69,Month-to-month,DSL,2,1.0,Bank transfer,Yes
C04393,18,Male,West,62,76.21,4611.62,Month-to-month,DSL,0,4.0,Bank transfer,No
C04394,21,Male,North,34,127.75,4224.0,Month-to-month,No,4,4.0,Electronic check,No
C04395,47,Male,East,18,109.82,1694.45,Month-to-month,Fiber optic,1,9.0,Electronic check,Yes
C04396,47,Male,Central,31,50.24,1612.31,One year,Fiber optic,1,5.0,Mailed check,No
C04397,34,Male,South,5,100.57,405.5,Month-to-month,DSL,3,10.0,Mailed check,Yes
C04398,32,Female,West,12,40.21,782.52,Month-to-month,DSL,0,3.0,Mailed check,No
C04399,21,Female,West,23,47.32,1017.51,Two year,Fiber optic,1,10.0,Bank transfer,No
C04400,55,Female,West,16,107.13,1901.04,Month-to-month,Fiber optic,2,4.0,Mailed check,No
C04401,39,Male,North,26,39.48,1198.13,One year,No,2,10.0,Electronic check,No
C04402,24,Female,South,5,57.22,249.2,Two year,DSL,0,6.0,Electronic check,Yes
C04403,40,Female,South,44,128.28,5533.81,One year,DSL,1,1.0,Electronic check,No
C04404,71,Male,South,9,109.91,968.99,Month-to-month,Fiber optic,2,10.0,Credit card,No
C04405,32,Female,Central,16,131.89,2280.47,Month-to-month,Fiber optic,1,3.0,Electronic check,Yes
C04406,68,Male,North,71,126.41,9275.11,Two year,DSL,2,9.0,Credit card,No
C04407,32,Female,East,1,60.95,60.95,Two year,DSL,0,9.0,Electronic check,No
C04408,28,Male,Central,21,97.72,2054.26,Month-to-month,DSL,2,3.0,Credit card,Yes
C04409,32,Male,Central,37,68.55,2445.67,One year,No,6,6.0,Mailed check,No
C04410,36,Male,West,23,105.17,2364.65,Two year,No,2,8.0,Bank transfer,No
C04411,24,Female,Central,24,65.07,1817.71,One year,Fiber optic,3,10.0,Credit card,No
C04412,51,Male,East,10,25.15,136.06,Month-to-month,Fiber optic,2,4.0,Electronic check,No
C04413,37,Female,West,31,35.8,868.69,Month-to-month,Fiber optic,2,5.0,Electronic check,No
C04414,58,Male,East,55,113.67,6282.15,Month-to-month,Fiber optic,4,9.0,Credit card,No
C04415,45,Female,North,43,34.66,1547.32,Month-to-month,Fiber optic,1,5.0,Electronic check,No
C04416,43,Male,North,67,93.93,6230.15,One year,Fiber optic,1,7.0,Bank transfer,No
C04417,44,Male,Central,51,123.64,6203.44,Month-to-month,No,3,2.0,Mailed check,Yes
C04418,26,Male,North,57,110.23,6307.16,Month-to-month,DSL,3,7.0,Electronic check,No
C04419,58,Male,South,32,72.55,2119.11,Month-to-month,Fiber optic,1,4.0,Electronic check,No
C04420,23,Male,West,45,48.99,2267.82,Two year,No,3,4.0,Electronic check,No
C04421,59,Male,East,42,131.09,5453.62,Two year,No,3,10.0,Bank transfer,No
C04422,74,Female,East,59,90.14,5526.31,One year,No,4,8.0,Electronic check,No
C04423,61,,Central,37,71.62,2697.7,Two year,Fiber optic,1,6.0,Bank transfer,No
C04424,43,Male,West,30,133.34,3977.18,Two year,Fiber optic,1,6.0,Credit card,Yes
C04425,35,Male,Central,6,49.73,263.93,Month-to-month,DSL,3,9.0,Credit card,No
C04426,67,Female,West,62,75.86,4413.26,Month-to-month,Fiber optic,1,7.0,Bank transfer,Yes
C04427,32,Male,Central,32,37.49,1181.06,One year,DSL,2,3.0,Electronic check,No
C04428,45,Female,West,58,39.36,2252.39,One year,Fiber optic,2,6.0,Bank transfer,No
C04429,61,Male,East,49,70.84,3478.87,Month-to-month,No,1,7.0,Electronic check,No
C04430,70,Female,Central,1,105.46,105.46,Two year,No,1,1.0,Bank transfer,No
C04431,70,Male,Central,47,63.97,3220.84,Month-to-month,Fiber optic,3,2.0,Mailed check,No
C04432,23,Male,North,36,104.3,3714.46,Two year,DSL,4,5.0,Electronic check,No
C04433,69,Female,Central,18,117.6,1990.21,One year,Fiber optic,1,6.0,Credit card,Yes
C04434,24,Male,West,20,125.92,2268.69,Month-to-month,DSL,1,1.0,Bank transfer,No
C04435,51,Male,Central,46,30.14,1319.55,Two year,DSL,2,5.0,Electronic check,No
C04436,70,Female,West,7,113.98,640.8,One year,No,1,2.0,Credit card,Yes
C04437,55,Male,Central,44,41.92,1649.79,One year,Fiber optic,3,7.0,Electronic check,No
C04438,72,Female,South,61,105.3,6376.54,One year,DSL,4,5.0,Bank transfer,No
C04439,37,Male,North,7,67.74,644.92,Month-to-month,Fiber optic,3,1.0,Credit card,Yes
C04440,35,Male,North,1,106.4,246.65,Month-to-month,DSL,1,5.0,Credit card,Yes
C04441,36,Male,South,5,49.59,55.65,Month-to-month,Fiber optic,2,10.0,Bank transfer,No
C04442,38,Male,South,53,99.17,5261.51,Month-to-month,DSL,0,1.0,Bank transfer,No
C04443,56,Male,East,62,39.43,2508.13,Month-to-month,DSL,2,5.0,Electronic check,No
C04444,43,Female,North,72,44.52,3293.14,Month-to-month,Fiber optic,2,2.0,Electronic check,No
C04445,60,Female,North,3,95.66,527.53,Month-to-month,Fiber optic,3,10.0,Electronic check,No
C04446,41,Male,East,35,63.73,2055.1,One year,Fiber optic,1,5.0,Mailed check,No
C04447,35,Female,West,4,105.93,290.85,Month-to-month,No,1,7.0,Credit card,No
C04448,28,Female,North,27,103.79,2702.94,Month-to-month,No,1,,Electronic check,No
C04449,49,Female,East,23,96.49,2274.22,Two year,No,2,1.0,Credit card,Yes
C04450,69,Male,West,44,109.01,4496.44,Two year,No,5,5.0,Credit card,No
C04451,66,Female,West,66,116.3,7641.5,One year,No,0,1.0,Credit card,No
C04452,32,Male,North,58,129.81,7261.62,Month-to-month,No,4,8.0,Credit card,No
C04453,45,Female,West,5,34.26,170.95,One year,DSL,2,6.0,Electronic check,No
C04454,58,Female,North,18,90.73,1933.14,Month-to-month,DSL,1,5.0,Electronic check,No
C04455,52,Male,South,20,111.11,2357.35,One year,Fiber optic,4,3.0,Bank transfer,No
C04456,21,Male,South,19,49.95,765.12,Two year,No,0,2.0,Bank transfer,No
C04457,51,Male,Central,26,55.32,1375.52,Month-to-month,No,0,10.0,Bank transfer,No
C04458,20,Female,North,44,55.7,2317.33,Two year,Fiber optic,0,1.0,Electronic check,No
C04459,24,Female,West,54,90.82,5098.47,One year,No,0,2.0,Mailed check,No
C04460,55,Male,Central,68,67.11,4263.48,Month-to-month,Fiber optic,1,4.0,Electronic check,No
C04461,23,Male,Central,51,101.6,5115.72,Month-to-month,Fiber optic,2,4.0,Bank transfer,Yes
C04462,37,Male,South,22,95.18,1989.48,One year,DSL,3,10.0,Bank transfer,No
C04463,51,Male,North,14,100.57,1232.0,Month-to-month,Fiber optic,3,4.0,Electronic check,Yes
C04464,55,Female,South,28,54.02,1761.34,Month-to-month,DSL,3,4.0,Electronic check,Yes
C04465,43,Male,West,58,113.25,6333.57,Month-to-month,DSL,1,3.0,Bank transfer,Yes
C04466,23,Male,North,72,101.36,7118.78,Two year,Fiber optic,3,4.0,Credit card,No
C04467,63,Female,West,29,40.02,1399.91,Month-to-month,DSL,4,3.0,Mailed check,Yes
C04468,72,Male,South,13,48.02,609.32,Two year,No,2,7.0,Bank transfer,No
C04469,68,Female,West,1,59.61,59.61,One year,Fiber optic,0,8.0,Mailed check,No
C04470,60,Female,West,6,132.64,702.04,Month-to-month,Fiber optic,5,8.0,Bank transfer,Yes
C04471,40,Male,East,46,62.53,2876.05,Month-to-month,DSL,2,9.0,Credit card,No
C04472,67,Female,West,43,27.29,1109.1,One year,No,1,7.0,Mailed check,No
C04473,45,Female,Central,47,41.29,1830.44,Month-to-month,Fiber optic,0,7.0,Bank transfer,No
C04474,25,Female,South,2,28.7,28.7,Month-to-month,Fiber optic,1,4.0,Electronic check,Yes
C04475,66,Male,East,32,71.33,2288.6,Month-to-month,Fiber optic,1,10.0,Credit card,No
C04476,36,Male,West,13,116.67,1427.15,Two year,Fiber optic,4,10.0,Electronic check,No
C04477,71,Male,Central,25,76.8,1849.63,One year,Fiber optic,5,1.0,Mailed check,No
C04478,38,Male,East,45,121.48,5565.55,Month-to-month,Fiber optic,4,4.0,Bank transfer,Yes
C04479,67,Male,South,20,30.47,533.54,Month-to-month,No,2,7.0,Credit card,No
C04480,48,Female,Central,48,79.02,3776.47,Month-to-month,DSL,4,3.0,Mailed check,No
C04481,44,Female,Central,21,115.51,2676.76,One year,No,1,6.0,Electronic check,Yes
C04482,34,Male,East,37,102.59,3853.38,Month-to-month,Fiber optic,2,9.0,Credit card,No
C04483,65,Male,North,34,123.07,4103.42,Two year,DSL,2,9.0,Credit card,No
C04484,21,Male,South,28,56.49,1417.15,Two year,DSL,1,10.0,Electronic check,No
C04485,44,Male,East,10,82.6,806.11,Month-to-month,Fiber optic,2,7.0,Electronic check,Yes
C04486,39,Female,West,42,102.84,4437.44,Two year,DSL,5,10.0,Credit card,No
C04487,48,Male,West,72,44.38,3106.84,One year,No,0,7.0,Electronic check,No
C04488,32,Male,Central,47,118.82,5578.04,One year,Fiber optic,3,6.0,Mailed check,No
C04489,55,Female,North,54,60.82,3191.94,Month-to-month,No,3,3.0,Electronic check,Yes
C04490,39,Male,East,58,35.73,2011.18,Two year,DSL,5,9.0,Electronic check,No
C04491,28,Male,West,3,113.06,147.57,Month-to-month,Fiber optic,2,3.0,Electronic check,Yes
C04492,29,Male,Central,58,106.08,6184.2,One year,DSL,0,2.0,Credit card,No
C04493,57,Female,North,18,126.62,2291.71,Month-to-month,Fiber optic,2,8.0,Bank transfer,Yes
C04494,32,Male,Central,48,127.59,6336.43,Month-to-month,Fiber optic,2,9.0,Mailed check,No
C04495,35,Female,North,71,57.03,4055.63,Two year,Fiber optic,1,10.0,Electronic check,Yes
C04496,53,Female,North,65,98.76,6302.7,Month-to-month,Fiber optic,3,8.0,Electronic check,No
C04497,36,Male,Central,30,139.9,4405.03,Month-to-month,DSL,2,10.0,Electronic check,No
C04498,40,Female,West,61,53.04,3280.26,Two year,DSL,4,4.0,Credit card,No
C04499,31,Female,Central,45,79.38,3590.63,Month-to-month,Fiber optic,2,2.0,Electronic check,No
C04500,37,Male,West,10,129.67,1284.68,Two year,DSL,3,3.0,Electronic check,Yes
C04501,57,Female,West,18,36.85,676.05,Two year,Fiber optic,1,2.0,Bank transfer,Yes
C04502,48,Male,East,69,131.75,8950.98,Month-to-month,Fiber optic,1,8.0,Bank transfer,No
C04503,74,Male,East,66,81.14,5332.29,One year,No,2,5.0,Electronic check,No
C04504,61,Female,East,65,127.7,8256.92,Two year,No,0,5.0,Credit card,No
C04505,18,Male,South,28,96.46,2743.7,Two year,Fiber optic,1,10.0,Bank transfer,No
C04506,39,Male,Central,24,102.22,2610.07,Month-to-month,No,0,10.0,Electronic check,No
C04507,34,Male,South,59,113.89,6853.73,One year,Fiber optic,1,2.0,Bank transfer,No
C04508,51,Male,,2,32.72,131.44,One year,DSL,3,9.0,Electronic check,No
C04509,33,Female,West,65,97.19,6048.14,Month-to-month,No,1,7.0,Credit card,No
C04510,73,Female,East,44,131.25,5699.09,One year,Fiber optic,2,8.0,Credit card,No
C04511,35,Male,West,46,134.95,5923.72,Month-to-month,Fiber optic,2,10.0,Bank transfer,No
C04512,47,Female,North,32,136.36,4515.16,Month-to-month,Fiber optic,2,4.0,Credit card,Yes
C04513,25,Male,South,71,99.27,7019.43,Month-to-month,No,2,9.0,Bank transfer,No
C04514,69,Male,East,54,97.83,5250.07,Two year,Fiber optic,3,8.0,Electronic check,No
C04515,69,Female,South,4,88.53,240.59,Month-to-month,No,2,7.0,Credit card,No
C04516,63,Female,Central,38,94.87,3784.0,Month-to-month,Fiber optic,1,8.0,Mailed check,No
C04517,38,Male,Central,62,95.39,5918.77,Month-to-month,No,3,8.0,Credit card,No
C04518,21,Male,West,6,29.88,151.47,Month-to-month,Fiber optic,3,5.0,Credit card,No
C04519,58,Female,South,54,35.22,1910.02,Two year,Fiber optic,5,10.0,Bank transfer,No
C04520,42,Female,North,18,96.23,1751.79,Month-to-month,No,1,1.0,Mailed check,Yes
C04521,74,Male,West,37,61.13,2230.95,Month-to-month,DSL,3,2.0,Bank transfer,No
C04522,57,Female,Central,64,59.66,3996.98,Two year,Fiber optic,2,8.0,Credit card,No
C04523,48,Female,East,36,47.25,1878.2,Month-to-month,No,1,5.0,Bank transfer,No
C04524,74,Female,Central,3,117.12,354.8,Month-to-month,No,1,3.0,Mailed check,Yes
C04525,63,Male,Central,2,135.9,144.5,One year,Fiber optic,1,6.0,Mailed check,Yes
C04526,44,Female,East,54,97.19,5286.67,One year,Fiber optic,2,2.0,Electronic check,No
C04527,19,Female,South,68,133.72,8993.05,Month-to-month,DSL,1,1.0,Bank transfer,No
C04528,23,Female,North,22,126.65,2989.73,One year,Fiber optic,0,1.0,Electronic check,Yes
C04529,43,Male,West,68,50.06,3629.08,One year,Fiber optic,0,9.0,Credit card,No
C04530,50,Male,East,33,42.66,1505.26,One year,No,2,4.0,Bank transfer,No
C04531,19,Female,North,5,49.33,62.0,Month-to-month,Fiber optic,3,10.0,Electronic check,No
C04532,25,Male,North,39,36.06,1325.91,One year,Fiber optic,0,6.0,Bank transfer,No
C04533,58,Female,Central,71,92.03,6493.54,One year,Fiber optic,3,4.0,Electronic check,Yes
C04534,60,Female,South,19,57.5,955.9,One year,No,5,1.0,Bank transfer,No
C04535,19,Male,South,70,129.99,9043.37,Two year,Fiber optic,1,2.0,Credit card,No
C04536,46,Female,West,47,95.54,4514.82,Two year,DSL,3,6.0,Electronic check,No
C04537,22,Female,South,29,66.36,1993.08,One year,Fiber optic,3,7.0,Credit card,No
C04538,59,Male,Central,50,138.23,7094.25,Month-to-month,Fiber optic,1,9.0,Bank transfer,No
C04539,65,Female,West,29,134.62,3890.34,Month-to-month,DSL,0,2.0,Credit card,Yes
C04540,67,Female,South,7,114.54,746.39,One year,Fiber optic,1,6.0,Bank transfer,Yes
C04541,52,Male,South,63,116.04,7106.95,Month-to-month,DSL,2,1.0,Bank transfer,Yes
C04542,53,Female,Central,27,137.39,3751.29,One year,Fiber optic,1,6.0,Electronic check,No
C04543,70,Male,East,41,94.05,3777.82,One year,Fiber optic,2,2.0,Electronic check,No
C04544,52,Male,Central,54,126.2,6773.24,One year,Fiber optic,0,3.0,Electronic check,No
C04545,43,Female,South,6,32.46,99.65,Month-to-month,Fiber optic,2,5.0,Electronic check,No
C04546,61,Male,North,52,88.72,4522.58,Two year,Fiber optic,3,5.0,Credit card,No
C04547,51,Male,Central,27,82.79,2332.81,One year,DSL,2,2.0,Electronic check,No
C04548,66,Male,South,40,29.34,1154.9,Month-to-month,DSL,4,7.0,Credit card,No
C04549,47,Female,Central,33,35.0,1379.15,One year,Fiber optic,3,5.0,Credit card,No
C04550,67,Male,West,56,27.51,1362.71,Month-to-month,No,1,9.0,Credit card,No
C04551,20,Female,South,14,58.81,1000.78,One year,DSL,1,7.0,Mailed check,Yes
C04552,20,Male,West,8,31.15,165.11,Month-to-month,DSL,1,9.0,Bank transfer,No
C04553,23,Male,North,30,73.66,2191.39,One year,No,3,1.0,Electronic check,Yes
C04554,49,Male,South,9,118.47,1130.28,Month-to-month,DSL,2,5.0,Credit card,No
C04555,58,Male,South,18,95.59,1864.5,Month-to-month,No,1,9.0,Electronic check,Yes
C04556,30,Male,West,48,102.49,5069.31,Month-to-month,No,8,2.0,Credit card,No
C04557,26,Female,East,59,28.62,1835.46,Month-to-month,DSL,1,3.0,Credit card,No
C04558,67,Male,West,50,121.55,6036.23,Two year,DSL,3,8.0,Mailed check,No
C04559,60,Female,East,23,41.81,1223.49,One year,No,3,1.0,Electronic check,Yes
C04560,54,Female,West,59,59.8,3610.41,Month-to-month,DSL,4,10.0,Electronic check,No
C04561,45,Female,North,30,84.43,2232.9,Month-to-month,Fiber optic,2,10.0,Electronic check,No
C04562,41,,West,14,131.95,1846.17,One year,DSL,2,10.0,Credit card,No
C04563,19,Female,North,55,139.79,7625.21,Month-to-month,Fiber optic,3,8.0,Mailed check,No
C04564,28,Female,North,38,115.01,4317.34,Month-to-month,No,2,10.0,Credit card,Yes
C04565,69,Female,West,27,108.87,3028.93,Month-to-month,Fiber optic,0,10.0,Credit card,No
C04566,37,Female,North,48,85.68,4152.66,One year,DSL,4,3.0,Electronic check,No
C04567,58,Male,West,53,101.55,5274.7,Two year,Fiber optic,3,2.0,Credit card,No
C04568,58,Female,North,17,41.61,926.82,Month-to-month,Fiber optic,2,9.0,Electronic check,No
C04569,35,Male,North,9,55.96,304.87,Two year,DSL,0,5.0,Electronic check,No
C04570,29,Female,,38,138.23,5043.84,Two year,Fiber optic,2,1.0,Bank transfer,No
C04571,57,Female,North,4,137.66,381.73,Two year,Fiber optic,4,5.0,Electronic check,Yes
C04572,23,Female,Central,46,62.14,2919.08,One year,DSL,2,1.0,Electronic check,Yes
C04573,46,Male,South,32,52.72,1736.15,Two year,No,3,6.0,Electronic check,No
C04574,68,Male,West,16,51.39,694.39,One year,Fiber optic,2,7.0,Electronic check,Yes
C04575,58,Female,,44,80.76,3458.16,Two year,DSL,6,1.0,Credit card,No
C04576,61,Female,North,28,50.73,1413.83,Month-to-month,DSL,0,2.0,Electronic check,No
C04577,22,Male,South,28,99.58,2621.97,One year,Fiber optic,0,10.0,Bank transfer,No
C04578,29,Male,East,16,33.6,651.4,One year,DSL,2,4.0,Credit card,No
C04579,33,Male,Central,49,36.92,2038.02,Month-to-month,DSL,1,1.0,Credit card,No
C04580,34,Female,North,66,56.85,3719.47,Month-to-month,Fiber optic,1,1.0,Electronic check,No
C04581,29,Male,North,45,114.41,5194.46,Month-to-month,Fiber optic,3,4.0,Bank transfer,No
C04582,73,Male,South,18,62.18,1129.53,Month-to-month,DSL,2,1.0,Credit card,Yes
C04583,27,Female,South,61,79.14,5026.68,Month-to-month,Fiber optic,0,2.0,Bank transfer,No
C04584,58,Male,South,9,100.51,1189.75,Month-to-month,Fiber optic,1,3.0,Credit card,No
C04585,51,Female,North,21,115.68,2369.67,Month-to-month,Fiber optic,3,8.0,Bank transfer,No
C04586,52,Male,Central,3,60.32,179.84,One year,No,1,6.0,Credit card,No
C04587,30,Female,West,62,109.06,6884.49,Month-to-month,DSL,3,8.0,Bank transfer,No
C04588,35,Female,North,4,57.9,277.39,Month-to-month,DSL,2,4.0,Credit card,Yes
C04589,52,Female,East,40,99.11,3821.68,Month-to-month,DSL,0,1.0,Mailed check,No
C04590,35,Male,West,14,76.85,798.59,Month-to-month,Fiber optic,3,6.0,Mailed check,No
C04591,57,Male,West,16,131.56,2009.42,Month-to-month,Fiber optic,3,10.0,Electronic check,Yes
C04592,20,Male,Central,44,137.94,6112.6,Two year,DSL,6,7.0,Bank transfer,Yes
C04593,22,Female,West,58,114.02,6548.11,Month-to-month,Fiber optic,2,3.0,Electronic check,Yes
C04594,59,Male,West,2,130.28,130.28,Month-to-month,No,3,1.0,Mailed check,No
C04595,53,Male,North,12,40.7,395.42,One year,Fiber optic,3,1.0,Electronic check,No
C04596,20,Male,North,21,100.26,2374.14,Two year,Fiber optic,1,9.0,Credit card,No
C04597,69,Female,West,68,47.81,3075.86,Month-to-month,Fiber optic,4,3.0,Electronic check,No
C04598,18,Female,Central,5,56.85,231.1,Month-to-month,Fiber optic,2,1.0,Mailed check,No
C04599,72,Female,South,13,85.12,1023.21,One year,Fiber optic,1,4.0,Mailed check,No
C04600,59,Female,West,30,110.33,3597.4,Month-to-month,Fiber optic,5,9.0,Credit card,No
C04601,74,Female,South,24,107.97,2364.48,Month-to-month,DSL,0,5.0,Electronic check,No
C04602,72,Male,East,4,124.99,376.24,Two year,DSL,2,10.0,Bank transfer,Yes
C04603,35,Male,West,39,89.32,3487.27,Two year,Fiber optic,1,6.0,Electronic check,No
C04604,61,Male,West,44,131.53,5806.77,One year,Fiber optic,0,10.0,Mailed check,No
C04605,30,Male,North,13,127.11,1814.93,Month-to-month,DSL,3,3.0,Electronic check,Yes
C04606,44,Male,Central,50,122.64,6279.0,One year,DSL,3,6.0,Credit card,Yes
C04607,31,Male,Central,5,51.39,145.62,Two year,Fiber optic,1,5.0,Electronic check,Yes
C04608,45,Male,East,53,86.12,4605.65,Two year,DSL,1,8.0,Mailed check,No
C04609,67,Male,South,19,109.67,2052.04,Month-to-month,Fiber optic,2,2.0,Credit card,Yes
C04610,42,Female,East,17,137.25,2258.87,Month-to-month,DSL,2,2.0,Mailed check,No
C04611,23,Female,Central,15,26.34,541.8,Month-to-month,DSL,3,3.0,Electronic check,No
C04612,36,Female,East,63,62.62,3977.5,One year,Fiber optic,2,10.0,Credit card,No
C04613,62,Male,North,37,64.37,2615.15,Month-to-month,DSL,0,9.0,Electronic check,No
C04614,47,Male,North,50,58.18,2974.69,Month-to-month,DSL,2,1.0,Bank transfer,No
C04615,49,Female,Central,15,119.0,1918.37,Month-to-month,No,2,5.0,Electronic check,Yes
C04616,42,Female,West,5,30.18,30.18,Month-to-month,Fiber optic,3,6.0,Credit card,No
C04617,34,Male,West,3,66.33,206.86,Two year,Fiber optic,4,9.0,Bank transfer,No
C04618,52,Male,North,32,106.84,3478.27,Month-to-month,Fiber optic,2,5.0,Electronic check,No
C04619,54,Male,North,24,71.78,1795.96,Month-to-month,DSL,2,8.0,Bank transfer,No
C04620,69,Female,South,56,41.57,2554.51,One year,Fiber optic,2,8.0,Bank transfer,No
C04621,53,Male,South,57,95.25,5516.85,One year,Fiber optic,4,6.0,Credit card,No
C04622,74,Female,South,23,85.1,1770.36,One year,DSL,1,8.0,Credit card,No
C04623,65,Male,East,32,137.91,4488.92,Two year,DSL,4,1.0,Electronic check,No
C04624,22,Female,South,28,111.08,3230.88,Month-to-month,Fiber optic,2,4.0,Credit card,Yes
C04625,40,Female,North,49,138.41,6685.69,Month-to-month,DSL,3,9.0,Bank transfer,No
C04626,39,Female,East,46,46.43,2069.19,Month-to-month,DSL,1,2.0,Electronic check,Yes
C04627,18,Male,West,47,112.58,5404.56,One year,Fiber optic,2,6.0,Mailed check,Yes
C04628,28,Female,West,4,88.44,349.62,Two year,Fiber optic,2,8.0,Credit card,Yes
C04629,61,Female,South,25,106.94,2833.12,Month-to-month,Fiber optic,1,6.0,Electronic check,No
C04630,38,Male,South,70,78.77,5537.39,One year,DSL,0,10.0,Electronic check,No
C04631,26,Male,East,25,49.42,935.5,One year,Fiber optic,0,9.0,Credit card,No
C04632,34,Male,North,13,30.26,397.94,Two year,No,1,1.0,Mailed check,No
C04633,33,Male,Central,15,121.4,1757.25,Month-to-month,Fiber optic,3,6.0,Bank transfer,Yes
C04634,27,Male,Central,2,118.7,325.77,Month-to-month,No,5,8.0,Credit card,Yes
C04635,23,Female,North,57,43.69,2549.88,One year,Fiber optic,3,8.0,Mailed check,No
C04636,61,Female,Central,1,99.2,99.2,One year,DSL,0,6.0,Electronic check,No
C04637,64,Female,North,43,109.84,4748.99,One year,Fiber optic,2,5.0,Credit card,No
C04638,46,Female,East,29,89.13,2661.31,Two year,Fiber optic,3,,Bank transfer,No
C04639,53,Female,West,7,61.48,493.12,Month-to-month,No,1,4.0,Credit card,No
C04640,70,Female,South,64,126.31,8226.56,One year,Fiber optic,1,1.0,Electronic check,No
C04641,66,Male,South,54,98.88,5182.33,Month-to-month,DSL,3,9.0,Bank transfer,No
C04642,19,Female,North,60,107.83,6442.56,Month-to-month,No,4,8.0,Electronic check,Yes
C04643,72,Male,West,68,99.99,6499.32,Month-to-month,DSL,3,3.0,Credit card,No
C04644,21,Male,North,66,107.95,7297.88,Month-to-month,Fiber optic,0,2.0,Mailed check,No
C04645,19,Male,East,51,41.68,2140.17,Month-to-month,Fiber optic,0,6.0,Electronic check,No
C04646,40,Female,South,39,131.1,5096.13,One year,No,0,9.0,Bank transfer,No
C04647,60,Male,Central,51,57.87,2932.16,Two year,DSL,3,10.0,Mailed check,No
C04648,22,Female,Central,33,121.2,4071.64,Month-to-month,Fiber optic,1,3.0,Electronic check,Yes
C04649,34,Female,Central,14,127.74,1944.46,Month-to-month,Fiber optic,2,5.0,Electronic check,Yes
C04650,32,Male,West,28,99.89,2753.24,Month-to-month,No,0,6.0,Mailed check,No
C04651,40,Male,East,34,93.8,3250.63,Month-to-month,No,0,6.0,Credit card,No
C04652,74,Male,South,4,37.54,209.84,Month-to-month,Fiber optic,2,3.0,Electronic check,Yes
C04653,36,Female,North,62,75.17,4360.54,One year,DSL,2,9.0,Electronic check,No
C04654,29,Male,Central,66,95.34,6186.24,Two year,Fiber optic,2,8.0,Electronic check,No
C04655,24,Female,South,31,34.41,1132.03,Month-to-month,No,0,9.0,Credit card,No
C04656,29,Male,East,36,37.82,1546.6,One year,Fiber optic,0,2.0,Bank transfer,No
C04657,25,Female,North,61,139.25,8698.11,One year,No,1,7.0,Credit card,No
C04658,50,Female,South,33,63.21,1902.23,Month-to-month,Fiber optic,0,4.0,Electronic check,No
C04659,41,Female,West,50,65.22,3410.91,Month-to-month,DSL,4,8.0,Mailed check,No
C04660,46,Female,East,38,53.93,2204.31,Month-to-month,DSL,2,6.0,Credit card,No
C04661,65,Male,East,20,99.29,2047.71,Month-to-month,Fiber optic,2,6.0,Electronic check,No
C04662,51,Female,South,58,79.4,4305.2,Two year,Fiber optic,1,6.0,Mailed check,No
C04663,26,Male,North,14,115.9,1542.03,Month-to-month,Fiber optic,7,3.0,Credit card,Yes
C04664,39,,Central,17,83.94,1443.23,Month-to-month,DSL,1,6.0,Credit card,No
C04665,35,Male,East,50,26.77,1303.11,Month-to-month,Fiber optic,4,9.0,Bank transfer,No
C04666,65,Female,South,52,80.51,3886.52,Month-to-month,DSL,3,1.0,Electronic check,No
C04667,35,Female,South,69,31.35,2123.96,Two year,Fiber optic,2,2.0,Credit card,No
C04668,25,Female,West,52,120.08,6104.56,Month-to-month,Fiber optic,2,1.0,Mailed check,Yes
C04669,59,Male,East,2,38.07,164.76,One year,Fiber optic,3,5.0,Electronic check,Yes
C04670,42,Male,South,62,49.95,3168.89,Month-to-month,DSL,1,3.0,Mailed check,No
C04671,23,Female,Central,30,77.9,2415.46,Month-to-month,Fiber optic,0,6.0,Electronic check,No
C04672,57,Female,Central,1,47.45,47.45,Month-to-month,No,1,1.0,Mailed check,No
C04673,29,Female,North,42,87.01,3657.46,Two year,Fiber optic,0,2.0,Credit card,No
C04674,67,Male,West,13,77.98,1001.15,Month-to-month,No,3,3.0,Credit card,Yes
C04675,65,Male,Central,30,134.54,4173.24,One year,DSL,4,7.0,Credit card,Yes
C04676,39,Male,East,34,35.16,1115.44,Month-to-month,DSL,3,1.0,Electronic check,Yes
C04677,49,Female,North,6,91.32,434.34,One year,DSL,0,6.0,Electronic check,No
C04678,50,Male,North,62,107.85,6830.93,One year,Fiber optic,2,6.0,Bank transfer,No
C04679,55,Female,West,37,39.68,1591.29,One year,DSL,4,4.0,Bank transfer,No
C04680,21,Male,Central,70,98.19,6943.19,Month-to-month,No,3,2.0,Electronic check,Yes
C04681,36,Male,North,34,124.39,4466.16,Month-to-month,Fiber optic,7,8.0,Bank transfer,No
C04682,27,Female,East,43,115.57,5269.51,Two year,No,1,5.0,Electronic check,Yes
C04683,57,Male,East,59,132.54,8004.46,One year,Fiber optic,3,,Credit card,No
C04684,21,Male,South,16,107.87,1613.82,Month-to-month,Fiber optic,3,8.0,Credit card,No
C04685,47,Female,West,66,70.31,4765.12,Month-to-month,Fiber optic,3,1.0,Bank transfer,Yes
C04686,59,Male,Central,14,130.85,1848.44,Month-to-month,Fiber optic,3,8.0,Credit card,Yes
C04687,72,Female,South,72,50.92,3581.89,Month-to-month,Fiber optic,2,1.0,Electronic check,No
C04688,34,Male,North,47,92.13,4218.94,Month-to-month,DSL,4,6.0,Electronic check,Yes
C04689,18,Male,South,38,113.05,4336.29,Month-to-month,No,0,1.0,Credit card,No
C04690,59,Male,South,16,125.31,2127.49,Month-to-month,Fiber optic,1,1.0,Credit card,Yes
C04691,18,Male,West,41,130.4,5553.3,One year,Fiber optic,4,5.0,Electronic check,No
C04692,21,Male,East,40,34.77,1491.92,Two year,DSL,2,6.0,Electronic check,No
C04693,74,Female,North,71,108.5,7789.59,One year,DSL,1,4.0,Electronic check,No
C04694,67,Male,South,61,48.47,2925.79,Month-to-month,DSL,1,3.0,Electronic check,No
C04695,58,Male,West,35,114.6,4043.48,One year,Fiber optic,3,2.0,Credit card,No
C04696,65,Female,East,29,105.58,2837.59,Month-to-month,DSL,6,6.0,Mailed check,Yes
C04697,22,Male,East,28,45.86,1368.87,One year,No,0,5.0,Electronic check,No
C04698,23,Male,South,28,120.78,3446.6,Month-to-month,No,4,10.0,Electronic check,Yes
C04699,35,Female,South,1,78.11,365.24,Month-to-month,DSL,2,5.0,Credit card,Yes
C04700,19,Female,North,3,87.54,256.67,One year,Fiber optic,4,6.0,Credit card,Yes
C04701,68,Male,North,55,136.71,7697.74,Month-to-month,DSL,1,10.0,Credit card,No
C04702,21,Male,North,19,100.51,1838.53,One year,Fiber optic,0,10.0,Electronic check,No
C04703,49,Male,West,30,92.68,3034.95,One year,DSL,2,5.0,Electronic check,No
C04704,66,Female,North,51,26.93,1590.85,Month-to-month,No,3,3.0,Mailed check,No
C04705,59,Male,East,44,47.91,2277.83,Month-to-month,No,2,4.0,Credit card,No
C04706,31,Female,Central,26,28.06,738.59,One year,DSL,1,3.0,Bank transfer,No
C04707,44,Male,West,55,63.33,3449.81,One year,DSL,6,5.0,Credit card,No
C04708,49,Male,East,12,64.62,719.79,One year,Fiber optic,0,2.0,Bank transfer,Yes
C04709,61,Female,North,35,85.99,2863.74,Month-to-month,Fiber optic,5,5.0,Bank transfer,No
C04710,42,Male,East,8,104.32,904.71,Two year,DSL,4,1.0,Electronic check,No
C04711,34,Male,Central,39,45.62,1741.92,Month-to-month,No,2,10.0,Electronic check,No
C04712,63,Female,South,7,94.19,716.73,Month-to-month,No,1,1.0,Electronic check,No
C04713,68,Female,Central,68,130.45,8896.08,One year,Fiber optic,0,9.0,Bank transfer,No
C04714,45,Male,West,48,46.28,2060.38,Month-to-month,No,0,10.0,Electronic check,No
C04715,19,Female,South,18,100.8,1973.59,Month-to-month,Fiber optic,2,10.0,Credit card,No
C04716,46,Female,North,45,30.24,1375.21,Month-to-month,Fiber optic,1,5.0,Credit card,No
C04717,68,Female,North,26,86.08,2367.41,Two year,No,3,8.0,Bank transfer,Yes
C04718,74,Male,South,38,110.28,4015.83,Two year,Fiber optic,3,10.0,Credit card,No
C04719,40,Female,South,13,28.91,261.24,Two year,Fiber optic,4,9.0,Credit card,No
C04720,26,Male,West,37,63.37,2285.84,Month-to-month,DSL,1,9.0,Electronic check,No
C04721,50,Female,East,8,125.97,1044.2,Month-to-month,Fiber optic,5,5.0,Electronic check,Yes
C04722,65,Female,East,12,50.93,595.62,One year,DSL,4,8.0,Electronic check,No
C04723,71,Male,West,43,108.13,4854.24,Month-to-month,DSL,1,3.0,Mailed check,No
C04724,20,Female,West,37,95.41,3685.36,Month-to-month,Fiber optic,1,10.0,Mailed check,No
C04725,34,Male,West,22,43.82,854.4,Month-to-month,Fiber optic,2,5.0,Bank transfer,Yes
C04726,45,Male,Central,5,110.3,851.5,One year,DSL,1,3.0,Electronic check,Yes
C04727,23,Female,South,31,86.19,2659.17,One year,DSL,2,3.0,Electronic check,No
C04728,68,Female,Central,67,37.88,2731.64,Month-to-month,No,2,9.0,Credit card,No
C04729,24,Female,East,51,134.18,6800.5,Month-to-month,Fiber optic,1,2.0,Electronic check,No
C04730,55,Female,North,5,81.58,501.61,One year,Fiber optic,0,7.0,Mailed check,Yes
C04731,70,Female,North,68,110.68,7668.72,One year,No,2,3.0,Bank transfer,No
C04732,57,Male,North,31,50.04,1325.6,Month-to-month,No,4,6.0,Mailed check,No
C04733,61,Female,Central,42,40.78,1974.8,Month-to-month,DSL,3,6.0,Mailed check,No
C04734,33,Male,North,1,110.25,110.25,Two year,Fiber optic,0,7.0,Credit card,No
C04735,65,Male,Central,23,102.49,2304.9,One year,DSL,2,3.0,Electronic check,No
C04736,41,Male,West,57,56.52,3130.86,One year,Fiber optic,2,,Bank transfer,No
C04737,21,Male,East,24,110.82,2574.6,One year,Fiber optic,2,9.0,Credit card,No
C04738,38,Male,Central,12,83.07,918.82,Two year,DSL,0,10.0,Mailed check,No
C04739,37,Female,Central,7,65.09,276.53,Month-to-month,Fiber optic,4,5.0,Electronic check,Yes
C04740,47,Female,Central,67,115.49,7852.02,Month-to-month,DSL,1,2.0,Credit card,No
C04741,33,Male,East,59,95.93,5677.16,Month-to-month,Fiber optic,5,6.0,Credit card,No
C04742,44,Male,South,4,83.34,312.62,One year,DSL,2,,Electronic check,Yes
C04743,42,Female,North,67,113.91,7784.38,Month-to-month,No,4,8.0,Credit card,Yes
C04744,36,Male,Central,60,87.66,5524.56,Month-to-month,Fiber optic,0,3.0,Electronic check,No
C04745,57,Female,Central,26,132.93,3222.17,Month-to-month,DSL,2,2.0,Credit card,No
C04746,35,Female,East,48,119.08,5959.37,One year,Fiber optic,1,9.0,Credit card,No
C04747,61,Male,North,19,66.19,1254.13,One year,DSL,1,7.0,Electronic check,No
C04748,32,Female,Central,18,78.47,1209.82,Month-to-month,Fiber optic,1,1.0,Bank transfer,Yes
C04749,67,Female,South,52,135.09,7086.59,Month-to-month,Fiber optic,2,9.0,Electronic check,No
C04750,38,Female,East,15,127.95,1901.71,One year,DSL,3,7.0,Bank transfer,No
C04751,20,Male,West,26,46.99,1350.82,Month-to-month,DSL,2,3.0,Electronic check,No
C04752,26,Female,North,26,56.54,1491.85,One year,DSL,1,4.0,Bank transfer,No
C04753,63,Female,North,11,66.91,789.53,Month-to-month,Fiber optic,2,5.0,Credit card,No
C04754,67,Male,North,60,126.18,7505.52,Two year,Fiber optic,0,10.0,Bank transfer,No
C04755,30,Female,Central,49,131.65,6296.59,Month-to-month,DSL,3,6.0,Credit card,Yes
C04756,52,Female,Central,63,117.27,7499.27,One year,DSL,2,9.0,Credit card,No
C04757,50,Male,East,38,56.71,2076.24,Month-to-month,No,4,1.0,Bank transfer,No
C04758,25,Male,East,13,127.01,1711.49,Month-to-month,DSL,0,6.0,Credit card,Yes
C04759,43,Female,East,21,28.78,827.26,One year,DSL,1,1.0,Credit card,No
C04760,57,Male,South,26,73.62,1890.15,One year,Fiber optic,2,4.0,Credit card,No
C04761,73,Female,East,68,68.43,4758.25,One year,DSL,1,6.0,Bank transfer,No
C04762,66,Male,South,18,86.55,1553.31,One year,No,2,9.0,Credit card,No
C04763,23,Female,West,50,89.47,4418.8,One year,DSL,5,3.0,Mailed check,No
C04764,31,Female,South,9,50.92,223.93,Two year,No,3,3.0,Electronic check,Yes
C04765,42,Female,West,69,48.52,3341.97,Month-to-month,Fiber optic,3,9.0,Electronic check,No
C04766,26,Female,Central,47,117.41,5493.64,Two year,DSL,1,6.0,Credit card,No
C04767,50,Male,South,32,33.76,949.7,Month-to-month,Fiber optic,0,8.0,Bank transfer,No
C04768,18,Male,North,25,81.73,1743.25,Month-to-month,No,2,10.0,Electronic check,Yes
C04769,24,,East,26,47.04,972.52,One year,Fiber optic,0,1.0,Electronic check,No
C04770,20,Female,North,17,61.75,1317.54,Month-to-month,DSL,2,7.0,Mailed check,No
C04771,34,Male,South,44,56.89,2508.83,Month-to-month,No,4,1.0,Electronic check,Yes
C04772,61,Female,West,63,106.48,6492.81,Month-to-month,DSL,0,10.0,Credit card,No
C04773,28,Female,East,18,77.44,1303.6,Month-to-month,DSL,4,5.0,Electronic check,Yes
C04774,74,Male,East,54,59.44,3211.28,One year,DSL,3,5.0,Electronic check,No
C04775,33,Male,,41,120.61,5012.34,Month-to-month,No,2,2.0,Electronic check,No
C04776,20,Female,North,56,34.87,1917.74,Month-to-month,DSL,0,,Electronic check,No
C04777,37,Female,East,56,113.13,6635.28,Month-to-month,DSL,1,6.0,Credit card,No
C04778,60,Male,North,3,53.56,460.68,Month-to-month,No,0,10.0,Electronic check,No
C04779,24,Female,East,2,130.57,318.59,Month-to-month,Fiber optic,0,1.0,Credit card,Yes
C04780,22,Female,South,66,25.64,1637.3,Month-to-month,DSL,3,8.0,Electronic check,No
C04781,66,Male,Central,12,89.02,1125.63,Two year,Fiber optic,1,10.0,Mailed check,No
C04782,51,Male,South,42,96.56,3856.18,One year,DSL,1,10.0,Electronic check,No
C04783,37,Female,South,55,91.39,5176.37,Month-to-month,Fiber optic,2,7.0,Electronic check,Yes
C04784,61,Male,North,37,118.73,4418.77,Month-to-month,Fiber optic,4,9.0,Bank transfer,No
C04785,66,Male,North,1,37.9,37.9,Month-to-month,Fiber optic,5,1.0,Bank transfer,Yes
C04786,38,Male,South,1,72.79,72.79,Month-to-month,Fiber optic,2,1.0,Credit card,Yes
C04787,49,Female,South,49,124.33,6178.19,Month-to-month,Fiber optic,3,7.0,Electronic check,Yes
C04788,18,Male,West,65,127.2,8018.22,Two year,DSL,1,3.0,Bank transfer,No
C04789,35,Female,Central,25,82.31,1923.72,One year,Fiber optic,1,8.0,Bank transfer,No
C04790,51,Female,Central,40,89.17,3496.92,Month-to-month,Fiber optic,1,8.0,Credit card,Yes
C04791,29,Male,Central,68,112.85,7820.08,Month-to-month,Fiber optic,0,7.0,Credit card,No
C04792,74,Male,Central,60,114.66,7136.75,One year,Fiber optic,2,9.0,Electronic check,No
C04793,73,Male,East,39,127.13,5014.88,Two year,No,1,3.0,Electronic check,No
C04794,32,Male,South,48,122.04,5557.92,Month-to-month,No,3,9.0,Electronic check,No
C04795,40,Female,West,70,72.66,4918.68,Two year,No,5,9.0,Electronic check,No
C04796,28,Female,South,58,99.72,6083.76,Month-to-month,Fiber optic,0,4.0,Mailed check,No
C04797,46,Female,West,30,80.57,2440.71,One year,DSL,1,3.0,Bank transfer,No
C04798,25,Female,Central,50,38.57,1628.5,Month-to-month,Fiber optic,3,7.0,Electronic check,No
C04799,40,Female,North,24,119.49,3167.76,One year,DSL,4,9.0,Electronic check,No
C04800,49,Female,West,67,94.2,6111.0,Month-to-month,DSL,3,7.0,Credit card,Yes
C04801,52,Female,Central,7,31.67,307.71,Month-to-month,DSL,6,2.0,Credit card,Yes
C04802,51,Male,East,17,102.84,1576.34,One year,Fiber optic,1,5.0,Bank transfer,No
C04803,30,Female,South,25,57.56,1739.0,One year,Fiber optic,2,4.0,Mailed check,No
C04804,63,Male,South,15,32.97,282.02,One year,Fiber optic,3,6.0,Credit card,No
C04805,57,Female,North,43,94.76,3986.88,Month-to-month,DSL,1,6.0,Electronic check,No
C04806,60,Male,South,52,109.2,5835.75,One year,No,1,10.0,Mailed check,No
C04807,44,Female,West,65,84.49,5408.88,Month-to-month,Fiber optic,6,9.0,Credit card,No
C04808,68,Female,East,37,25.65,1022.0,One year,DSL,2,6.0,Credit card,No
C04809,40,Male,South,45,91.34,4234.9,Month-to-month,DSL,1,2.0,Bank transfer,No
C04810,63,Female,East,44,25.76,1160.01,Month-to-month,DSL,0,2.0,Credit card,No
C04811,29,Female,Central,1,131.54,131.54,Month-to-month,No,1,2.0,Electronic check,Yes
C04812,32,Female,North,52,55.74,2780.43,Two year,DSL,2,6.0,Bank transfer,No
C04813,48,Male,North,2,125.17,192.83,One year,No,1,2.0,Electronic check,No
C04814,49,Female,Central,40,26.39,1143.7,Month-to-month,DSL,2,2.0,Electronic check,No
C04815,60,Female,West,72,36.18,2726.71,One year,Fiber optic,0,2.0,Credit card,No
C04816,34,Male,East,57,76.91,4414.64,Month-to-month,DSL,2,7.0,Electronic check,No
C04817,67,Male,Central,37,112.24,4258.2,Month-to-month,Fiber optic,1,3.0,Bank transfer,No
C04818,36,Female,East,23,133.39,2829.22,Month-to-month,Fiber optic,3,10.0,Mailed check,Yes
C04819,48,Male,East,61,84.93,5225.39,One year,Fiber optic,4,5.0,Mailed check,No
C04820,71,Male,South,62,65.88,4074.83,Two year,No,3,7.0,Electronic check,No
C04821,48,Female,Central,27,30.12,887.52,Two year,Fiber optic,3,6.0,Mailed check,No
C04822,56,Male,West,8,92.13,849.88,Month-to-month,DSL,4,9.0,Electronic check,No
C04823,69,Male,South,42,68.71,2728.16,Month-to-month,Fiber optic,2,2.0,Credit card,Yes
C04824,73,Male,West,46,129.55,5942.8,Two year,DSL,2,8.0,Electronic check,No
C04825,46,Male,West,68,80.21,5654.45,Month-to-month,No,2,6.0,Bank transfer,No
C04826,41,Male,North,65,113.03,7392.54,One year,Fiber optic,3,5.0,Electronic check,No
C04827,29,Female,North,17,122.54,2068.14,Two year,DSL,2,7.0,Bank transfer,No
C04828,48,Female,East,19,36.3,507.02,Month-to-month,DSL,1,6.0,Bank transfer,No
C04829,70,Female,West,72,75.7,5531.82,Month-to-month,DSL,3,7.0,Credit card,No
C04830,45,Male,West,24,127.78,2858.18,Two year,No,4,6.0,Bank transfer,Yes
C04831,37,Male,South,34,73.81,2482.78,One year,DSL,3,2.0,Electronic check,No
C04832,24,Female,Central,22,89.99,1906.1,Two year,DSL,3,4.0,Electronic check,No
C04833,40,Male,East,29,125.41,3695.9,One year,No,1,10.0,Credit card,No
C04834,31,Female,South,41,51.75,2031.95,Month-to-month,DSL,3,1.0,Bank transfer,Yes
C04835,73,,North,22,127.88,2764.09,One year,DSL,2,3.0,Electronic check,No
C04836,48,Female,Central,30,70.66,1983.19,One year,Fiber optic,6,8.0,Bank transfer,No
C04837,25,Female,West,26,93.2,2385.93,Two year,DSL,2,2.0,Electronic check,No
C04838,21,Female,East,8,62.72,533.97,Month-to-month,No,4,1.0,Bank transfer,Yes
C04839,66,Male,South,57,85.62,4828.23,Month-to-month,Fiber optic,3,8.0,Electronic check,No
C04840,71,Male,North,65,30.67,1946.52,Month-to-month,DSL,1,3.0,Credit card,Yes
C04841,61,,North,36,32.5,1194.68,Month-to-month,Fiber optic,1,3.0,Credit card,Yes
C04842,25,Male,North,15,72.69,1240.51,Two year,DSL,2,5.0,Credit card,No
C04843,23,Female,East,47,63.52,3097.13,Two year,Fiber optic,2,9.0,Electronic check,No
C04844,29,Male,North,39,95.82,3542.91,Month-to-month,Fiber optic,4,10.0,Credit card,No
C04845,60,Female,North,40,29.36,1289.51,Two year,Fiber optic,4,3.0,Electronic check,No
C04846,61,Male,South,43,44.28,2109.22,Month-to-month,Fiber optic,4,4.0,Electronic check,No
C04847,65,Female,West,52,49.1,2659.05,Two year,Fiber optic,3,6.0,Electronic check,No
C04848,23,Female,East,3,75.66,75.66,One year,DSL,2,8.0,Mailed check,Yes
C04849,26,Female,North,8,53.39,466.83,One year,No,4,1.0,Electronic check,No
C04850,69,Male,West,7,40.83,493.33,One year,DSL,3,5.0,Credit card,No
C04851,70,Male,East,12,93.72,1057.35,One year,No,1,2.0,Electronic check,Yes
C04852,59,Male,North,70,110.55,8038.5,Two year,Fiber optic,1,3.0,Credit card,No
C04853,24,Female,West,53,103.81,5201.93,Month-to-month,DSL,3,7.0,Electronic check,Yes
C04854,21,Male,Central,48,56.76,2746.4,Two year,Fiber optic,4,1.0,Electronic check,Yes
C04855,21,Female,East,51,123.26,6394.77,Month-to-month,No,1,9.0,Mailed check,No
C04856,57,Male,North,3,95.36,311.89,Month-to-month,No,2,1.0,Mailed check,Yes
C04857,66,Male,South,16,95.69,1554.14,One year,Fiber optic,4,9.0,Electronic check,Yes
C04858,54,Female,East,58,49.48,2713.82,One year,Fiber optic,6,5.0,Bank transfer,No
C04859,32,Male,Central,34,52.85,1710.6,Two year,Fiber optic,3,6.0,Mailed check,No
C04860,61,Male,Central,37,79.6,3031.25,Month-to-month,DSL,2,5.0,Mailed check,No
C04861,21,Female,Central,55,52.35,2579.25,Month-to-month,Fiber optic,2,4.0,Electronic check,No
C04862,65,Female,Central,6,104.13,760.58,Month-to-month,DSL,0,7.0,Bank transfer,No
C04863,68,Female,East,58,60.48,3490.73,Two year,No,5,4.0,Electronic check,Yes
C04864,58,Female,West,50,42.47,2206.34,Two year,Fiber optic,1,1.0,Credit card,No
C04865,68,Female,West,30,42.44,1400.16,Two year,Fiber optic,2,1.0,Credit card,No
C04866,51,Female,West,36,39.63,1726.68,Month-to-month,Fiber optic,2,3.0,Bank transfer,No
C04867,44,Male,West,6,75.57,663.23,Two year,Fiber optic,3,3.0,Mailed check,Yes
C04868,36,Male,North,15,25.35,199.99,Month-to-month,DSL,1,1.0,Electronic check,Yes
C04869,70,Male,Central,18,87.37,1872.66,Two year,DSL,3,1.0,Electronic check,No
C04870,57,Female,North,64,59.3,3495.2,One year,DSL,1,9.0,Credit card,No
C04871,28,Female,East,9,88.54,730.3,Month-to-month,DSL,3,5.0,Credit card,Yes
C04872,72,Male,East,21,132.57,2810.01,One year,Fiber optic,2,4.0,Credit card,Yes
C04873,21,Female,Central,10,124.94,1200.8,One year,Fiber optic,4,10.0,Bank transfer,No
C04874,51,Male,North,21,91.29,1959.35,Month-to-month,Fiber optic,3,6.0,Bank transfer,Yes
C04875,28,Female,East,1,73.08,73.08,Month-to-month,No,2,2.0,Bank transfer,Yes
C04876,55,Female,South,20,105.31,2298.91,One year,No,4,8.0,Electronic check,No
C04877,41,Female,North,53,131.16,6879.14,Two year,DSL,1,8.0,Electronic check,No
C04878,42,Female,South,56,81.3,4535.45,One year,Fiber optic,2,3.0,Mailed check,Yes
C04879,56,Female,East,28,36.42,1285.49,Month-to-month,No,1,7.0,Credit card,No
C04880,61,Male,Central,51,113.1,5913.32,One year,DSL,0,2.0,Bank transfer,No
C04881,39,Male,South,45,26.21,1153.97,Month-to-month,Fiber optic,2,10.0,Electronic check,No
C04882,74,Female,Central,66,112.93,7524.23,Month-to-month,No,3,6.0,Bank transfer,No
C04883,46,Male,West,58,34.77,2297.56,Month-to-month,Fiber optic,3,3.0,Electronic check,No
C04884,27,Male,Central,17,37.26,425.73,Month-to-month,No,0,10.0,Bank transfer,No
C04885,18,Male,Central,43,114.9,4777.58,Month-to-month,No,0,6.0,Electronic check,No
C04886,29,Female,West,57,104.29,5858.34,Month-to-month,DSL,0,9.0,Electronic check,Yes
C04887,57,Female,West,23,89.62,2093.84,Month-to-month,Fiber optic,2,1.0,Electronic check,Yes
C04888,48,Female,North,42,119.37,5158.8,One year,No,1,4.0,Electronic check,No
C04889,37,Female,West,29,122.91,3449.66,Month-to-month,DSL,2,5.0,Mailed check,Yes
C04890,45,Female,North,23,77.61,1643.78,Month-to-month,DSL,2,3.0,Credit card,No
C04891,65,Female,West,15,139.57,1896.8,Month-to-month,DSL,2,6.0,Credit card,No
C04892,50,Female,West,3,66.12,66.12,One year,Fiber optic,4,4.0,Electronic check,Yes
C04893,21,Male,West,54,44.72,2316.52,Two year,Fiber optic,2,9.0,Credit card,No
C04894,20,Female,West,59,122.29,6915.11,Month-to-month,No,4,3.0,Electronic check,No
C04895,45,Male,South,47,72.79,3336.93,One year,DSL,0,2.0,Credit card,No
C04896,41,Female,South,18,125.57,2102.83,Two year,Fiber optic,2,10.0,Mailed check,No
C04897,66,Female,East,2,32.03,39.48,One year,DSL,1,8.0,Electronic check,No
C04898,51,Female,East,46,37.77,1992.13,Month-to-month,No,1,1.0,Bank transfer,No
C04899,61,Female,South,15,29.63,205.43,Month-to-month,Fiber optic,0,9.0,Mailed check,No
C04900,51,Female,East,40,94.23,3921.29,Month-to-month,Fiber optic,3,2.0,Mailed check,No
C04901,37,Female,East,70,120.66,8696.35,Month-to-month,DSL,3,7.0,Bank transfer,No
C04902,55,Male,South,1,71.31,216.04,Month-to-month,DSL,1,1.0,Mailed check,Yes
C04903,53,Male,West,42,35.43,1539.42,Two year,DSL,3,3.0,Credit card,No
C04904,59,Female,South,72,67.95,5089.5,Month-to-month,No,2,9.0,Credit card,No
C04905,28,Female,South,25,65.03,1720.68,Month-to-month,DSL,2,1.0,Bank transfer,Yes
C04906,54,Male,East,59,99.0,6007.6,Two year,No,2,5.0,Electronic check,No
C04907,34,Female,North,60,100.0,6017.8,One year,DSL,4,4.0,Electronic check,No
C04908,63,Female,West,36,36.85,1167.55,Month-to-month,Fiber optic,4,3.0,Credit card,No
C04909,63,Female,West,23,73.32,1860.92,Two year,DSL,2,2.0,Electronic check,No
C04910,53,Male,Central,49,98.89,5145.61,Month-to-month,DSL,2,4.0,Credit card,Yes
C04911,71,Female,South,45,54.77,2413.59,Month-to-month,Fiber optic,5,4.0,Bank transfer,Yes
C04912,48,Male,East,35,71.81,2516.74,Month-to-month,Fiber optic,3,2.0,Bank transfer,Yes
C04913,19,Male,East,14,95.57,1354.78,Month-to-month,Fiber optic,1,8.0,Credit card,No
C04914,52,Female,West,54,71.33,3631.47,One year,Fiber optic,2,2.0,Credit card,No
C04915,62,Female,West,16,28.55,329.56,Month-to-month,DSL,2,4.0,Electronic check,No
C04916,23,Male,Central,10,50.6,551.68,One year,Fiber optic,1,10.0,Electronic check,No
C04917,23,Male,Central,5,114.25,557.17,Month-to-month,Fiber optic,1,4.0,Electronic check,No
C04918,33,Male,North,33,53.58,1770.65,Two year,DSL,4,7.0,Mailed check,No
C04919,66,Female,South,9,119.04,1075.34,Month-to-month,Fiber optic,8,5.0,Mailed check,Yes
C04920,48,Female,West,25,78.69,1949.82,Two year,DSL,2,7.0,Credit card,Yes
C04921,73,Male,East,18,79.39,1314.16,Month-to-month,DSL,0,8.0,Credit card,No
C04922,67,Male,East,34,113.61,3927.98,Two year,DSL,1,5.0,Mailed check,No
C04923,49,Female,North,56,69.08,3917.76,Two year,Fiber optic,3,7.0,Electronic check,No
C04924,56,Male,East,33,52.43,1598.15,One year,DSL,0,5.0,Electronic check,No
C04925,36,Male,West,41,37.08,1582.49,Month-to-month,No,2,4.0,Credit card,No
C04926,23,Male,North,11,102.27,1031.45,One year,Fiber optic,1,8.0,Credit card,No
C04927,40,Female,East,9,79.04,809.32,One year,DSL,1,4.0,Mailed check,No
C04928,51,Male,Central,71,118.08,8377.2,One year,Fiber optic,2,1.0,Bank transfer,No
C04929,28,Male,East,45,77.63,3552.48,One year,DSL,6,3.0,Mailed check,No
C04930,30,Male,Central,2,72.7,171.8,Two year,DSL,1,7.0,Bank transfer,Yes
C04931,18,Male,South,41,59.37,2425.72,Two year,No,3,7.0,Mailed check,No
C04932,59,Male,North,1,47.93,96.99,Month-to-month,Fiber optic,1,6.0,Bank transfer,Yes
C04933,69,Male,West,6,120.5,849.32,Month-to-month,DSL,0,5.0,Credit card,No
C04934,65,Male,South,27,35.95,988.72,Month-to-month,No,1,4.0,Credit card,No
C04935,39,Male,North,48,128.74,6195.16,One year,No,5,1.0,Mailed check,Yes
C04936,51,Male,North,45,28.09,1210.97,Two year,Fiber optic,1,3.0,Electronic check,No
C04937,72,Female,Central,57,85.06,4575.62,Month-to-month,Fiber optic,1,10.0,Credit card,No
C04938,51,Male,West,13,31.71,417.29,Month-to-month,Fiber optic,4,9.0,Credit card,No
C04939,34,Female,South,14,114.65,1415.15,Month-to-month,Fiber optic,3,1.0,Bank transfer,Yes
C04940,37,Female,East,39,49.32,1838.59,Month-to-month,Fiber optic,1,10.0,Credit card,No
C04941,59,Female,South,63,90.08,5545.14,Two year,No,3,8.0,Credit card,No
C04942,43,Female,North,53,130.39,6803.03,One year,Fiber optic,2,1.0,Bank transfer,No
C04943,65,Female,Central,49,99.66,4785.06,Month-to-month,DSL,4,5.0,Credit card,No
C04944,67,Male,Central,7,45.51,391.4,Month-to-month,DSL,0,2.0,Electronic check,Yes
C04945,20,Male,South,64,116.62,7513.59,Month-to-month,Fiber optic,0,8.0,Bank transfer,No
C04946,59,Male,South,71,75.77,5396.31,One year,DSL,0,7.0,Electronic check,No
C04947,39,Female,Central,42,26.52,1295.26,One year,DSL,3,3.0,Bank transfer,Yes
C04948,47,Female,East,25,80.98,2324.5,Month-to-month,Fiber optic,1,8.0,Mailed check,Yes
C04949,33,Female,South,48,118.44,5761.24,Month-to-month,No,2,3.0,Electronic check,Yes
C04950,38,Female,South,47,74.45,3635.36,Two year,DSL,0,5.0,Electronic check,No
C04951,36,Male,East,67,112.22,7560.79,Two year,DSL,3,2.0,Electronic check,Yes
C04952,20,Male,East,8,106.14,946.31,One year,No,2,10.0,Bank transfer,Yes
C04953,62,Male,North,38,77.54,2702.87,Month-to-month,Fiber optic,2,2.0,Electronic check,No
C04954,26,Male,East,52,62.18,2933.36,Two year,Fiber optic,1,9.0,Credit card,No
C04955,39,Female,East,26,108.55,2522.3,One year,Fiber optic,2,9.0,Credit card,No
C04956,29,Male,South,61,67.43,4019.54,Two year,Fiber optic,1,2.0,Bank transfer,No
C04957,27,Female,South,5,44.56,427.83,Month-to-month,DSL,4,2.0,Bank transfer,No
C04958,39,Female,East,8,61.9,533.5,Month-to-month,Fiber optic,1,2.0,Credit card,Yes
C04959,70,Male,South,57,125.84,7114.28,Month-to-month,Fiber optic,2,9.0,Credit card,No
C04960,71,Female,Central,10,57.59,661.32,Two year,DSL,2,1.0,Bank transfer,Yes
C04961,39,Male,East,31,52.02,1665.59,One year,DSL,1,,Credit card,No
C04962,46,Female,East,21,40.34,643.87,Month-to-month,Fiber optic,2,9.0,Credit card,Yes
C04963,74,Female,South,50,31.35,1637.83,Two year,Fiber optic,2,3.0,Electronic check,No
C04964,31,Male,Central,1,137.32,262.17,Two year,Fiber optic,3,6.0,Electronic check,Yes
C04965,71,Female,North,26,86.73,2554.98,Month-to-month,Fiber optic,3,1.0,Credit card,No
C04966,24,Male,East,71,108.91,7720.68,One year,Fiber optic,3,10.0,Credit card,Yes
C04967,30,Female,North,27,113.89,3329.1,One year,DSL,3,7.0,Bank transfer,Yes
C04968,37,Male,West,44,65.52,2822.16,Month-to-month,No,0,8.0,Mailed check,No
C04969,20,Male,South,72,116.87,8714.64,One year,No,0,3.0,Electronic check,No
C04970,64,Male,South,44,135.57,5875.83,Month-to-month,DSL,3,8.0,Credit card,No
C04971,66,Male,North,55,110.3,6162.9,Two year,Fiber optic,2,7.0,Bank transfer,No
C04972,39,Male,West,70,106.85,7522.5,Two year,DSL,1,2.0,Electronic check,No
C04973,65,Female,South,45,74.71,3585.42,Two year,No,1,6.0,Credit card,No
C04974,62,Female,South,60,121.75,7508.22,One year,Fiber optic,1,2.0,Credit card,Yes
C04975,63,Female,Central,37,35.22,1146.77,Month-to-month,Fiber optic,1,7.0,Credit card,No
C04976,63,Male,North,59,111.21,6510.95,Month-to-month,No,2,10.0,Electronic check,No
C04977,50,Male,East,47,66.63,3431.61,One year,Fiber optic,0,9.0,Electronic check,No
C04978,24,Female,North,25,90.09,2267.11,Month-to-month,DSL,1,5.0,Electronic check,No
C04979,70,Male,North,41,127.69,5357.38,One year,Fiber optic,2,9.0,Mailed check,No
C04980,52,Male,North,25,94.58,2203.95,Month-to-month,Fiber optic,4,10.0,Electronic check,No
C04981,69,Male,North,29,27.94,773.38,Month-to-month,Fiber optic,3,5.0,Electronic check,No
C04982,72,Male,Central,22,108.1,2271.9,Month-to-month,Fiber optic,1,4.0,Credit card,Yes
C04983,28,Male,East,36,131.84,4885.14,One year,Fiber optic,1,2.0,Mailed check,Yes
C04984,40,Female,Central,25,98.83,2581.39,Month-to-month,Fiber optic,5,7.0,Electronic check,No
C04985,28,Male,South,46,124.06,5890.3,One year,No,3,4.0,Bank transfer,Yes
C04986,20,Female,West,27,119.91,3074.78,Month-to-month,Fiber optic,3,6.0,Electronic check,Yes
C04987,73,Male,North,36,124.05,4548.1,One year,Fiber optic,0,10.0,Electronic check,No
C04988,70,Male,North,11,64.57,713.3,One year,Fiber optic,2,1.0,Mailed check,Yes
C04989,71,Female,North,28,79.53,1926.84,One year,DSL,3,3.0,Bank transfer,No
C04990,68,Female,Central,26,122.52,3255.0,Month-to-month,DSL,1,6.0,Credit card,No
C04991,54,Male,West,70,129.7,9272.8,Month-to-month,No,4,8.0,Electronic check,No
C04992,47,Male,West,33,41.89,1617.98,Month-to-month,Fiber optic,2,10.0,Credit card,No
C04993,74,Female,Central,2,45.88,86.46,One year,Fiber optic,3,9.0,Electronic check,No
C04994,49,Male,South,23,64.89,1616.9,Month-to-month,DSL,1,5.0,Credit card,No
C04995,54,Female,West,53,113.58,6101.55,Two year,DSL,2,6.0,Bank transfer,No
C04996,30,Male,East,12,125.62,1393.42,One year,DSL,1,5.0,Credit card,No
C04997,60,Female,East,12,91.73,966.26,Month-to-month,Fiber optic,0,2.0,Bank transfer,Yes
C04998,64,Male,West,27,38.03,1019.63,Two year,Fiber optic,3,8.0,Electronic check,No
C04999,56,Female,East,26,59.93,1522.82,One year,DSL,2,9.0,Bank transfer,No
C05000,46,Female,North,35,123.56,4337.83,Month-to-month,Fiber optic,5,8.0,Mailed check,Yes
